bootstrap_id,attempt_id,k_early,speed_exponent,feed_exponent,depth_exponent,amplitude_r2
0,1,0.01731716655391854,7.065199188190525,1.7852014705161265,0.06882637251497492,0.9943183462495114
1,3,0.01743519215299542,7.063133551980983,1.8169011162857702,0.05200893380724331,0.9942216693452792
2,4,0.01793910597852665,-0.11519437414767293,3.899298757420685,0.6262946056453025,0.6724194439623354
3,5,0.017952640810916153,-6.404499412040003,4.277318949982522,1.1178686176076615,0.9580790828322434
4,6,0.01771376978843695,0.7583875157320094,4.652200914724458,1.5422841273423886,0.8173459715532522
5,7,0.017438463423640426,-1.2979538528495087,3.848023165655075,1.4701699398958015,0.84672883500418
6,8,0.015405869659738211,8.075937442369243,2.057686938959481,-0.599815299253232,0.9932081605626446
7,9,0.017627323893138057,6.8955987038833655,3.7905073872128314,-0.04203682794701136,0.999033550134988
8,11,0.019777916964625317,3.030272557152789,4.13849766602976,0.9551381929327554,0.7626322241796128
9,12,0.01907399776087856,0.6750118944889006,4.122005451590181,0.5790857881062683,0.8061927419881023
10,13,0.018700977112141297,0.36453373345507334,4.441332070910996,0.22780784023930511,0.7389780316916602
11,14,0.01909490464688112,0.16133397783990508,3.920776258752319,0.8469485948255759,0.8250611441290802
12,15,0.01701054927713378,-3.612042701781246,4.551129284527814,1.2101497727867025,0.8505235054815078
13,16,0.01829263415958527,1.499084748992731,4.239707727132037,0.879645191910125,0.7467669401971833
14,17,0.01743223889231051,5.939999914983097,3.1137088666294335,-0.2561212293868307,0.9785131364646501
15,18,0.017277243978277755,-0.8335190515984215,3.8051485115233814,1.2492542219943616,0.8023630772532405
16,19,0.018436376141626895,9.02306685932733,6.755860168491353,2.3063838787793918,0.8726058554392306
17,20,0.019170356017555748,-5.837189016344986,3.909218807474073,1.5919080633580274,0.9963312099744993
18,21,0.01995627518539588,-4.2218035543868435,5.136784832026272,-0.0642505144859058,0.9262660140236029
19,22,0.019690322671045368,0.9658290544413315,5.088028774347756,0.45453255198933284,0.7860500991601405
20,23,0.019078205055906943,-6.171002635136904,3.8680686040852934,1.5830399313058074,0.9969021906397009
21,24,0.019388503602632425,-3.7879082004961875,4.469247039035849,0.6926858994689913,0.8742490223397208
22,25,0.018369108365620574,-5.177769129800702,3.7329128348964624,1.3149339492732404,0.9343586469006027
23,26,0.020437588596923427,-0.3733342289242391,3.2945000970321563,1.003634111620869,0.7392287261088482
24,27,0.018414206807180113,-4.233404188578009,4.056125683877344,1.4200463170850381,0.9212152885113541
25,28,0.019031763865780857,-0.32375712170618387,3.6374578110075424,0.8629068858118394,0.800244233114772
26,29,0.017165490980840137,7.064870127853641,2.4875846986597976,-0.07687354417558856,0.9659090169668508
27,30,0.01754611785923109,1.5312093465050485,4.195658669673096,0.8322379541737086,0.6907589122806417
28,32,0.021180644605110415,-0.3885829117132309,5.798068223152261,-0.06614389648946561,0.9060905020846284
29,33,0.018961301814221287,-2.5370477449997617,4.245349395381856,0.5788544394958564,0.8579877511274564
30,34,0.016323781014736825,4.559524104345753,2.493632334931019,-0.07847131763336179,0.9924501580373755
31,35,0.018262292580037316,-5.543370434918446,4.454629187168418,0.8414561388078843,0.9161144240557392
32,36,0.018232062624146006,8.218165379835371,5.37768536043848,1.0591897078574029,0.4843510245098668
33,37,0.016356116915068834,4.597670731745543,2.584239814730569,-0.006745802255819555,0.993028873352594
34,38,0.01819160377266547,0.7702342487104669,3.992719945230328,0.6631590994551884,0.72270685580501
35,39,0.018522498495888697,-5.073886205587948,4.209151656651487,0.5390175425684305,0.6390265047840016
36,40,0.01711801289336376,7.980361956737615,2.964899330257059,0.23650848394689428,0.9600700675198804
37,41,0.015682284208248694,0.7427674935067929,5.535593327102086,1.6925231218983054,0.8398268006600502
38,42,0.015775907099366302,7.587363292385126,2.3179819072980674,-0.5632552731359195,0.9951640930492333
39,43,0.0177090583701447,-2.422370555704496,3.9381404930297053,1.1669378281533787,0.8651301552437911
40,44,0.019619854973268194,-0.6640509492165737,3.9595471330840706,1.2415293540694101,0.7960815423757384
41,45,0.01628194156125051,4.552561098808692,2.6631686256255835,-0.027577197198004555,0.9888224859324808
42,47,0.016862105402971412,5.936404548318111,2.0027496020424977,-0.25083818550096426,0.9048704234182368
43,48,0.016309660742415816,4.537821356548378,2.6541342281816807,-0.013947735718075727,0.9924209256817512
44,49,0.016233821292721468,5.248040666973657,2.226994279424858,-0.3060939904082314,0.9620056820017877
45,50,0.01741657966239862,5.842282309434786,3.0579539776528932,-0.2833323525553082,0.9788438322376233
46,51,0.02325362011507998,-0.778389377800866,2.181585190306203,1.5720009847043048,0.8015313279855969
47,52,0.01580168855864506,-4.8525439654709315,4.705430928208339,1.0292137699788504,0.8254827503484714
48,54,0.016894516172460346,5.915203632155291,2.732145428944822,-0.060995558571984354,0.9502055502697495
49,55,0.019826080485829532,-3.5097713724972044,3.9342552294224475,0.8508728705645328,0.8283590192625565
50,56,0.021022301176393456,0.41004676020077924,4.54219715901582,0.7794691567416079,0.8798285766414807
51,57,0.01710030695152262,-4.6042288116354335,3.9921388953979835,1.0541706430390057,0.8721042124882807
52,58,0.019944413031617616,-3.6624761068857863,3.0887725916847035,0.6289099327146839,0.7298498006158247
53,59,0.016578006656217385,-0.48640294893656183,4.086949722824115,2.358780161571766,0.9142373529407655
54,60,0.019942754820043387,-1.3022305292467156,4.8971637997242,0.39711313250138325,0.8100449996874088
55,61,0.016589359497170962,3.77105120292362,2.8242954410510794,0.149670906086101,0.9893550257595135
56,62,0.018893869563556334,-6.148077699127839,4.032786296710377,1.5580552067384907,0.9982208102976751
57,63,0.019117280813374347,-5.922493676808445,3.9860743955664946,1.5405237060810224,0.9949473508491249
58,64,0.015451297876807888,8.009213456927778,2.081138128523896,-0.5950390332052815,0.9933594264625599
59,65,0.01985173621106033,-2.708526171659553,4.142570013806216,0.881705745189977,0.8654356594861006
60,67,0.019663777796099242,0.3869624868210986,4.528631664340457,0.7643279273526664,0.8107024624556497
61,68,0.01733723388847704,7.284868465605004,1.624115881026905,0.12817695363610238,0.9952168386199837
62,69,0.018912166877747348,1.7925317678807178,4.266751163459664,0.6368477690398717,0.7780383478716266
63,70,0.01776736609685141,-0.8285562637926405,4.395004800647293,0.3767038864786243,0.6907883356203453
64,72,0.017212500053604432,5.165615862223135,2.1251183440911774,-0.293829082818841,0.9286999141314319
65,73,0.021209316083562232,4.099071523476608,6.655705004815439,0.5993992881791783,0.9216100770664987
66,74,0.019002063500713148,-5.88203550822874,4.051157109947053,1.5583534881767074,0.9979980684977198
67,75,0.01929087588927512,1.3740152291350773,5.19159229836704,0.9704998633876398,0.7828734776827035
68,76,0.02128513201590375,2.8725717207261043,5.802509181892019,0.39233502835942113,0.872629496404588
69,78,0.0168628962822198,-2.5204443434714534,4.364167921577734,1.1477713295493674,0.8561349599353958
70,79,0.01669208426398425,4.36469556904919,2.6938779629368903,-0.015509668226697748,0.9801850160927288
71,80,0.018681991041466114,-4.844064438395134,5.290903780342132,0.3716346493368956,0.8317734499637659
72,81,0.016926664134337462,-0.9659250312092098,5.908451776197868,0.7390128641656837,0.6769887963741035
73,82,0.01792844515391634,-2.9410454099994894,3.740758217659645,1.042897681468851,0.8682353141268981
74,83,0.01632472218677571,-0.9442358039164235,5.115917804041777,2.1057117065023716,0.8989884919139977
75,84,0.019938048788810257,-6.097662391153183,5.612706668661231,-0.40648585561806794,0.8889735010566522
76,85,0.016778053335629515,5.369113771462436,2.6863433156034144,-0.19120337457541525,0.9696290032764545
77,86,0.017638321871344585,-7.572983799096927,4.749824485229137,0.8884762017099215,0.9516217554282512
78,87,0.019510734950498803,1.0119944155241358,4.440920478058347,0.24323782687869228,0.7894770225991601
79,88,0.0179312288565357,-0.3633052226388572,4.0473010295793035,1.3305996109665705,0.8353080396133329
80,89,0.01662101863774396,3.460056520019219,2.8188643412202983,0.235038048999771,0.9834785967787375
81,91,0.018919532738373445,-4.734120104043563,4.163492465738729,1.7190465761158853,0.9990206723255132
82,92,0.022015783310995293,-4.561202456909995,2.440094512323851,0.32891940301520983,0.6721899740844173
83,93,0.0165139937075398,8.509242287972032,2.6080273828588547,0.11103673438048833,0.9529917615100422
84,95,0.01659960391935547,5.89330327443348,2.4098471124717826,-0.23567731589920404,0.9444794598005396
85,96,0.016288490297414474,6.261845342846468,2.321403854505922,-0.27859769330752227,0.9837733184237
86,97,0.01697479213998386,2.6855615667727304,6.6133888267329075,0.01641959793175385,0.6805147014121239
87,98,0.01713903392300799,6.767079854251154,2.4356167348979003,-0.104758447309653,0.9699224906249222
88,99,0.01665826918001741,5.174655756838616,2.452477852334461,-0.14091000531840736,0.9591322899298401
89,100,0.02179310950965106,1.0810061767294896,5.429659324233258,0.2603293723172442,0.938825549283424
90,101,0.015956547854165677,-0.16531958959385967,4.882949753145905,1.6139816080580638,0.8501877280271007
91,102,0.016643245485070398,6.757199487318383,2.6276459920274666,-0.023506818297866605,0.9236572577380863
92,103,0.01686690142298594,3.719768732264074,2.7468961026892473,0.12070543886428897,0.9888428543473018
93,104,0.02031223123135464,1.4390445415279782,4.761021186286521,1.1356036134842125,0.8723050226031047
94,105,0.021850457022100186,1.7875103802572445,2.947231292492936,1.6888761252361177,0.862774195035476
95,106,0.017646328146846503,-2.437908226493908,3.9947279012887758,1.169906655775693,0.8468560175179298
96,107,0.016520914137594486,3.2241535842263347,2.826344912381564,0.0958063601843615,0.9822049380360759
97,108,0.016260962585555396,6.0176469409429485,2.399267109757686,-0.3564841165484487,0.9845039460983537
98,109,0.019748496600980252,0.5003387228009255,4.8449925047448,1.022360664872778,0.8630646592217918
99,110,0.018550988149518877,6.392938569853337,5.642050113666296,1.624661679444411,0.8228596619516835
100,111,0.01629466057976326,-6.409172154050272,5.407925995050179,0.9104593203654816,0.8820960219110452
101,112,0.017706446548060254,-0.027399411587423143,4.345145662355495,1.4638998430200911,0.879194100175956
102,113,0.019721063321737342,-0.8990441505759313,4.3053127303757295,0.3809033062705627,0.8490724751554806
103,114,0.01842692494582108,0.2345000832848804,5.1707495310925164,0.550845376767473,0.5784529572318343
104,115,0.017082121238958397,4.87977291289484,2.416211006824372,-0.04531255159036318,0.9670581228149651
105,116,0.015394682179559992,8.12133117411953,2.168725072507932,-0.6104857498397211,0.9919685837816825
106,117,0.015624913973092918,7.740114755949263,2.1138739003153626,-0.5693643378695987,0.9931678918896871
107,118,0.02008716428369418,7.014387891582682,6.255935072252273,1.901889975440327,0.9235157966730462
108,119,0.016400673372443518,4.281806529269471,3.121100819214589,0.406549324879224,0.9953043727435675
109,120,0.01690545037242542,2.5456055037726806,2.9026700372044782,0.30328425679597193,0.9928433629701494
110,121,0.01697241168851475,-1.147166000894269,4.040616922469128,1.0216527938151767,0.7799074954116545
111,122,0.01689949519870409,6.530454006847258,2.3214232224972617,0.019772671205354975,0.9623088619112704
112,124,0.018702582406881038,-2.521074122753423,3.8581848422060836,0.7378022868290799,0.7851041188713926
113,125,0.020187926470055507,1.0332549397907194,4.773672819601719,1.0766548522867196,0.8629974002582561
114,127,0.01673756509103382,5.137736677311441,2.761575485319118,-0.3385760325317575,0.9668081848728005
115,128,0.018063911699964894,1.5842126822944202,4.163317165314643,0.9804394732664647,0.7181548477771901
116,129,0.018029456435458186,-7.49122000913117,4.364308330331837,1.1163580279177971,0.9743713161670453
117,130,0.019453054329495022,-3.0690864705034775,4.177393699248051,0.6901252571654295,0.8052559439679703
118,131,0.017898035662482114,1.2148646877707967,4.0002413075229315,0.9163316779709514,0.7334054187261831
119,132,0.016377067575520883,5.39989567773541,2.222898792330777,-0.29815333644916575,0.9759294950858264
120,133,0.019694663724916923,4.2665804626143515,4.518875679969519,0.8002409089247382,0.7646661857180196
121,134,0.017948870112166906,2.849271250955104,4.530341600409956,0.5144221298333962,0.6715099450880229
122,135,0.016295223991245757,4.501200338037688,2.9166229911158257,0.2304221514512288,0.9999055104929675
123,136,0.016872717847019634,5.873877868675105,2.3874750341860302,-0.09106162587499633,0.9746228567666207
124,137,0.018538170156273695,0.2509891666267817,4.126454477591304,0.7938913098869613,0.7679312898849464
125,138,0.019396285024584393,1.4809955143340214,3.9772489831681113,0.6887214882407862,0.7585695217305679
126,139,0.01656890867061051,4.26229184453698,2.690626483905215,0.10453485339516577,0.986952595429487
127,140,0.018897901429861523,-4.282593959533571,3.8151556368197106,1.2101832110687467,0.9429919348579432
128,142,0.020891392699469352,-3.8509923111339677,4.42456107984865,-0.2836106405856045,0.8538779614666474
129,143,0.016586770432809178,3.808965368027897,2.7995892592517677,0.15605585243212516,0.987620237390477
130,144,0.01904234400672691,-5.662911097051675,4.036292805450548,1.589880893205882,0.9973933604434544
131,145,0.01663639887185168,3.886757585475046,2.7401809101658783,0.1385537793763758,0.988322477039364
132,146,0.019591369965966072,-4.2756870364664055,4.542386136538019,0.7441877488588906,0.8738808350495497
133,147,0.018546106263012178,1.6346902417834426,3.9541750924197268,0.846314630692147,0.7586437917162572
134,148,0.019912389759338147,-1.1872493144515304,4.583140992026429,-0.02423332643775833,0.7914299092325132
135,149,0.01970885826963487,-0.7567438329746873,4.0080665286339325,1.2225892590117033,0.8596866830705117
136,150,0.016876104735687295,5.589639930825434,2.6490601598485966,-0.0023955809849355095,0.9570409792658925
137,151,0.018858367717157504,-1.0945036125198087,4.1198361863568715,1.0036767015953862,0.7334992668208387
138,152,0.019590832777303828,-2.5754718090622393,3.7775296151114754,0.990015579366425,0.8756986780136541
139,153,0.02089594084053719,-4.916130775256736,2.9582427511662606,0.35772980362514284,0.772498818267501
140,154,0.017334623809335568,7.152748950736182,1.7423774418207307,-0.0034627074798512236,0.9924049611980851
141,155,0.017247066255628867,-1.6430181014689547,4.789680932679304,1.7180456927368652,0.8937221630365675
142,156,0.018411852175428452,-3.161940845679632,3.7412616082478842,1.2714726373143979,0.9013029114433622
143,157,0.016281145972829664,1.4717944613131106,5.293708393875836,1.8574045302522881,0.8639101268674794
144,158,0.020071323156690902,3.2068407593199213,5.030067565278556,0.10254976167785479,0.8059328458600006
145,159,0.01910323425427694,0.3743477410067278,4.396588368713752,0.4192233099519669,0.8144092799133201
146,161,0.017116238517612063,5.040959512226168,2.9637163040178303,-0.12775462217411127,0.9633674952645979
147,162,0.016583717323069572,4.121488734839992,2.5932335441882675,0.13501994258327477,0.9628097080975342
148,163,0.01641205874647727,5.909282043399517,2.304101866013987,-0.20256291596692722,0.976772696905344
149,164,0.0215753414365736,-1.167560660606157,4.329887934734161,1.1703583229287642,0.9502185210451384
150,165,0.01848207726692146,-0.21606637680088686,4.138935265137853,0.3870379396312833,0.7313122720304769
151,166,0.016945919957723606,5.171483292059679,3.05579164998909,-0.33204637312626417,0.9730494478035261
152,167,0.021633690505928706,1.7673976928472515,5.594350234591831,0.32444951686761847,0.9360594401020907
153,168,0.0184197585389555,-2.9387946684412602,3.747174649173487,1.3299358834380555,0.8933848493339357
154,169,0.019500802690848557,-3.247266728669077,3.9586655531605395,0.14892545662040346,0.7574933498728308
155,170,0.020198934367917615,3.30094358369517,5.264444169555647,0.17556568025942765,0.8063840061324402
156,171,0.01802939742948219,-3.2052210132586514,4.116803173184326,1.4094375466883093,0.8728249700981249
157,172,0.017132815902902606,-7.764358126614153,4.586361857506969,0.7653110172642141,0.9437616005059629
158,173,0.0203987122968673,3.6355399427040784,4.57272548409782,0.7720581473161641,0.7905981308725053
159,174,0.016515908474785214,6.437951185917138,2.6947441945615913,-0.308283211220969,0.9677835486157542
160,175,0.017682309993956473,-2.4805682258473647,3.9230757083773895,1.175491493033185,0.8585994562319492
161,176,0.01640375457126052,4.122760791424658,3.029376683718556,0.37518121960314765,0.9980795426679213
162,177,0.01859078588594191,1.6492916098928163,4.308552313100419,0.44961166843863465,0.7577260725206403
163,178,0.01870454153158267,-5.626874269784078,4.043524522607571,1.30014176053474,0.9548013685388376
164,179,0.0174334051932549,-3.8734398069681464,4.3232095493292935,1.2245069606211074,0.8491704165256525
165,180,0.019881902629479937,-3.5725516667896424,4.16179222867107,1.0178433970723946,0.8965868501080669
166,181,0.01965825844533848,-4.816334735803691,6.427282334226925,-0.7310186796316529,0.8646560714323402
167,182,0.02433161603915441,-7.849899026721972,2.256866573752834,0.37204238394672773,0.8526528190283741
168,183,0.018665833586635323,1.2760029433269677,3.998205448143617,0.8274340334459589,0.7553398974143237
169,184,0.01639739572957357,5.678484943591317,2.4588717863109677,-0.30814539280489295,0.9825950266531427
170,185,0.020711552908075893,3.1829893882695255,3.418414431286522,1.4083107801676227,0.8197262739682699
171,186,0.01695997126726765,5.592688431334557,2.4639942020862238,-0.04895546743886081,0.944716074692373
172,187,0.019743759511123445,5.892852915647024,5.498618113509562,1.8914123103521376,0.8885363667132842
173,188,0.01916020170038254,0.24810863461560412,4.358252670002093,0.39420532402531894,0.8182179414427486
174,189,0.017910369052280488,-4.976610641434055,3.8709095014763526,1.0751219527471818,0.9079194166278799
175,190,0.019328138957706666,-5.44038394313343,6.905756458003829,-0.650995840506992,0.9243585401091057
176,191,0.01616956850455251,4.295282322199598,2.3898832721109664,-0.09755420271468918,0.9932850799846709
177,192,0.015345578944865684,-10.682043676974349,4.891557869348841,0.9149705625352836,0.9093543597691555
178,193,0.016766399016431895,6.01658538195121,2.325005054194866,-0.04752609497797122,0.9700077386014745
179,194,0.0155414190482638,7.853872392856405,2.0102069372338014,-0.581767136975968,0.9952431894678296
180,195,0.018655629269105422,-3.8524174998915157,3.897621728765301,1.497775280904368,0.9155383171086484
181,196,0.022130347527289495,-7.14774427617356,2.9383805977999966,-0.2043593058169777,0.6048508777346728
182,197,0.020617113760686444,4.664429146784946,5.220052444350113,1.5936130858088204,0.8704535234869126
183,198,0.01714663193654836,-2.0109894051600223,4.860322798729432,1.881978357909482,0.9119465124198126
184,199,0.01835312406084178,2.6106904824479664,4.318421132364647,0.569636922399466,0.6932239125757305
185,200,0.02108092545298537,4.710399402878901,6.120861681295075,0.6568261312571133,0.906110400389966
186,201,0.018609528432534352,-4.097428879034928,5.097497032921472,0.3553955256385706,0.8398051114182565
187,202,0.018115597449812545,-3.438563734530961,3.8945951656311775,1.2666716058515681,0.9043918006713616
188,203,0.019944690388960486,2.8896698594759123,3.439618788480533,1.0856378415739854,0.7372457436180393
189,204,0.015525724796099202,7.822909092838053,2.0189314287671256,-0.5846914162952934,0.9952925786662055
190,208,0.02008465231590515,8.820711649021703,7.2280319478897805,1.010276308093446,0.889279676900057
191,209,0.016001936706143242,6.319889947602884,2.4534215755495117,-0.2557829628931845,0.9709900932355122
192,210,0.017423022242256465,4.5324596127464964,2.880103361320451,-0.10997145001887754,0.9815711024141601
193,211,0.019445335742564043,0.11976453183193872,4.4753769390883855,0.32508324301839986,0.8035118827191894
194,212,0.01698868141648214,6.0104910453430795,2.8866388181303764,-0.3802549368814865,0.9947139887129592
195,214,0.019519152775073996,-0.8681897858746985,7.929268294620635,-0.6564529576927791,0.9026405682201462
196,215,0.01713385065178637,7.027633273240202,2.7266797171076362,-0.04164275589540889,0.9552734411977072
197,216,0.019182907494820402,-0.43268638636570805,4.939749584895441,0.5247082399993688,0.7822286383198721
198,217,0.017527684503899382,-2.759518666571184,3.8415500344386464,0.9419659438163563,0.8366563928876911
199,218,0.016939271701218544,6.337467899580316,2.3812648670183667,-0.11069954298753326,0.9646896910438372
200,219,0.020343800618580363,-4.231474726249629,2.9536193516054037,0.2536933683790854,0.7546210631069423
201,221,0.01691673753029478,5.545835583328672,2.3183488866914455,-0.3107089599869646,0.9424123133100352
202,222,0.015900285528504907,-2.9133818765659822,5.2859194803347975,0.61298469956196,0.8070845408116659
203,223,0.020553199376111497,-1.0280552174525535,4.420402105373111,0.9334119083901933,0.9014058743139866
204,224,0.01676488465459343,5.327583642203155,2.5450262838547446,-0.14287359370746566,0.9719492970963467
205,225,0.02003460027043654,-3.62508202732868,3.033376935189999,0.6359441679267983,0.664502479759786
206,226,0.016677229674806653,-9.242776373098653,5.053574645102277,0.7120784212838913,0.9623455275819741
207,227,0.016963137457288058,5.866240873405441,2.9350415078670347,-0.2680985762203867,0.9678568126981715
208,228,0.01838529174032152,-2.1989990935090793,3.9215451611841403,0.6156154169292778,0.7717566282465115
209,230,0.021802856952483872,-13.836839334346124,5.4746700691497105,-1.6262720029295394,0.9911344429377834
210,231,0.016741675524485314,5.622236928127383,2.2872916633514806,-0.23851713435978417,0.9336695627765532
211,232,0.01678401025887563,5.363542629035364,2.567242991286519,-0.18253466879051408,0.9771968230797798
212,233,0.016396775369528428,4.312605257795757,2.9846453465120946,0.33260384608398075,0.9973329184520521
213,234,0.018123109386296115,3.8429651785382504,4.7680515334323585,1.0495090115697916,0.7621035522899373
214,235,0.018866927449899356,-0.6383377025237987,4.168000103670984,0.4546648187497982,0.780037366490068
215,236,0.019510734950498803,1.0119944155241358,4.440920478058347,0.24323782687869228,0.7894770225991601
216,238,0.017155331120595814,2.7975773051192463,5.167086403868495,1.7009469202452117,0.8641232193640238
217,239,0.016647158559127996,3.5083905541740257,2.8287422834656875,0.2231607810323455,0.9819816750286081
218,240,0.01557342080575407,7.892510671171373,2.2475885866964833,-0.5727594655149266,0.9940530408116592
219,241,0.025789643558270882,-11.061824704911736,2.4708894789859492,-0.6820853503423214,0.9449832050061399
220,242,0.02175169443426681,-2.5815560733698764,3.880444508520361,0.5820486539485188,0.7987178569951836
221,243,0.016952987425790024,5.570089136301664,3.0161251433916467,-0.04333056756705167,0.9595438998261915
222,244,0.01731208838519539,-1.285696462185731,4.477934494283615,1.9532882647990837,0.9293331331352965
223,245,0.017398326467240443,-2.0294857826220993,6.53955532569607,-0.2356362228548745,0.6409984309781183
224,246,0.01881050656541289,-0.5330090935489544,4.360707831487159,1.748538447299138,0.8906423424452746
225,247,0.01831777382255035,-2.2369987181171394,4.000912260315941,1.425450993699486,0.8908059646799836
226,248,0.018017807632562454,-3.200734548453031,4.015881589790011,1.46531676975217,0.8810655970027497
227,250,0.019279175066774318,-5.742610285967391,3.901451771717215,1.5747227458497188,0.996420798243148
228,251,0.016999400505275233,5.325593937472571,2.80666445499667,-0.05180701286454292,0.9407459317602214
229,252,0.01715885270500522,-6.960861146727248,5.170852151499445,0.7830886382341198,0.9338570954364533
230,253,0.016259076188622018,6.003720253498553,2.397013369476579,-0.3606538829732713,0.9860746160746192
231,254,0.018891175983432658,-6.141658497408904,4.02343181467171,1.5663109711294179,0.9977598316244484
232,256,0.018843568728233024,0.8450774137925753,3.6476837125751995,0.4896848797591238,0.6480357639149317
233,257,0.01718273781293993,7.069215265740995,2.3739374433515152,0.03145019498062629,0.9568271823935458
234,258,0.016800461190370285,6.016663058485409,2.6891504136431914,-0.21095466079464176,0.9576145343621869
235,259,0.017188650084674982,6.928149904030358,1.935356460963643,-0.002516545468402729,0.9964519519517084
236,260,0.018728320857490266,1.3094376204500904,4.365295801550431,0.4853070524362053,0.7496468852130476
237,261,0.01646537403423863,4.711363933002124,6.711753726665924,2.2962601390498887,0.9403516737270811
238,263,0.02041042580241816,-1.2709009421911215,5.3944810524953795,0.33099226866053844,0.8519276196273522
239,264,0.0162937430929482,4.498667706345756,2.922004223637628,0.2486391040875544,0.9998823924313454
240,265,0.01778797408049352,7.0802275922194555,7.282127524693461,1.5294757451531833,0.8109175728847509
241,266,0.020790102143136816,10.959279105288553,7.526710729885633,1.4891559643913084,0.9489238262530316
242,267,0.01691910413556447,2.0260088761140165,2.9248613675860504,0.28894077414394737,0.9900524727147886
243,268,0.024087755935755285,-7.504278949916678,2.249678810022582,0.3500333149780841,0.8179750848092349
244,269,0.02093661391410622,1.3900440029494188,3.234259127019886,1.2888050282039516,0.7785792783126001
245,270,0.017270295304308854,-2.94656449285279,4.308767007432357,1.95650812024419,0.9240886115706248
246,271,0.01646412250620665,3.2461828150047642,2.656616709155376,0.13450241096769222,0.978906064433055
247,272,0.020208249004258435,5.723832984163864,4.958268187252745,0.9218914508345852,0.7735777062251998
248,273,0.01664918344251853,5.431057081634027,2.6665765443525107,-0.1236913811950684,0.9624034358260922
249,275,0.01663266481617929,5.472813345735522,2.5547874051862256,-0.1403453887387509,0.9720696354182294
250,276,0.01721482850647121,-1.0898841713202354,4.027745159827221,1.131912507335267,0.7962262671034589
251,277,0.01674702866091664,2.250478643528015,4.9954172076857475,0.9253631838329763,0.599249354936208
252,278,0.01996457699920561,-2.181242299052706,4.612062075183635,0.7534443723677442,0.8974111771968823
253,279,0.018672870176144107,-4.944390340675958,4.6865605310574106,0.4642673002971369,0.7941010752183025
254,280,0.01643970399390326,7.735344900595686,2.272223820093714,-0.07828037071732341,0.9449963737145036
255,281,0.021555507321084525,2.667081662040541,5.979104501081166,0.4364107706618111,0.8941708109564102
256,282,0.019525992892455123,5.0027038125088215,3.6361992850822715,0.9109358432440562,0.6586259938325216
257,283,0.016239211779684685,6.11996270622435,2.4508079957908655,-0.323737662045116,0.9831364787460144
258,284,0.0177583851903295,5.5656115054610975,3.29956564216969,-0.20922333989939812,0.9835866120343694
259,285,0.01897779422019139,2.3034299793088775,4.424376211664631,0.3978725754582042,0.7250406561375682
260,286,0.017052568474453685,2.4180610230803503,2.7433389229506497,0.2543793211197798,0.9981349280183058
261,288,0.01726010546279551,7.763862770134631,1.747502577334846,0.02673866980757489,0.9969815455304304
262,289,0.01891086562079674,-1.801806089825787,3.829747149987381,0.8073351175183514,0.8290601960069568
263,290,0.018145581049161464,1.6222862526743853,4.099857271237701,0.9844822100513753,0.7479319642454181
264,291,0.02068204390050714,0.5026745907160237,5.099239223989562,0.7566579726346703,0.8315555462047965
265,292,0.01778626532644388,0.5617493604756373,3.980292188596601,0.593336064779804,0.6866103256243423
266,293,0.020241384187265635,6.685618620520569,6.333005374951854,0.7030469128062267,0.8758960493656105
267,294,0.01720311874062161,7.869693450001934,3.2078479690766337,0.2015297132701943,0.9688829534571683
268,295,0.018224653155208687,-0.6260344190625511,3.979662521950233,0.5989774592525321,0.7598014196756605
269,296,0.01966829168525005,0.10354433240054996,5.114569143124932,0.2833644788947973,0.7052672703926707
270,297,0.019139449673460027,-0.5606985615808764,4.252435786612926,0.5550876986301682,0.8203954912247527
271,298,0.017253206955950114,-3.0928400699328007,4.576073191221022,1.5619718162444909,0.9014382421976143
272,299,0.017156720734916968,4.733899437027936,3.1129076243663625,-0.31236138994863016,0.9787454029780465
273,300,0.021316917394150096,-3.0268660049176233,3.9417011144781546,0.6911512802973148,0.8444606570612654
274,301,0.01813516521051777,1.7443042503672872,4.15393033728731,0.9322757884853852,0.7734380743651795
275,302,0.019054426170159167,-1.6327668444582892,4.322182963348234,0.9208828254703287,0.7781659365775828
276,303,0.017841610813676977,-2.0108480131870348,3.7586914913681273,0.9230814375734742,0.8327252428213248
277,305,0.017265157659020626,4.460487308721955,2.4898814348936176,-0.22244927915965418,0.9643566550666647
278,306,0.016429148080664174,-7.796940318573956,6.345629646675151,0.43126400921739627,0.9232262188630167
279,307,0.016526955703144088,6.398540928190057,2.396529961534351,-0.20002336749051364,0.9562045813466927
280,308,0.01641198593632999,4.085398655754592,3.010904927797209,0.35688651756700285,0.9980216371471707
281,309,0.017099186064483733,-2.5099773059587607,4.016837244445137,0.8667165631864626,0.8266209356995547
282,310,0.017082273425066297,5.3334073018782115,2.8193429346562606,-0.13249829787896328,0.9624692110493276
283,311,0.016525011396766827,7.485552907821415,2.5048544596306357,0.02502810274141032,0.9481165978331432
284,312,0.017150508824652976,2.806560930830357,5.153959398018749,1.711620774662563,0.8645024770048201
285,313,0.018047311931849067,-3.8191310354322487,4.176299319346713,1.5249794243238024,0.895679680166076
286,314,0.016573158509689375,5.616216345216892,2.5328641936405694,-0.5219440621896387,0.990364286041219
287,316,0.019004907049706497,0.2661371635227026,3.997073494286804,0.8675984669292842,0.8005968499804965
288,318,0.018497650087353792,-0.28998740401345935,4.009242145629727,0.581699720881562,0.7904795472011005
289,320,0.019703362121402994,-1.8544361159289349,4.187522973780928,0.944488641789087,0.8854980265875755
290,321,0.017404953361260182,5.0329338021224785,2.6413363295442385,0.01802761225827787,0.9393180890620793
291,322,0.021755450886183626,-5.3892495092035,2.6717751993637546,0.4724620496795082,0.679756620772723
292,323,0.01855035602380628,-2.5416886531384155,6.794245473185726,-0.37846463735749225,0.7456074313851164
293,324,0.016498208122383593,6.9615094711035415,2.3931189824672474,-0.15228858626463118,0.9602132627118318
294,325,0.019065130104262373,-1.7923001703215562,3.6045539091850296,0.8495679538829715,0.8063990802701901
295,326,0.016187151383806716,-2.8826826064993827,4.917282162816503,1.1264135390461791,0.845646216339111
296,327,0.01685080682101752,4.050344341926058,2.6684297592779447,0.0032821440852450756,0.9897763641933729
297,328,0.02109994097490461,-1.0484909903402155,4.671437515416284,0.4691313799468597,0.9004646871849309
298,329,0.020861249810402077,-1.996796933574865,4.27442894695604,0.594506553220719,0.7295749429961382
299,330,0.020629832602625388,-2.14766313005921,4.573110765499312,0.6213582491918546,0.9032461352641221
300,331,0.019383178736383525,-4.034171512223145,6.702383416294219,-0.7650660860935012,0.8837550308074513
301,332,0.021427516090672116,6.3398690678711525,5.603718189802548,0.9068482843640657,0.8593453166106128
302,333,0.01868196034661673,5.810020066795985,5.132425798996075,1.135612343259865,0.7929615242614713
303,335,0.018224653155208687,-0.6260344190625511,3.979662521950233,0.5989774592525321,0.7598014196756605
304,336,0.017333006384009843,-2.4022387232327973,4.365305492858918,1.3887362322646224,0.8330583959785528
305,337,0.02007777929495681,-5.49194560571462,4.992168145592969,0.2486107975531855,0.939806711224222
306,338,0.017078152477074872,7.320178005082043,3.131874644517769,0.030735153448672836,0.9426517924140376
307,339,0.016675977711437223,-3.719729906666819,5.216439459913666,1.6999929216188612,0.9192919636066978
308,340,0.019061526118380818,1.6450773352071157,4.306957456609069,0.7000420173570574,0.7793048362022195
309,341,0.017037201236485805,7.057708593340604,2.986756829221933,0.2646345383785653,0.9616620813943385
310,342,0.019388891594421354,-0.9100068089528958,4.198813642164477,0.416334428231548,0.8012996034467268
311,343,0.017981230237326895,-1.1451099581491488,3.7586682973379855,1.170539637595859,0.8233874582159818
312,344,0.01638744957913612,4.824200598776499,2.7317976505719086,-0.24425230507027784,0.9935224372432393
313,345,0.017048099917109268,5.731330854198551,2.489791747987577,-0.2953108066155177,0.9704598279316594
314,346,0.015169964025939004,9.158944028420926,2.2700279755684427,-0.5242762771842387,0.9999646731997739
315,347,0.01686257344855086,-4.21511795363569,4.806740989905127,1.3735954248704336,0.8616858539685984
316,348,0.017556256998460217,1.962300758949729,4.5151574127104555,1.5110089092716614,0.854997270339382
317,350,0.016712472280470802,-0.9729677587904738,5.048409670118419,2.341878245695473,0.9516197003176768
318,351,0.019935738278158012,-6.343471212576126,4.210413040804812,0.48986715235493694,0.8315176362940183
319,352,0.017829971708375726,5.7217189445343575,3.424966678932104,-0.1705322957562876,0.9770474663710568
320,353,0.019655684844570077,-0.7926697379954639,4.762948137714988,0.5693296330011566,0.8303010214600501
321,354,0.018315690879421153,-5.283583642735717,3.7410607897813377,1.314754789508087,0.9409956505383574
322,355,0.017682309993956473,-2.4805682258473647,3.9230757083773895,1.175491493033185,0.8585994562319492
323,356,0.021144865179595393,5.439608967103433,4.421285335659135,1.14873187827768,0.8228438825524067
324,357,0.016739918682384933,5.692366332643066,2.8877135962638976,0.06287168333474535,0.9099660994303105
325,358,0.015313522408127694,7.511370652410251,2.215335645844209,-0.7189556694315119,0.9942014823521994
326,359,0.016552279926741235,7.812262483796193,3.0953056619854804,0.07171480118104379,0.9729484905606732
327,360,0.020617876205993365,8.74701196950319,6.3114841669850605,1.6411578824679323,0.866137117206305
328,361,0.016783393243127387,5.321845751185919,2.7261183189718863,-0.14433909986371107,0.9522439189236132
329,362,0.01717273485740433,5.4037584850336176,2.853221195421727,-0.28332389406060043,0.9741297736700957
330,363,0.019748496600980252,0.5003387228009255,4.8449925047448,1.022360664872778,0.8630646592217918
331,364,0.016822472403655604,5.432299357440621,2.377716231805872,-0.12713468213123513,0.9804299179931552
332,366,0.022218908788480547,3.0975846869169867,5.905226781461936,0.636812808719875,0.9444271098282229
333,367,0.01960261310191894,-3.3079560088438695,5.749785632029263,-0.3377483534687684,0.8954529580383254
334,368,0.017222648902865092,6.718900485972809,2.773024837427025,0.009197459508105243,0.9499934444654822
335,369,0.019205632684802545,0.22021744208522712,4.315523467478398,0.3916596383948816,0.82223365355903
336,370,0.015185238625916322,-9.998353220176577,5.164581377436477,0.9904555329073457,0.9016886301643561
337,372,0.02118631223906667,-0.571523032404579,4.674836512046678,0.7613255058912776,0.8490056846290263
338,373,0.016879083002117802,7.606151244688206,3.319351104482041,0.22089742835163673,0.9349967251066925
339,374,0.015708861513325817,7.567303534613638,2.178724922600453,-0.5717376879694844,0.994426133801526
340,375,0.01677929003775715,5.430649920292347,2.7128237619448217,-0.1377426865706437,0.9471180105200651
341,376,0.016802211242233252,5.383750528746767,2.6474062557579217,-0.15144359319099543,0.9547086799520793
342,377,0.020002285155071242,2.741234869600749,4.592847941945886,0.7470696641588732,0.7992526335774657
343,378,0.020054010874574014,-1.300567189305515,3.7815331085394446,0.6901601243847533,0.8056971299645025
344,379,0.02015790676606837,2.8093813997622394,5.378807693869989,0.09123791328403819,0.8288899771493695
345,380,0.017093533021224933,0.8290695891215311,4.638537407972156,1.4107830025843449,0.8338314341621422
346,381,0.019502373205640952,-2.3298154200562284,5.0290471886932036,0.15540989031573993,0.7987580117391433
347,382,0.01849277961412803,0.3549433913068958,3.7019654776931206,1.1042736394347052,0.7008526158638312
348,383,0.01562783042860801,7.583461060754182,2.103213919978053,-0.5997252122049941,0.9938713829958185
349,384,0.01746066014090293,1.9177973444456946,4.272185327837092,0.920942383743768,0.6475335472019152
350,385,0.015624388522114863,-9.207188000653366,4.455123911829648,0.7863148071458362,0.896916432115315
351,386,0.021135586826159028,-3.2230808070018995,3.958478497969613,1.1964014342323335,0.8893883552688097
352,387,0.018602193714110232,-1.9789447000960054,4.287080840958219,0.31336146948120547,0.8195780274480793
353,388,0.016552450352839032,6.004105954562279,2.4277923219980537,-0.44495243166835463,0.9965518185952197
354,390,0.019760542810835755,1.3069245573551747,4.614647229221635,1.0165970885056201,0.730842451301966
355,391,0.01643726322804246,4.140143383937614,5.831750639362461,1.818290627136753,0.8508459422443688
356,392,0.017356082720256134,6.033019000967027,3.360947044223085,-0.2743508705436444,0.9740123394976028
357,393,0.016919213816394347,5.197907586856305,2.601545171944631,-0.2096752866303997,0.9825829485312618
358,394,0.01675268936866764,3.193691251105654,2.999457822021353,0.20456660711841845,0.9799567255892686
359,395,0.015828330811816404,0.0023759948028331934,4.421417366478079,1.8303691865146137,0.8437644184323022
360,396,0.020064278236192053,-1.6522370473728318,5.048707141844958,0.6583827114179481,0.8857851830994901
361,397,0.01946660762421436,-0.18530287074293728,4.8501222796198995,0.6958075985877192,0.8281446128135085
362,398,0.01598673099203738,-0.723039445485787,5.1326325669779465,1.5708889646587612,0.8294497956126806
363,399,0.016890279383712032,4.996405262244953,2.76108774698695,-0.0248119906949551,0.9556894213715564
364,401,0.016832716345993586,-1.167528969972557,4.112642502361966,1.4247624349217975,0.8597187508321644
365,402,0.016819003837022485,5.436175538857991,2.72229858761019,0.013405665669891764,0.9436761666998081
366,404,0.018316573026892338,-4.970672860470186,6.827102380271031,-0.41315458569299146,0.879064117260087
367,405,0.018003738520848946,-4.869330191986988,3.9221533240433852,1.0343004659880073,0.9180037804589192
368,406,0.021089261640299558,1.2178792563310297,5.2568181585514235,0.13152135133939336,0.9008893397293002
369,407,0.02169123939897806,0.675083271518088,5.6087916853478035,0.1695421133910635,0.9431484848396584
370,408,0.017762339688823153,-0.5336950606865993,5.547681938216152,-0.08221439931971553,0.7332836702741738
371,409,0.01790902207084207,-5.241019683605096,4.644413920020379,1.0798852332285431,0.9177610842332953
372,410,0.020747911730513074,-2.4466776561450985,4.901908403053754,0.10947021907367738,0.842681054891054
373,411,0.01664886543013625,-0.24611279087717283,4.983072423226772,1.9453961105760589,0.8832405718871692
374,412,0.02010480466344769,-3.1973767092279495,3.9501903566614787,0.7504543941454469,0.8898774789402777
375,413,0.01725601727180537,6.374855080169705,5.804815964359658,1.29314559887393,0.696232950071213
376,414,0.016342582404864466,4.4159556231028345,3.074049365850514,0.3718099108902262,0.9966394419866534
377,415,0.017710270541261036,-0.0775999580650106,4.352497595727183,1.449772589933238,0.881586823177685
378,417,0.01575347998181998,-2.1599578634985517,5.182227776239414,0.6635748056961334,0.7855012168307819
379,419,0.016270165184309616,-3.1256700479690545,4.72544091263957,0.9707049961543839,0.8108927012455572
380,420,0.02264722375800111,-7.3856315546466105,2.869163536559736,0.6028191413974673,0.9047149028424126
381,421,0.017078579315259298,4.694764695548457,2.6021325988099537,-0.05293758686560279,0.9663705406355958
382,422,0.02111276900341931,-0.9616119583108391,2.7816585054602045,1.498002661408431,0.868678254680201
383,423,0.017624296963136974,6.796569351932025,3.7488184028158162,-0.05805655534727694,0.9986672830812119
384,424,0.017355125921542737,7.607439100249755,1.6163852843789361,0.03081842435109927,0.9912220367966702
385,425,0.018530123431355426,-5.528841008990641,4.313895058645986,0.9818460171952497,0.9390729007958311
386,426,0.02135264983613535,2.370553142146236,4.8729112494602855,1.1162770946710152,0.8470998758338966
387,427,0.019952535990255194,0.951442185542821,4.388944883813359,1.3027194535336215,0.8412214106556708
388,428,0.018999767355414827,0.8355177350194501,4.223015901470217,0.5960200057513219,0.8039221042494586
389,429,0.015348978225862809,0.9205329109630502,5.5894149813437375,1.8537620316089636,0.8542521268925043
390,430,0.016993895396650787,6.191526016441577,2.791703716753697,0.1378406233806162,0.8859159471451572
391,431,0.017738170199869743,-0.9739951949817554,3.9386242364393302,1.3073850980623005,0.8529119976690311
392,432,0.016999400505275233,5.325593937472571,2.80666445499667,-0.05180701286454292,0.9407459317602214
393,433,0.017103562921007565,5.6707432459612415,2.5079672017687895,-0.06616850410667974,0.9595776112945775
394,434,0.017243065846724265,5.388012109262238,2.8687005018115515,-0.19003352572288817,0.9641203041393135
395,435,0.020786457755357843,-4.766232355574942,2.9648461914816617,-0.07010937190044597,0.4917670012397326
396,436,0.02004455167910026,4.550095195689666,5.381857736199039,0.3078870355835324,0.7939328280711215
397,437,0.022091341599064344,-13.964172970477009,5.290587759984395,-1.651990999514335,0.9938973841960711
398,438,0.017461192656035233,-5.663340040395986,4.420829436317427,1.0668994364471223,0.901764224795697
399,439,0.016334636828866773,4.595226387384746,2.6705057372175878,-0.05238289234578719,0.9926366777040585
400,440,0.016595192027224693,5.508401132043289,2.567886749652388,-0.0981288658880862,0.963905420410373
401,441,0.01703918145634418,5.301421897882113,2.703139749949898,-0.21329242804518422,0.9824768951018398
402,442,0.019546199550232755,-3.4503424998811134,3.810862128548709,0.9728616824872192,0.782953309447336
403,443,0.021755450886183626,-5.3892495092035,2.6717751993637546,0.4724620496795082,0.679756620772723
404,444,0.016155643048193655,5.918978050437359,2.394729268247377,-0.385031523265436,0.9666374252316139
405,445,0.01684933223391628,2.3579703743751916,3.006253894642163,0.3090605546038412,0.9919634662972283
406,446,0.020023873847050733,-4.04324441295446,5.758146249580729,-0.5483178264050803,0.8791101000587459
407,447,0.0174383139438049,-8.009072797751639,5.04621654012182,1.0039163598240854,0.9716918889865408
408,448,0.020211562421575967,-2.6437354770194097,4.261222013577708,1.073758336101808,0.908715682228209
409,449,0.018972786532224648,0.4088668119008737,4.847297720145468,0.5698763782231522,0.7026997679030825
410,450,0.021144865179595393,5.439608967103433,4.421285335659135,1.14873187827768,0.8228438825524067
411,451,0.020145479735204145,-4.243619967646459,3.1319615673242533,0.24706167414725178,0.6787380254329047
412,452,0.016939271701218544,6.337467899580316,2.3812648670183667,-0.11069954298753326,0.9646896910438372
413,454,0.017764589826382005,2.2213339169741437,5.089313270630191,1.8581826829033137,0.8848491272911618
414,455,0.016867957865097066,5.305152687961176,2.5780636558576107,-0.30954449383561977,0.966010732916974
415,456,0.01828004883057452,3.879499317217026,4.584248311386559,1.063326955586433,0.7756190361898778
416,457,0.02031223123135464,1.4390445415279782,4.761021186286521,1.1356036134842125,0.8723050226031047
417,458,0.019703362121402994,-1.8544361159289349,4.187522973780928,0.944488641789087,0.8854980265875755
418,459,0.019839274740978727,4.7500355899921205,5.7108986003602125,1.5226235544432432,0.8983820343849499
419,460,0.016511140858140462,4.133478915787195,2.763093477011413,0.11926296468527542,0.986379439522495
420,461,0.016425977141571377,4.156968705656954,3.031600092062097,0.3619933900287009,0.9981780332768571
421,462,0.01742042907158982,-2.427361053658602,4.1652501948395875,1.440271631120936,0.8495869397843977
422,463,0.020707910648539555,6.556528834010392,6.777522790203406,0.8116116190450127,0.9026386108528729
423,464,0.02010993593851966,-3.813128037191009,4.037827623877391,0.9899674989040657,0.8848541448348266
424,465,0.01920627638829583,0.8778447246750379,4.6117130107714726,1.3622507973083402,0.8407072634017132
425,466,0.01706426255533308,1.6579506941914515,5.080730163571316,2.554952142307188,0.9287052156562275
426,467,0.017112892279208192,6.473624111954171,2.9415236881569093,-0.07888346111625744,0.9150822351489247
427,469,0.02018827853798984,-3.4107053960965588,3.9762678165582312,1.0787633535022154,0.89183579449222
428,470,0.019006018885476143,-1.6102976681611725,3.771198536428563,0.8323377303829065,0.8067119845095856
429,471,0.017821715226466483,-4.905439291193116,3.887108461707981,1.1089555892824867,0.8851846391261685
430,473,0.01799890359263525,-3.603146329387591,4.135045495240576,1.3434886043473266,0.897374831109491
431,474,0.01692744705053628,5.413349467766653,2.781300337045493,-0.2197983016628,0.9707703265026421
432,475,0.018093067568626078,5.507741937047113,5.243856439711846,0.9708581842421311,0.7403940609210599
433,476,0.019898388934417796,-1.3158563142525486,4.260846756204162,0.3032968904911454,0.8326401054204072
434,477,0.017716516463035355,-1.4909163190651897,4.20233907792696,1.8466726723168319,0.9328836644485606
435,478,0.020444733659066842,-5.405619987822883,6.005741402158949,-0.4006616950633557,0.9275857699109094
436,479,0.017353537499455566,7.358728143085305,1.8359384426946306,0.05648707876499626,0.996143377237482
437,480,0.01653574739078849,4.158872379657077,2.688507073829939,0.10453690186053599,0.982682090823417
438,481,0.017040984894218063,5.893411320328431,2.3950171025564657,-0.0055072537152771606,0.9677794298518412
439,483,0.01813942175583586,-2.6947489503811055,3.9292357662176394,1.4341860832225874,0.908138469235993
440,485,0.016820110296266136,2.1530306903592535,2.770339987236572,0.31861164754881877,0.9928255566997636
441,486,0.016287518769269364,-0.9596311841978353,4.338432987413866,2.5951594352088234,0.9068130863782894
442,487,0.016595524309999384,4.908066475031706,6.645653918423539,2.3059547648142944,0.9387520975457216
443,488,0.01690661129684362,5.258069008086814,2.633155999988852,-0.04179144955369685,0.9553592457253675
444,489,0.017627303882720022,-2.4638801448357013,3.983421177428092,1.1794941968298782,0.8417432948831506
445,490,0.017339971178810584,-3.3409095621961917,3.7014407805006955,0.9901448648932702,0.8385557895125608
446,491,0.01815139002963057,-0.1985845470695302,3.9077117222949544,0.8799960169036773,0.6525692001008518
447,492,0.019898388934417796,-1.3158563142525486,4.260846756204162,0.3032968904911454,0.8326401054204072
448,493,0.016529917037597965,3.669245637186921,2.8272943251214024,0.16933124993794646,0.9834998109277513
449,494,0.02345246823880939,20.110416135310192,6.053066319507529,3.718133440194107,0.9888256775647051
450,495,0.017108260917021948,5.0944436622635445,2.492827715643527,-0.03509707529835504,0.9747368666678631
451,496,0.020614280740921948,4.675007148662062,7.2052317908794565,0.4960448935241706,0.9062889707438442
452,497,0.015138317677937128,9.235162131284907,2.2700279755684445,-0.5242762771842395,0.9999392607839438
453,498,0.01704014325606845,-1.2577204561123267,4.099676490761008,0.7041489088973298,0.790670471883167
454,499,0.019611887526667215,-2.7074297121792106,4.3064293995177625,0.4126107892441482,0.8759396129572672
455,500,0.016492798842711914,5.932057357129212,2.316696665169064,-0.37923280148328975,0.9839361775252357
456,501,0.01740061029688739,-3.527161983903799,4.059914497981046,1.0778895913080793,0.8761400083534563
457,502,0.02014747812423067,-5.389767430826779,6.026382169368639,-0.5085429355088467,0.9129948179439901
458,503,0.018883629645421483,0.3668553795817373,3.8160479082729992,0.9913199800876638,0.7848266750750398
459,504,0.016389843451554115,4.0737336400005155,3.0093677835122428,0.3750427977031685,0.9984519693659414
460,506,0.019977836499690788,-1.6746998015351202,4.842711039035384,0.35911037923567335,0.8041274699820081
461,507,0.016389843451554115,4.0737336400005155,3.0093677835122428,0.3750427977031685,0.9984519693659414
462,508,0.01946690096355359,2.2630981171227305,4.085047865057994,0.6041065476776288,0.6328262924670163
463,509,0.021403428445381987,0.9036633449354272,4.486883984926671,0.7212498301694521,0.8645391493205361
464,511,0.019621380095233214,0.7043598575092802,4.690962474093991,0.8898891879036037,0.819482763779575
465,512,0.01620194344290809,6.125487717271301,2.3554238015018814,-0.31451765737123694,0.9827835690171792
466,513,0.021065756052522304,-5.38010568068483,4.580968544283544,-0.11432135881570371,0.8928298272412116
467,514,0.017974401993984188,-2.633430339653704,3.891364522938388,1.0127804727652356,0.87279653653602
468,515,0.01866809084334707,9.267810068343763,6.504194956165476,1.1848364551115758,0.726989736089287
469,516,0.0168920067922614,5.289673893257763,2.5666002140708946,-0.23128614184235463,0.9789576297481425
470,517,0.017618641928752513,-5.9965883825810025,3.740302429504365,1.1221663400468462,0.9231637107846703
471,518,0.017708291564066007,-7.183306644903819,3.906061955147881,1.241312504958247,0.9397782913819364
472,519,0.0220981329124879,0.12532584631985288,5.778596519272622,0.18963223802091456,0.950639001873024
473,521,0.017314417768209803,5.2499693496609465,2.765659596859857,-0.2090577993982512,0.9673596840645938
474,522,0.017510290223392514,-3.630309253790462,4.432779315234674,0.656014116242067,0.8748137344491755
475,523,0.017672902155021413,6.828716866684362,1.4048914539217567,-0.04049726045624036,0.9974313143794373
476,524,0.021285049423007935,3.765290882499438,3.872155036604182,1.508266408515436,0.8319485031316617
477,525,0.021408408573284674,3.3378855625821235,5.559699133889314,0.48491211748532237,0.9027216958800889
478,526,0.017858877132655073,-6.182709359713873,4.254463465895141,1.1888451027724019,0.9471105666926809
479,527,0.016459790411014325,3.8673260129475344,2.546170415428345,0.07630595653360572,0.978761364925898
480,528,0.01928744829840016,-5.491772094612063,3.982555162448451,1.570055436135588,0.9976816704931898
481,529,0.015243165562896295,7.878263325200966,2.060240591494887,-0.6859065548704066,0.9926206326712339
482,530,0.019596169293009794,0.7968877258347592,4.333277532748012,0.41167530514346584,0.7758376601456529
483,533,0.019825454105082147,1.1199242359113275,4.536236311772848,0.40913361878857923,0.8214987371736755
484,534,0.01882701807644526,0.7615192572815954,3.7616049013204558,0.7670144761945608,0.7583910154982714
485,535,0.015588406887974209,7.784555545229877,2.0347294080829843,-0.5783451229551657,0.995763536012507
486,536,0.017943794775381355,-4.460211457619623,3.9663278793192274,1.0827310806684567,0.8869226450168848
487,538,0.017759886977333005,5.553202398298948,3.192119372051793,-0.20758329900475925,0.987712130284298
488,539,0.01775343910414248,3.0179304451505176,4.295520176774972,1.0642361566427554,0.6937222296401437
489,541,0.020438616500616832,-2.570979985657073,2.503456441915615,0.8669011070302486,0.48864074107378297
490,542,0.018779988841929017,2.102550045681002,4.122235324820185,0.6062674518425823,0.6358344305702475
491,543,0.02205010946148035,0.21963053619262263,5.79208728123519,0.21098513327773727,0.9607274304733407
492,544,0.017329096421367145,-4.476420100348149,4.782117045749288,0.43780275102439425,0.8719855589494228
493,545,0.016629813056150296,4.049281814745166,2.7169768451581247,0.1754647804092393,0.9792567289312185
494,546,0.01950932361424078,10.67297355625393,8.67243949523059,1.0920784560920467,0.9321474889396257
495,547,0.016838834266139295,5.600295739433101,2.9403238238673417,-0.14094828616278576,0.9669179594298372
496,548,0.01681803930624229,3.5822499972185606,2.8227947404205374,0.19765293784900173,0.9850826536772437
497,549,0.01893628590694921,1.4392534023499357,4.400916155359326,0.6474809999423926,0.7782701108396407
498,550,0.01699912923392881,0.27000127056573403,5.014921179827947,2.2471660624706824,0.9293319847313527
499,551,0.01897779422019139,2.3034299793088775,4.424376211664631,0.3978725754582042,0.7250406561375682
