scenario,label,speed_rpm,feed_mm_tooth,depth_mm,bootstrap_id,life_min
low_load,Low load,1750.0,0.045,2.5,0,94.48169211946775
low_load,Low load,1750.0,0.045,2.5,1,93.5624065179865
low_load,Low load,1750.0,0.045,2.5,2,107.52114405040142
low_load,Low load,1750.0,0.045,2.5,3,100.02819745402115
low_load,Low load,1750.0,0.045,2.5,4,164.4385346142186
low_load,Low load,1750.0,0.045,2.5,5,133.23516782344439
low_load,Low load,1750.0,0.045,2.5,6,102.11776313699143
low_load,Low load,1750.0,0.045,2.5,7,121.477345863472
low_load,Low load,1750.0,0.045,2.5,8,120.47619090889435
low_load,Low load,1750.0,0.045,2.5,9,103.70750738304355
low_load,Low load,1750.0,0.045,2.5,10,100.75381370897152
low_load,Low load,1750.0,0.045,2.5,11,105.58992100488925
low_load,Low load,1750.0,0.045,2.5,12,130.53395581357637
low_load,Low load,1750.0,0.045,2.5,13,126.35183053078873
low_load,Low load,1750.0,0.045,2.5,14,100.63543052284786
low_load,Low load,1750.0,0.045,2.5,15,128.8346295055866
low_load,Low load,1750.0,0.045,2.5,16,380.4990215010757
low_load,Low load,1750.0,0.045,2.5,17,99.73051716427588
low_load,Low load,1750.0,0.045,2.5,18,77.80342888831949
low_load,Low load,1750.0,0.045,2.5,19,112.65160293145208
low_load,Low load,1750.0,0.045,2.5,20,98.17843978990634
low_load,Low load,1750.0,0.045,2.5,21,91.416859755511
low_load,Low load,1750.0,0.045,2.5,22,98.57886512109002
low_load,Low load,1750.0,0.045,2.5,23,88.27082349367136
low_load,Low load,1750.0,0.045,2.5,24,110.6270233386472
low_load,Low load,1750.0,0.045,2.5,25,99.8833367074888
low_load,Low load,1750.0,0.045,2.5,26,102.7284853436329
low_load,Low load,1750.0,0.045,2.5,27,132.01593983826913
low_load,Low load,1750.0,0.045,2.5,28,92.64876243617272
low_load,Low load,1750.0,0.045,2.5,29,93.22408823632702
low_load,Low load,1750.0,0.045,2.5,30,99.720653428594
low_load,Low load,1750.0,0.045,2.5,31,96.43859698173604
low_load,Low load,1750.0,0.045,2.5,32,212.3840100278014
low_load,Low load,1750.0,0.045,2.5,33,102.99902303168493
low_load,Low load,1750.0,0.045,2.5,34,112.02972387351814
low_load,Low load,1750.0,0.045,2.5,35,85.38913523807621
low_load,Low load,1750.0,0.045,2.5,36,125.85703661655741
low_load,Low load,1750.0,0.045,2.5,37,236.8822843563874
low_load,Low load,1750.0,0.045,2.5,38,101.60064904451059
low_load,Low load,1750.0,0.045,2.5,39,115.95211138090738
low_load,Low load,1750.0,0.045,2.5,40,109.70795014797501
low_load,Low load,1750.0,0.045,2.5,41,104.20196462399126
low_load,Low load,1750.0,0.045,2.5,42,88.96025079972105
low_load,Low load,1750.0,0.045,2.5,43,104.11144626143239
low_load,Low load,1750.0,0.045,2.5,44,93.30948364223357
low_load,Low load,1750.0,0.045,2.5,45,98.7521268836465
low_load,Low load,1750.0,0.045,2.5,46,70.2680334274123
low_load,Low load,1750.0,0.045,2.5,47,134.91615236265363
low_load,Low load,1750.0,0.045,2.5,48,104.61102799853121
low_load,Low load,1750.0,0.045,2.5,49,85.89022943418858
low_load,Low load,1750.0,0.045,2.5,50,100.07814835564845
low_load,Low load,1750.0,0.045,2.5,51,109.0099257394229
low_load,Low load,1750.0,0.045,2.5,52,69.84435206202966
low_load,Low load,1750.0,0.045,2.5,53,197.1856843191919
low_load,Low load,1750.0,0.045,2.5,54,96.01799088034338
low_load,Low load,1750.0,0.045,2.5,55,105.54182758524382
low_load,Low load,1750.0,0.045,2.5,56,101.62188009458437
low_load,Low load,1750.0,0.045,2.5,57,99.59674687085828
low_load,Low load,1750.0,0.045,2.5,58,101.89251908602931
low_load,Low load,1750.0,0.045,2.5,59,92.35058109149203
low_load,Low load,1750.0,0.045,2.5,60,109.76144274909637
low_load,Low load,1750.0,0.045,2.5,61,94.32434753664823
low_load,Low load,1750.0,0.045,2.5,62,114.40106759747327
low_load,Low load,1750.0,0.045,2.5,63,106.92084590827179
low_load,Low load,1750.0,0.045,2.5,64,84.18041490338193
low_load,Low load,1750.0,0.045,2.5,65,153.26392967578388
low_load,Low load,1750.0,0.045,2.5,66,102.1948232423586
low_load,Low load,1750.0,0.045,2.5,67,138.2762038112499
low_load,Low load,1750.0,0.045,2.5,68,119.5476235587398
low_load,Low load,1750.0,0.045,2.5,69,132.18635272414366
low_load,Low load,1750.0,0.045,2.5,70,100.4324491944026
low_load,Low load,1750.0,0.045,2.5,71,96.35689132393634
low_load,Low load,1750.0,0.045,2.5,72,160.23449707737197
low_load,Low load,1750.0,0.045,2.5,73,104.39978221876687
low_load,Low load,1750.0,0.045,2.5,74,217.45565868760434
low_load,Low load,1750.0,0.045,2.5,75,70.76393771952092
low_load,Low load,1750.0,0.045,2.5,76,98.99721594750443
low_load,Low load,1750.0,0.045,2.5,77,98.94798692399979
low_load,Low load,1750.0,0.045,2.5,78,97.59785465024093
low_load,Low load,1750.0,0.045,2.5,79,132.04556830302863
low_load,Low load,1750.0,0.045,2.5,80,106.22446082507153
low_load,Low load,1750.0,0.045,2.5,81,114.77378112934728
low_load,Low load,1750.0,0.045,2.5,82,48.60079111730832
low_load,Low load,1750.0,0.045,2.5,83,124.0519992446375
low_load,Low load,1750.0,0.045,2.5,84,97.2767630557611
low_load,Low load,1750.0,0.045,2.5,85,99.0529169793873
low_load,Low load,1750.0,0.045,2.5,86,170.83031743893952
low_load,Low load,1750.0,0.045,2.5,87,100.09965656068536
low_load,Low load,1750.0,0.045,2.5,88,96.98728560478634
low_load,Low load,1750.0,0.045,2.5,89,97.39552599023577
low_load,Low load,1750.0,0.045,2.5,90,195.79978803530528
low_load,Low load,1750.0,0.045,2.5,91,110.13892016926609
low_load,Low load,1750.0,0.045,2.5,92,100.7071280485936
low_load,Low load,1750.0,0.045,2.5,93,125.44301544279554
low_load,Low load,1750.0,0.045,2.5,94,99.76936951790616
low_load,Low load,1750.0,0.045,2.5,95,117.62977083851602
low_load,Low load,1750.0,0.045,2.5,96,102.30892300548425
low_load,Low load,1750.0,0.045,2.5,97,97.41783945455035
low_load,Low load,1750.0,0.045,2.5,98,123.5620446634139
low_load,Low load,1750.0,0.045,2.5,99,233.3313712994215
low_load,Low load,1750.0,0.045,2.5,100,130.50094756918236
low_load,Low load,1750.0,0.045,2.5,101,148.38023751211531
low_load,Low load,1750.0,0.045,2.5,102,90.10356097717245
low_load,Low load,1750.0,0.045,2.5,103,125.44909859746458
low_load,Low load,1750.0,0.045,2.5,104,94.16952814905848
low_load,Low load,1750.0,0.045,2.5,105,103.92255264018982
low_load,Low load,1750.0,0.045,2.5,106,100.29306439165728
low_load,Low load,1750.0,0.045,2.5,107,252.89974795084277
low_load,Low load,1750.0,0.045,2.5,108,123.26231081960596
low_load,Low load,1750.0,0.045,2.5,109,102.88131940168314
low_load,Low load,1750.0,0.045,2.5,110,127.35375258251462
low_load,Low load,1750.0,0.045,2.5,111,102.83201706263651
low_load,Low load,1750.0,0.045,2.5,112,93.55394727310198
low_load,Low load,1750.0,0.045,2.5,113,122.71292191920115
low_load,Low load,1750.0,0.045,2.5,114,95.66037022558747
low_load,Low load,1750.0,0.045,2.5,115,131.23172291580428
low_load,Low load,1750.0,0.045,2.5,116,96.23270134294266
low_load,Low load,1750.0,0.045,2.5,117,89.49701216784308
low_load,Low load,1750.0,0.045,2.5,118,125.4585514444372
low_load,Low load,1750.0,0.045,2.5,119,92.82658358684856
low_load,Low load,1750.0,0.045,2.5,120,130.00723483898173
low_load,Low load,1750.0,0.045,2.5,121,130.39543323230333
low_load,Low load,1750.0,0.045,2.5,122,115.93005907604746
low_load,Low load,1750.0,0.045,2.5,123,98.31625153301417
low_load,Low load,1750.0,0.045,2.5,124,112.77245859336536
low_load,Low load,1750.0,0.045,2.5,125,105.37257902620458
low_load,Low load,1750.0,0.045,2.5,126,104.40892111079242
low_load,Low load,1750.0,0.045,2.5,127,96.60462975155099
low_load,Low load,1750.0,0.045,2.5,128,62.326337363879546
low_load,Low load,1750.0,0.045,2.5,129,105.50803985001124
low_load,Low load,1750.0,0.045,2.5,130,103.45670654418848
low_load,Low load,1750.0,0.045,2.5,131,103.90899085489534
low_load,Low load,1750.0,0.045,2.5,132,90.46396365192159
low_load,Low load,1750.0,0.045,2.5,133,117.93358259013614
low_load,Low load,1750.0,0.045,2.5,134,82.14193096979615
low_load,Low load,1750.0,0.045,2.5,135,108.81491235073676
low_load,Low load,1750.0,0.045,2.5,136,103.65650028326556
low_load,Low load,1750.0,0.045,2.5,137,109.86874426283525
low_load,Low load,1750.0,0.045,2.5,138,92.11271166429304
low_load,Low load,1750.0,0.045,2.5,139,56.422744218042766
low_load,Low load,1750.0,0.045,2.5,140,92.22928776865257
low_load,Low load,1750.0,0.045,2.5,141,165.82513196814043
low_load,Low load,1750.0,0.045,2.5,142,105.79372648827471
low_load,Low load,1750.0,0.045,2.5,143,232.4905717491189
low_load,Low load,1750.0,0.045,2.5,144,108.3136914315236
low_load,Low load,1750.0,0.045,2.5,145,102.14072874047068
low_load,Low load,1750.0,0.045,2.5,146,100.72052626716041
low_load,Low load,1750.0,0.045,2.5,147,102.93163114560143
low_load,Low load,1750.0,0.045,2.5,148,98.2527226277994
low_load,Low load,1750.0,0.045,2.5,149,96.92486435640454
low_load,Low load,1750.0,0.045,2.5,150,99.64812917773004
low_load,Low load,1750.0,0.045,2.5,151,98.66237361774456
low_load,Low load,1750.0,0.045,2.5,152,105.82309534942337
low_load,Low load,1750.0,0.045,2.5,153,108.5324965968803
low_load,Low load,1750.0,0.045,2.5,154,73.91054738374694
low_load,Low load,1750.0,0.045,2.5,155,114.00618870577227
low_load,Low load,1750.0,0.045,2.5,156,120.017017262871
low_load,Low load,1750.0,0.045,2.5,157,96.62126444674296
low_load,Low load,1750.0,0.045,2.5,158,120.20921285210161
low_load,Low load,1750.0,0.045,2.5,159,102.81293467401598
low_load,Low load,1750.0,0.045,2.5,160,115.92515825411913
low_load,Low load,1750.0,0.045,2.5,161,119.62115039476426
low_load,Low load,1750.0,0.045,2.5,162,111.59575784659523
low_load,Low load,1750.0,0.045,2.5,163,98.47351901505453
low_load,Low load,1750.0,0.045,2.5,164,120.52433979572574
low_load,Low load,1750.0,0.045,2.5,165,92.48617161896357
low_load,Low load,1750.0,0.045,2.5,166,79.27935258858828
low_load,Low load,1750.0,0.045,2.5,167,36.14109607506013
low_load,Low load,1750.0,0.045,2.5,168,115.26091996390082
low_load,Low load,1750.0,0.045,2.5,169,97.01045865171427
low_load,Low load,1750.0,0.045,2.5,170,114.32546736715678
low_load,Low load,1750.0,0.045,2.5,171,98.70619739063828
low_load,Low load,1750.0,0.045,2.5,172,218.67560825664177
low_load,Low load,1750.0,0.045,2.5,173,99.86444474037204
low_load,Low load,1750.0,0.045,2.5,174,98.83947383855889
low_load,Low load,1750.0,0.045,2.5,175,87.2134330051169
low_load,Low load,1750.0,0.045,2.5,176,97.90256411482616
low_load,Low load,1750.0,0.045,2.5,177,110.06167992150097
low_load,Low load,1750.0,0.045,2.5,178,100.04307250971338
low_load,Low load,1750.0,0.045,2.5,179,99.60542885993269
low_load,Low load,1750.0,0.045,2.5,180,109.83401669384935
low_load,Low load,1750.0,0.045,2.5,181,40.65297103127456
low_load,Low load,1750.0,0.045,2.5,182,171.37340547349066
low_load,Low load,1750.0,0.045,2.5,183,174.22045728608182
low_load,Low load,1750.0,0.045,2.5,184,122.58758994538891
low_load,Low load,1750.0,0.045,2.5,185,148.15126777319585
low_load,Low load,1750.0,0.045,2.5,186,96.5838431429944
low_load,Low load,1750.0,0.045,2.5,187,109.60142525378254
low_load,Low load,1750.0,0.045,2.5,188,109.78789790096096
low_load,Low load,1750.0,0.045,2.5,189,99.68318060362583
low_load,Low load,1750.0,0.045,2.5,190,249.4253417381652
low_load,Low load,1750.0,0.045,2.5,191,104.7357197893177
low_load,Low load,1750.0,0.045,2.5,192,95.2316492428179
low_load,Low load,1750.0,0.045,2.5,193,97.1306906494278
low_load,Low load,1750.0,0.045,2.5,194,97.85866121988421
low_load,Low load,1750.0,0.045,2.5,195,122.09329973723132
low_load,Low load,1750.0,0.045,2.5,196,107.81331697691348
low_load,Low load,1750.0,0.045,2.5,197,109.97392242238412
low_load,Low load,1750.0,0.045,2.5,198,107.54964885693795
low_load,Low load,1750.0,0.045,2.5,199,99.03417012986708
low_load,Low load,1750.0,0.045,2.5,200,58.6684576350821
low_load,Low load,1750.0,0.045,2.5,201,90.03645450190928
low_load,Low load,1750.0,0.045,2.5,202,141.904957856592
low_load,Low load,1750.0,0.045,2.5,203,99.67508119885942
low_load,Low load,1750.0,0.045,2.5,204,98.04961300972147
low_load,Low load,1750.0,0.045,2.5,205,69.02386364136198
low_load,Low load,1750.0,0.045,2.5,206,100.25760206679861
low_load,Low load,1750.0,0.045,2.5,207,101.26571843903949
low_load,Low load,1750.0,0.045,2.5,208,95.03745851553921
low_load,Low load,1750.0,0.045,2.5,209,32.01290680615327
low_load,Low load,1750.0,0.045,2.5,210,93.08933745713219
low_load,Low load,1750.0,0.045,2.5,211,97.32029619921447
low_load,Low load,1750.0,0.045,2.5,212,118.4287796364677
low_load,Low load,1750.0,0.045,2.5,213,161.1116032414579
low_load,Low load,1750.0,0.045,2.5,214,97.14231628429772
low_load,Low load,1750.0,0.045,2.5,215,97.59785465024093
low_load,Low load,1750.0,0.045,2.5,216,213.3451078280338
low_load,Low load,1750.0,0.045,2.5,217,106.01331018114419
low_load,Low load,1750.0,0.045,2.5,218,103.48952006591284
low_load,Low load,1750.0,0.045,2.5,219,22.924957324661484
low_load,Low load,1750.0,0.045,2.5,220,71.78528384564872
low_load,Low load,1750.0,0.045,2.5,221,107.771535006616
low_load,Low load,1750.0,0.045,2.5,222,169.95578242035648
low_load,Low load,1750.0,0.045,2.5,223,124.4183075638643
low_load,Low load,1750.0,0.045,2.5,224,143.73367996916076
low_load,Low load,1750.0,0.045,2.5,225,120.39743151595786
low_load,Low load,1750.0,0.045,2.5,226,120.0752128714305
low_load,Low load,1750.0,0.045,2.5,227,98.70442560749939
low_load,Low load,1750.0,0.045,2.5,228,102.56250820761332
low_load,Low load,1750.0,0.045,2.5,229,109.8195230006437
low_load,Low load,1750.0,0.045,2.5,230,97.23335248063017
low_load,Low load,1750.0,0.045,2.5,231,101.74955839847189
low_load,Low load,1750.0,0.045,2.5,232,96.36392106110591
low_load,Low load,1750.0,0.045,2.5,233,103.78912996410739
low_load,Low load,1750.0,0.045,2.5,234,101.02247651725735
low_load,Low load,1750.0,0.045,2.5,235,95.38531665801827
low_load,Low load,1750.0,0.045,2.5,236,110.85567428989384
low_load,Low load,1750.0,0.045,2.5,237,371.9621663087288
low_load,Low load,1750.0,0.045,2.5,238,98.63086579739439
low_load,Low load,1750.0,0.045,2.5,239,116.60886928062948
low_load,Low load,1750.0,0.045,2.5,240,324.22232925244816
low_load,Low load,1750.0,0.045,2.5,241,310.5863770869254
low_load,Low load,1750.0,0.045,2.5,242,100.50017964806645
low_load,Low load,1750.0,0.045,2.5,243,36.93456664984635
low_load,Low load,1750.0,0.045,2.5,244,98.12359984973315
low_load,Low load,1750.0,0.045,2.5,245,154.91401577066046
low_load,Low load,1750.0,0.045,2.5,246,101.28344212149206
low_load,Low load,1750.0,0.045,2.5,247,147.41076454132738
low_load,Low load,1750.0,0.045,2.5,248,101.9413759321584
low_load,Low load,1750.0,0.045,2.5,249,100.0396164792692
low_load,Low load,1750.0,0.045,2.5,250,128.53715189058335
low_load,Low load,1750.0,0.045,2.5,251,169.93292450404164
low_load,Low load,1750.0,0.045,2.5,252,97.3226493492929
low_load,Low load,1750.0,0.045,2.5,253,89.57289262316183
low_load,Low load,1750.0,0.045,2.5,254,108.90139230356822
low_load,Low load,1750.0,0.045,2.5,255,121.02783702794274
low_load,Low load,1750.0,0.045,2.5,256,121.81728177305737
low_load,Low load,1750.0,0.045,2.5,257,99.70934042953743
low_load,Low load,1750.0,0.045,2.5,258,100.49303955774427
low_load,Low load,1750.0,0.045,2.5,259,111.69479035393826
low_load,Low load,1750.0,0.045,2.5,260,97.22787501672403
low_load,Low load,1750.0,0.045,2.5,261,96.08810202574065
low_load,Low load,1750.0,0.045,2.5,262,96.21593090179
low_load,Low load,1750.0,0.045,2.5,263,129.399630768012
low_load,Low load,1750.0,0.045,2.5,264,111.66029447210097
low_load,Low load,1750.0,0.045,2.5,265,112.46887852434233
low_load,Low load,1750.0,0.045,2.5,266,179.3555326312125
low_load,Low load,1750.0,0.045,2.5,267,127.97376902726651
low_load,Low load,1750.0,0.045,2.5,268,103.32629427224256
low_load,Low load,1750.0,0.045,2.5,269,104.308910566683
low_load,Low load,1750.0,0.045,2.5,270,99.3428358913107
low_load,Low load,1750.0,0.045,2.5,271,144.37807443498923
low_load,Low load,1750.0,0.045,2.5,272,96.47272649817941
low_load,Low load,1750.0,0.045,2.5,273,75.48193127148122
low_load,Low load,1750.0,0.045,2.5,274,129.43651842418262
low_load,Low load,1750.0,0.045,2.5,275,106.75383814234716
low_load,Low load,1750.0,0.045,2.5,276,106.14218586996327
low_load,Low load,1750.0,0.045,2.5,277,87.81892167630919
low_load,Low load,1750.0,0.045,2.5,278,123.67612903005666
low_load,Low load,1750.0,0.045,2.5,279,100.77212925773057
low_load,Low load,1750.0,0.045,2.5,280,118.40508893238899
low_load,Low load,1750.0,0.045,2.5,281,113.57517683055234
low_load,Low load,1750.0,0.045,2.5,282,99.84684159916252
low_load,Low load,1750.0,0.045,2.5,283,114.08126796330357
low_load,Low load,1750.0,0.045,2.5,284,213.69921198627517
low_load,Low load,1750.0,0.045,2.5,285,121.65153683945012
low_load,Low load,1750.0,0.045,2.5,286,90.92209447147154
low_load,Low load,1750.0,0.045,2.5,287,108.7022736883958
low_load,Low load,1750.0,0.045,2.5,288,102.4929616799486
low_load,Low load,1750.0,0.045,2.5,289,99.14687718646336
low_load,Low load,1750.0,0.045,2.5,290,97.13681151170985
low_load,Low load,1750.0,0.045,2.5,291,51.45996876442625
low_load,Low load,1750.0,0.045,2.5,292,110.77124438621533
low_load,Low load,1750.0,0.045,2.5,293,104.74332404485207
low_load,Low load,1750.0,0.045,2.5,294,92.85925519564434
low_load,Low load,1750.0,0.045,2.5,295,150.1792242908056
low_load,Low load,1750.0,0.045,2.5,296,97.83917800404792
low_load,Low load,1750.0,0.045,2.5,297,87.84074301952845
low_load,Low load,1750.0,0.045,2.5,298,83.4828083832961
low_load,Low load,1750.0,0.045,2.5,299,89.01707562502848
low_load,Low load,1750.0,0.045,2.5,300,86.51049735023453
low_load,Low load,1750.0,0.045,2.5,301,152.82853252128888
low_load,Low load,1750.0,0.045,2.5,302,181.49736875750637
low_load,Low load,1750.0,0.045,2.5,303,103.32629427224256
low_load,Low load,1750.0,0.045,2.5,304,136.18483020579066
low_load,Low load,1750.0,0.045,2.5,305,77.79806521668958
low_load,Low load,1750.0,0.045,2.5,306,119.22547150925077
low_load,Low load,1750.0,0.045,2.5,307,170.08248016454334
low_load,Low load,1750.0,0.045,2.5,308,115.04143716877344
low_load,Low load,1750.0,0.045,2.5,309,123.27965371518741
low_load,Low load,1750.0,0.045,2.5,310,91.71275717525049
low_load,Low load,1750.0,0.045,2.5,311,116.38195331743366
low_load,Low load,1750.0,0.045,2.5,312,99.4880260657107
low_load,Low load,1750.0,0.045,2.5,313,92.52610948505688
low_load,Low load,1750.0,0.045,2.5,314,115.41927044249577
low_load,Low load,1750.0,0.045,2.5,315,140.37183091782563
low_load,Low load,1750.0,0.045,2.5,316,170.1550374629756
low_load,Low load,1750.0,0.045,2.5,317,221.32420977328024
low_load,Low load,1750.0,0.045,2.5,318,71.69634382219355
low_load,Low load,1750.0,0.045,2.5,319,103.63080171472976
low_load,Low load,1750.0,0.045,2.5,320,102.84040317355648
low_load,Low load,1750.0,0.045,2.5,321,98.69001892369462
low_load,Low load,1750.0,0.045,2.5,322,115.92515825411913
low_load,Low load,1750.0,0.045,2.5,323,133.01144869094452
low_load,Low load,1750.0,0.045,2.5,324,111.35541129544868
low_load,Low load,1750.0,0.045,2.5,325,99.86138452634643
low_load,Low load,1750.0,0.045,2.5,326,128.24676741493366
low_load,Low load,1750.0,0.045,2.5,327,245.74076649786494
low_load,Low load,1750.0,0.045,2.5,328,100.64457326295809
low_load,Low load,1750.0,0.045,2.5,329,95.88203883741602
low_load,Low load,1750.0,0.045,2.5,330,123.5620446634139
low_load,Low load,1750.0,0.045,2.5,331,95.85188769586642
low_load,Low load,1750.0,0.045,2.5,332,122.95608348565298
low_load,Low load,1750.0,0.045,2.5,333,84.82620916317374
low_load,Low load,1750.0,0.045,2.5,334,107.85926747424588
low_load,Low load,1750.0,0.045,2.5,335,98.66460405900109
low_load,Low load,1750.0,0.045,2.5,336,122.61406216171652
low_load,Low load,1750.0,0.045,2.5,337,96.45811094884017
low_load,Low load,1750.0,0.045,2.5,338,133.22900416365476
low_load,Low load,1750.0,0.045,2.5,339,99.72331178530912
low_load,Low load,1750.0,0.045,2.5,340,101.11200049784723
low_load,Low load,1750.0,0.045,2.5,341,99.31013770329899
low_load,Low load,1750.0,0.045,2.5,342,118.7794893538703
low_load,Low load,1750.0,0.045,2.5,343,86.58256466298157
low_load,Low load,1750.0,0.045,2.5,344,111.45819338760448
low_load,Low load,1750.0,0.045,2.5,345,167.48986046517632
low_load,Low load,1750.0,0.045,2.5,346,90.90817663422969
low_load,Low load,1750.0,0.045,2.5,347,115.71448279234187
low_load,Low load,1750.0,0.045,2.5,348,98.62619667903083
low_load,Low load,1750.0,0.045,2.5,349,140.17539349374357
low_load,Low load,1750.0,0.045,2.5,350,102.78185235265657
low_load,Low load,1750.0,0.045,2.5,351,87.13075379293426
low_load,Low load,1750.0,0.045,2.5,352,91.96294686240167
low_load,Low load,1750.0,0.045,2.5,353,92.9911861398099
low_load,Low load,1750.0,0.045,2.5,354,122.97057330363249
low_load,Low load,1750.0,0.045,2.5,355,276.8337647581491
low_load,Low load,1750.0,0.045,2.5,356,105.19214326760243
low_load,Low load,1750.0,0.045,2.5,357,95.31121921561048
low_load,Low load,1750.0,0.045,2.5,358,105.92040791039535
low_load,Low load,1750.0,0.045,2.5,359,196.87157087284388
low_load,Low load,1750.0,0.045,2.5,360,103.07890552298119
low_load,Low load,1750.0,0.045,2.5,361,112.30267657958173
low_load,Low load,1750.0,0.045,2.5,362,196.0507639418537
low_load,Low load,1750.0,0.045,2.5,363,102.14870142028056
low_load,Low load,1750.0,0.045,2.5,364,145.48043767845428
low_load,Low load,1750.0,0.045,2.5,365,105.16014396780402
low_load,Low load,1750.0,0.045,2.5,366,101.50333298312631
low_load,Low load,1750.0,0.045,2.5,367,98.22049448171789
low_load,Low load,1750.0,0.045,2.5,368,96.6723484196198
low_load,Low load,1750.0,0.045,2.5,369,96.75588296879835
low_load,Low load,1750.0,0.045,2.5,370,114.58097242465949
low_load,Low load,1750.0,0.045,2.5,371,110.52737128214234
low_load,Low load,1750.0,0.045,2.5,372,79.90763546797454
low_load,Low load,1750.0,0.045,2.5,373,203.70747078808057
low_load,Low load,1750.0,0.045,2.5,374,83.15973500738147
low_load,Low load,1750.0,0.045,2.5,375,243.6425158053502
low_load,Low load,1750.0,0.045,2.5,376,122.53366118487797
low_load,Low load,1750.0,0.045,2.5,377,147.61774134531518
low_load,Low load,1750.0,0.045,2.5,378,148.17325247936083
low_load,Low load,1750.0,0.045,2.5,379,137.13290257517278
low_load,Low load,1750.0,0.045,2.5,380,47.70898119580158
low_load,Low load,1750.0,0.045,2.5,381,96.03540181025605
low_load,Low load,1750.0,0.045,2.5,382,86.58765477687035
low_load,Low load,1750.0,0.045,2.5,383,119.68688353173233
low_load,Low load,1750.0,0.045,2.5,384,92.8622707721033
low_load,Low load,1750.0,0.045,2.5,385,95.9547159444367
low_load,Low load,1750.0,0.045,2.5,386,122.57745722555693
low_load,Low load,1750.0,0.045,2.5,387,124.58206441760026
low_load,Low load,1750.0,0.045,2.5,388,107.18909394604617
low_load,Low load,1750.0,0.045,2.5,389,260.03817653778447
low_load,Low load,1750.0,0.045,2.5,390,111.78115501629588
low_load,Low load,1750.0,0.045,2.5,391,127.75433368837588
low_load,Low load,1750.0,0.045,2.5,392,102.56250820761332
low_load,Low load,1750.0,0.045,2.5,393,98.0127386248226
low_load,Low load,1750.0,0.045,2.5,394,97.9158980931409
low_load,Low load,1750.0,0.045,2.5,395,51.09050012394499
low_load,Low load,1750.0,0.045,2.5,396,128.36970125977268
low_load,Low load,1750.0,0.045,2.5,397,30.19189894042964
low_load,Low load,1750.0,0.045,2.5,398,108.48549817412704
low_load,Low load,1750.0,0.045,2.5,399,103.30850833347876
low_load,Low load,1750.0,0.045,2.5,400,101.8942542719993
low_load,Low load,1750.0,0.045,2.5,401,96.15054814487792
low_load,Low load,1750.0,0.045,2.5,402,89.15402726227349
low_load,Low load,1750.0,0.045,2.5,403,51.45996876442625
low_load,Low load,1750.0,0.045,2.5,404,97.13349706097456
low_load,Low load,1750.0,0.045,2.5,405,104.42676235578878
low_load,Low load,1750.0,0.045,2.5,406,75.40867395385845
low_load,Low load,1750.0,0.045,2.5,407,106.82181625390717
low_load,Low load,1750.0,0.045,2.5,408,96.76121845066608
low_load,Low load,1750.0,0.045,2.5,409,115.56496061567726
low_load,Low load,1750.0,0.045,2.5,410,133.01144869094452
low_load,Low load,1750.0,0.045,2.5,411,61.04445052194036
low_load,Low load,1750.0,0.045,2.5,412,99.03417012986708
low_load,Low load,1750.0,0.045,2.5,413,203.68832690671127
low_load,Low load,1750.0,0.045,2.5,414,93.26090020229674
low_load,Low load,1750.0,0.045,2.5,415,155.29925525048802
low_load,Low load,1750.0,0.045,2.5,416,125.44301544279554
low_load,Low load,1750.0,0.045,2.5,417,99.14687718646336
low_load,Low load,1750.0,0.045,2.5,418,193.23197652961736
low_load,Low load,1750.0,0.045,2.5,419,106.00601974975069
low_load,Low load,1750.0,0.045,2.5,420,119.16420140151578
low_load,Low load,1750.0,0.045,2.5,421,132.67548956541887
low_load,Low load,1750.0,0.045,2.5,422,190.56422098323142
low_load,Low load,1750.0,0.045,2.5,423,87.62930978742013
low_load,Low load,1750.0,0.045,2.5,424,138.4309303876905
low_load,Low load,1750.0,0.045,2.5,425,255.77007336794622
low_load,Low load,1750.0,0.045,2.5,426,108.04888052823252
low_load,Low load,1750.0,0.045,2.5,427,89.88918978115505
low_load,Low load,1750.0,0.045,2.5,428,96.03944751568065
low_load,Low load,1750.0,0.045,2.5,429,101.04790990659134
low_load,Low load,1750.0,0.045,2.5,430,116.54902944374076
low_load,Low load,1750.0,0.045,2.5,431,98.58149323048379
low_load,Low load,1750.0,0.045,2.5,432,182.93006145404595
low_load,Low load,1750.0,0.045,2.5,433,84.97026611777959
low_load,Low load,1750.0,0.045,2.5,434,151.29311431036405
low_load,Low load,1750.0,0.045,2.5,435,74.72392269204029
low_load,Low load,1750.0,0.045,2.5,436,95.79269497235124
low_load,Low load,1750.0,0.045,2.5,437,104.23278378600065
low_load,Low load,1750.0,0.045,2.5,438,99.34891624993149
low_load,Low load,1750.0,0.045,2.5,439,118.77596353061878
low_load,Low load,1750.0,0.045,2.5,440,100.28726897454875
low_load,Low load,1750.0,0.045,2.5,441,220.49135659770874
low_load,Low load,1750.0,0.045,2.5,442,367.7200779887412
low_load,Low load,1750.0,0.045,2.5,443,100.61319565670901
low_load,Low load,1750.0,0.045,2.5,444,117.78874342148806
low_load,Low load,1750.0,0.045,2.5,445,105.70716339314943
low_load,Low load,1750.0,0.045,2.5,446,112.95304810270538
low_load,Low load,1750.0,0.045,2.5,447,84.97026611777959
low_load,Low load,1750.0,0.045,2.5,448,106.27161127376347
low_load,Low load,1750.0,0.045,2.5,449,561.7447440943864
low_load,Low load,1750.0,0.045,2.5,450,96.21543706592074
low_load,Low load,1750.0,0.045,2.5,451,173.83865628884263
low_load,Low load,1750.0,0.045,2.5,452,116.15185270849625
low_load,Low load,1750.0,0.045,2.5,453,116.6395641542796
low_load,Low load,1750.0,0.045,2.5,454,84.97454135711486
low_load,Low load,1750.0,0.045,2.5,455,93.24828673427439
low_load,Low load,1750.0,0.045,2.5,456,113.05248099492653
low_load,Low load,1750.0,0.045,2.5,457,74.45919866138743
low_load,Low load,1750.0,0.045,2.5,458,110.78557123874504
low_load,Low load,1750.0,0.045,2.5,459,119.14535519356654
low_load,Low load,1750.0,0.045,2.5,460,92.52621569493283
low_load,Low load,1750.0,0.045,2.5,461,119.14535519356654
low_load,Low load,1750.0,0.045,2.5,462,107.64809653091629
low_load,Low load,1750.0,0.045,2.5,463,97.07020740362785
low_load,Low load,1750.0,0.045,2.5,464,118.46437054474274
low_load,Low load,1750.0,0.045,2.5,465,98.83518642532876
low_load,Low load,1750.0,0.045,2.5,466,61.95692039529545
low_load,Low load,1750.0,0.045,2.5,467,106.99685536648465
low_load,Low load,1750.0,0.045,2.5,468,265.5392526517324
low_load,Low load,1750.0,0.045,2.5,469,94.8266778486159
low_load,Low load,1750.0,0.045,2.5,470,96.29969172928051
low_load,Low load,1750.0,0.045,2.5,471,96.39730570789537
low_load,Low load,1750.0,0.045,2.5,472,94.97107549348371
low_load,Low load,1750.0,0.045,2.5,473,94.71509724462238
low_load,Low load,1750.0,0.045,2.5,474,105.42514157092411
low_load,Low load,1750.0,0.045,2.5,475,83.03518083637812
low_load,Low load,1750.0,0.045,2.5,476,124.14411849479845
low_load,Low load,1750.0,0.045,2.5,477,119.30296297504626
low_load,Low load,1750.0,0.045,2.5,478,103.36277179200881
low_load,Low load,1750.0,0.045,2.5,479,100.60910442768923
low_load,Low load,1750.0,0.045,2.5,480,100.83301290670025
low_load,Low load,1750.0,0.045,2.5,481,100.55148130065704
low_load,Low load,1750.0,0.045,2.5,482,98.90495350504821
low_load,Low load,1750.0,0.045,2.5,483,101.65024888762599
low_load,Low load,1750.0,0.045,2.5,484,105.54148467599993
low_load,Low load,1750.0,0.045,2.5,485,99.34421796194651
low_load,Low load,1750.0,0.045,2.5,486,102.45446531244318
low_load,Low load,1750.0,0.045,2.5,487,98.79373462783326
low_load,Low load,1750.0,0.045,2.5,488,149.50826048759495
low_load,Low load,1750.0,0.045,2.5,489,68.6185153981089
low_load,Low load,1750.0,0.045,2.5,490,113.54079468869877
low_load,Low load,1750.0,0.045,2.5,491,96.41513944509038
low_load,Low load,1750.0,0.045,2.5,492,102.87788948330444
low_load,Low load,1750.0,0.045,2.5,493,105.35289864034608
low_load,Low load,1750.0,0.045,2.5,494,363.74813087032777
low_load,Low load,1750.0,0.045,2.5,495,104.88998653587004
low_load,Low load,1750.0,0.045,2.5,496,103.91548829049398
low_load,Low load,1750.0,0.045,2.5,497,115.23237868179228
low_load,Low load,1750.0,0.045,2.5,498,220.39309796244328
low_load,Low load,1750.0,0.045,2.5,499,111.69479035393826
baseline,Baseline,1800.0,0.05,3.0,0,52.39724064662104
baseline,Baseline,1800.0,0.05,3.0,1,51.87943353224597
baseline,Baseline,1800.0,0.05,3.0,2,49.764275709631974
baseline,Baseline,1800.0,0.05,3.0,3,49.70951232456064
baseline,Baseline,1800.0,0.05,3.0,4,50.6914631462403
baseline,Baseline,1800.0,0.05,3.0,5,51.865206839032
baseline,Baseline,1800.0,0.05,3.0,6,62.1989877108315
baseline,Baseline,1800.0,0.05,3.0,7,51.05506657032474
baseline,Baseline,1800.0,0.05,3.0,8,43.17122066137817
baseline,Baseline,1800.0,0.05,3.0,9,45.507391202863715
baseline,Baseline,1800.0,0.05,3.0,10,46.835254344881676
baseline,Baseline,1800.0,0.05,3.0,11,45.434887839689694
baseline,Baseline,1800.0,0.05,3.0,12,53.784735842475165
baseline,Baseline,1800.0,0.05,3.0,13,48.36709145542182
baseline,Baseline,1800.0,0.05,3.0,14,51.89228296013129
baseline,Baseline,1800.0,0.05,3.0,15,52.57440170369735
baseline,Baseline,1800.0,0.05,3.0,16,47.8181595607061
baseline,Baseline,1800.0,0.05,3.0,17,45.17487503517758
baseline,Baseline,1800.0,0.05,3.0,18,42.61190586492923
baseline,Baseline,1800.0,0.05,3.0,19,43.450560198266565
baseline,Baseline,1800.0,0.05,3.0,20,45.49278464890662
baseline,Baseline,1800.0,0.05,3.0,21,44.437344877548526
baseline,Baseline,1800.0,0.05,3.0,22,48.07370586042862
baseline,Baseline,1800.0,0.05,3.0,23,41.16324558599979
baseline,Baseline,1800.0,0.05,3.0,24,47.90212102538528
baseline,Baseline,1800.0,0.05,3.0,25,45.65446390873191
baseline,Baseline,1800.0,0.05,3.0,26,53.075824162178854
baseline,Baseline,1800.0,0.05,3.0,27,51.40072909139769
baseline,Baseline,1800.0,0.05,3.0,28,39.087279479402284
baseline,Baseline,1800.0,0.05,3.0,29,45.901665163864905
baseline,Baseline,1800.0,0.05,3.0,30,57.13192940891446
baseline,Baseline,1800.0,0.05,3.0,31,48.48434791420305
baseline,Baseline,1800.0,0.05,3.0,32,48.60165977639919
baseline,Baseline,1800.0,0.05,3.0,33,56.96638717466142
baseline,Baseline,1800.0,0.05,3.0,34,48.75943166614317
baseline,Baseline,1800.0,0.05,3.0,35,47.49437826937059
baseline,Baseline,1800.0,0.05,3.0,36,53.29134187117228
baseline,Baseline,1800.0,0.05,3.0,37,60.59455363630639
baseline,Baseline,1800.0,0.05,3.0,38,60.06710189113548
baseline,Baseline,1800.0,0.05,3.0,39,50.71116534514511
baseline,Baseline,1800.0,0.05,3.0,40,43.67755178514278
baseline,Baseline,1800.0,0.05,3.0,41,57.347350875088466
baseline,Baseline,1800.0,0.05,3.0,42,54.47928928511235
baseline,Baseline,1800.0,0.05,3.0,43,57.20447619210123
baseline,Baseline,1800.0,0.05,3.0,44,57.59683631646959
baseline,Baseline,1800.0,0.05,3.0,45,51.960506521924394
baseline,Baseline,1800.0,0.05,3.0,46,34.15690057941395
baseline,Baseline,1800.0,0.05,3.0,47,59.92323254032621
baseline,Baseline,1800.0,0.05,3.0,48,54.3263348426245
baseline,Baseline,1800.0,0.05,3.0,49,43.01894221230878
baseline,Baseline,1800.0,0.05,3.0,50,39.51429891393
baseline,Baseline,1800.0,0.05,3.0,51,53.372099242091494
baseline,Baseline,1800.0,0.05,3.0,52,42.648715978593664
baseline,Baseline,1800.0,0.05,3.0,53,55.85225351872144
baseline,Baseline,1800.0,0.05,3.0,54,42.65386603513021
baseline,Baseline,1800.0,0.05,3.0,55,55.79625468023399
baseline,Baseline,1800.0,0.05,3.0,56,46.140402203959745
baseline,Baseline,1800.0,0.05,3.0,57,45.35750916306806
baseline,Baseline,1800.0,0.05,3.0,58,61.93034279956747
baseline,Baseline,1800.0,0.05,3.0,59,42.9382040598103
baseline,Baseline,1800.0,0.05,3.0,60,43.53582780634054
baseline,Baseline,1800.0,0.05,3.0,61,52.30857599233377
baseline,Baseline,1800.0,0.05,3.0,62,46.075411520204696
baseline,Baseline,1800.0,0.05,3.0,63,50.46825626652462
baseline,Baseline,1800.0,0.05,3.0,64,52.86390438365928
baseline,Baseline,1800.0,0.05,3.0,65,39.01081032351883
baseline,Baseline,1800.0,0.05,3.0,66,45.758381360790736
baseline,Baseline,1800.0,0.05,3.0,67,44.764829579947516
baseline,Baseline,1800.0,0.05,3.0,68,38.80984345024468
baseline,Baseline,1800.0,0.05,3.0,69,54.47554814409223
baseline,Baseline,1800.0,0.05,3.0,70,55.293899032737
baseline,Baseline,1800.0,0.05,3.0,71,46.904620449124245
baseline,Baseline,1800.0,0.05,3.0,72,54.175346607232534
baseline,Baseline,1800.0,0.05,3.0,73,49.80748356325378
baseline,Baseline,1800.0,0.05,3.0,74,57.12709948095778
baseline,Baseline,1800.0,0.05,3.0,75,42.668487819351725
baseline,Baseline,1800.0,0.05,3.0,76,54.87941148378673
baseline,Baseline,1800.0,0.05,3.0,77,51.008559274245854
baseline,Baseline,1800.0,0.05,3.0,78,44.03310717011109
baseline,Baseline,1800.0,0.05,3.0,79,49.79619512347995
baseline,Baseline,1800.0,0.05,3.0,80,55.640600503765064
baseline,Baseline,1800.0,0.05,3.0,81,46.049292995971555
baseline,Baseline,1800.0,0.05,3.0,82,36.96126678091621
baseline,Baseline,1800.0,0.05,3.0,83,56.169813327552546
baseline,Baseline,1800.0,0.05,3.0,84,55.74580574205622
baseline,Baseline,1800.0,0.05,3.0,85,57.31354121958797
baseline,Baseline,1800.0,0.05,3.0,86,53.95064630772797
baseline,Baseline,1800.0,0.05,3.0,87,53.195736070557466
baseline,Baseline,1800.0,0.05,3.0,88,55.458406505939
baseline,Baseline,1800.0,0.05,3.0,89,37.5082446375753
baseline,Baseline,1800.0,0.05,3.0,90,59.07133402886938
baseline,Baseline,1800.0,0.05,3.0,91,55.531764841186636
baseline,Baseline,1800.0,0.05,3.0,92,54.4566091610499
baseline,Baseline,1800.0,0.05,3.0,93,41.53228015481962
baseline,Baseline,1800.0,0.05,3.0,94,37.36604309754736
baseline,Baseline,1800.0,0.05,3.0,95,50.97474876079722
baseline,Baseline,1800.0,0.05,3.0,96,56.13533298122527
baseline,Baseline,1800.0,0.05,3.0,97,57.455890952181974
baseline,Baseline,1800.0,0.05,3.0,98,43.264696657236485
baseline,Baseline,1800.0,0.05,3.0,99,47.38809887076146
baseline,Baseline,1800.0,0.05,3.0,100,57.281716661235166
baseline,Baseline,1800.0,0.05,3.0,101,50.72209312332737
baseline,Baseline,1800.0,0.05,3.0,102,43.35217390371502
baseline,Baseline,1800.0,0.05,3.0,103,47.853922913596435
baseline,Baseline,1800.0,0.05,3.0,104,53.45526363448686
baseline,Baseline,1800.0,0.05,3.0,105,62.26545206615799
baseline,Baseline,1800.0,0.05,3.0,106,60.92169474122523
baseline,Baseline,1800.0,0.05,3.0,107,42.209345648772754
baseline,Baseline,1800.0,0.05,3.0,108,56.73962448362565
baseline,Baseline,1800.0,0.05,3.0,109,54.274899668922885
baseline,Baseline,1800.0,0.05,3.0,110,53.96172258208402
baseline,Baseline,1800.0,0.05,3.0,111,54.302902826031236
baseline,Baseline,1800.0,0.05,3.0,112,46.82939745005116
baseline,Baseline,1800.0,0.05,3.0,113,41.90388812297239
baseline,Baseline,1800.0,0.05,3.0,114,55.073953869596316
baseline,Baseline,1800.0,0.05,3.0,115,49.26319460788193
baseline,Baseline,1800.0,0.05,3.0,116,49.40065962890015
baseline,Baseline,1800.0,0.05,3.0,117,44.22307307311068
baseline,Baseline,1800.0,0.05,3.0,118,49.931086677064386
baseline,Baseline,1800.0,0.05,3.0,119,56.85956926578246
baseline,Baseline,1800.0,0.05,3.0,120,43.436643215794
baseline,Baseline,1800.0,0.05,3.0,121,49.724758569107415
baseline,Baseline,1800.0,0.05,3.0,122,57.27881225335117
baseline,Baseline,1800.0,0.05,3.0,123,54.42912531432776
baseline,Baseline,1800.0,0.05,3.0,124,47.43586516631788
baseline,Baseline,1800.0,0.05,3.0,125,44.411420269112725
baseline,Baseline,1800.0,0.05,3.0,126,55.89719965077169
baseline,Baseline,1800.0,0.05,3.0,127,46.126067772526596
baseline,Baseline,1800.0,0.05,3.0,128,39.873455380109455
baseline,Baseline,1800.0,0.05,3.0,129,55.80901698537394
baseline,Baseline,1800.0,0.05,3.0,130,45.61754354588985
baseline,Baseline,1800.0,0.05,3.0,131,55.565250959055255
baseline,Baseline,1800.0,0.05,3.0,132,43.76988873581366
baseline,Baseline,1800.0,0.05,3.0,133,47.40628148063869
baseline,Baseline,1800.0,0.05,3.0,134,42.74836344118195
baseline,Baseline,1800.0,0.05,3.0,135,43.391190510519166
baseline,Baseline,1800.0,0.05,3.0,136,54.4131324958047
baseline,Baseline,1800.0,0.05,3.0,137,46.26695301303105
baseline,Baseline,1800.0,0.05,3.0,138,43.77163331631378
baseline,Baseline,1800.0,0.05,3.0,139,39.86088281546344
baseline,Baseline,1800.0,0.05,3.0,140,52.3200936837535
baseline,Baseline,1800.0,0.05,3.0,141,52.70900215004145
baseline,Baseline,1800.0,0.05,3.0,142,47.91105356455234
baseline,Baseline,1800.0,0.05,3.0,143,57.35146064666393
baseline,Baseline,1800.0,0.05,3.0,144,42.257716923941366
baseline,Baseline,1800.0,0.05,3.0,145,45.40605681927553
baseline,Baseline,1800.0,0.05,3.0,146,53.29942540347375
baseline,Baseline,1800.0,0.05,3.0,147,55.82407314380814
baseline,Baseline,1800.0,0.05,3.0,148,56.68192844853878
baseline,Baseline,1800.0,0.05,3.0,149,38.05685523502534
baseline,Baseline,1800.0,0.05,3.0,150,47.64587291333494
baseline,Baseline,1800.0,0.05,3.0,151,54.085252651098635
baseline,Baseline,1800.0,0.05,3.0,152,37.9085052396278
baseline,Baseline,1800.0,0.05,3.0,153,47.88107128747677
baseline,Baseline,1800.0,0.05,3.0,154,44.06571788131956
baseline,Baseline,1800.0,0.05,3.0,155,41.87074900508801
baseline,Baseline,1800.0,0.05,3.0,156,49.40089560825472
baseline,Baseline,1800.0,0.05,3.0,157,53.22398560210712
baseline,Baseline,1800.0,0.05,3.0,158,41.277084943487694
baseline,Baseline,1800.0,0.05,3.0,159,56.16026956183442
baseline,Baseline,1800.0,0.05,3.0,160,50.82327133310854
baseline,Baseline,1800.0,0.05,3.0,161,56.72400040585708
baseline,Baseline,1800.0,0.05,3.0,162,47.240318319312884
baseline,Baseline,1800.0,0.05,3.0,163,46.82225131861564
baseline,Baseline,1800.0,0.05,3.0,164,51.88720781483246
baseline,Baseline,1800.0,0.05,3.0,165,42.84360439869276
baseline,Baseline,1800.0,0.05,3.0,166,43.55359331281993
baseline,Baseline,1800.0,0.05,3.0,167,32.0014446934943
baseline,Baseline,1800.0,0.05,3.0,168,46.9637914481913
baseline,Baseline,1800.0,0.05,3.0,169,56.756252779788184
baseline,Baseline,1800.0,0.05,3.0,170,40.37613630008274
baseline,Baseline,1800.0,0.05,3.0,171,54.01967153582703
baseline,Baseline,1800.0,0.05,3.0,172,43.279780205973566
baseline,Baseline,1800.0,0.05,3.0,173,45.209718453433894
baseline,Baseline,1800.0,0.05,3.0,174,49.88089264945897
baseline,Baseline,1800.0,0.05,3.0,175,44.63934447021957
baseline,Baseline,1800.0,0.05,3.0,176,57.93287316806134
baseline,Baseline,1800.0,0.05,3.0,177,62.558613830716475
baseline,Baseline,1800.0,0.05,3.0,178,54.93528856108504
baseline,Baseline,1800.0,0.05,3.0,179,61.4032358031433
baseline,Baseline,1800.0,0.05,3.0,180,47.00122736267542
baseline,Baseline,1800.0,0.05,3.0,181,36.68520024541509
baseline,Baseline,1800.0,0.05,3.0,182,40.64450845690478
baseline,Baseline,1800.0,0.05,3.0,183,53.161251892700136
baseline,Baseline,1800.0,0.05,3.0,184,48.13477472745948
baseline,Baseline,1800.0,0.05,3.0,185,39.35526596959442
baseline,Baseline,1800.0,0.05,3.0,186,47.170996092338186
baseline,Baseline,1800.0,0.05,3.0,187,49.05821437233622
baseline,Baseline,1800.0,0.05,3.0,188,42.647854669645255
baseline,Baseline,1800.0,0.05,3.0,189,61.494476585567966
baseline,Baseline,1800.0,0.05,3.0,190,42.21700963358376
baseline,Baseline,1800.0,0.05,3.0,191,58.82556511820646
baseline,Baseline,1800.0,0.05,3.0,192,51.93241909626632
baseline,Baseline,1800.0,0.05,3.0,193,44.2486006427565
baseline,Baseline,1800.0,0.05,3.0,194,53.88609697640568
baseline,Baseline,1800.0,0.05,3.0,195,44.005501356946546
baseline,Baseline,1800.0,0.05,3.0,196,53.219282775788855
baseline,Baseline,1800.0,0.05,3.0,197,45.13186987569532
baseline,Baseline,1800.0,0.05,3.0,198,51.47975256781841
baseline,Baseline,1800.0,0.05,3.0,199,54.11632939044281
baseline,Baseline,1800.0,0.05,3.0,200,41.43880800335755
baseline,Baseline,1800.0,0.05,3.0,201,54.22189168615509
baseline,Baseline,1800.0,0.05,3.0,202,59.37842879137808
baseline,Baseline,1800.0,0.05,3.0,203,40.82788929037562
baseline,Baseline,1800.0,0.05,3.0,204,54.94255638654022
baseline,Baseline,1800.0,0.05,3.0,205,42.37021955995916
baseline,Baseline,1800.0,0.05,3.0,206,55.36606218561675
baseline,Baseline,1800.0,0.05,3.0,207,54.00491292738821
baseline,Baseline,1800.0,0.05,3.0,208,48.012012013565126
baseline,Baseline,1800.0,0.05,3.0,209,37.484008466274226
baseline,Baseline,1800.0,0.05,3.0,210,55.05414972287664
baseline,Baseline,1800.0,0.05,3.0,211,54.85088840394264
baseline,Baseline,1800.0,0.05,3.0,212,56.75940095991134
baseline,Baseline,1800.0,0.05,3.0,213,49.02854479919362
baseline,Baseline,1800.0,0.05,3.0,214,46.23638616680303
baseline,Baseline,1800.0,0.05,3.0,215,44.03310717011109
baseline,Baseline,1800.0,0.05,3.0,216,53.12181702838883
baseline,Baseline,1800.0,0.05,3.0,217,55.51264190638848
baseline,Baseline,1800.0,0.05,3.0,218,61.21790477586989
baseline,Baseline,1800.0,0.05,3.0,219,29.43901904777339
baseline,Baseline,1800.0,0.05,3.0,220,37.61152247052019
baseline,Baseline,1800.0,0.05,3.0,221,54.052249884591724
baseline,Baseline,1800.0,0.05,3.0,222,52.41971870698252
baseline,Baseline,1800.0,0.05,3.0,223,52.040225899932466
baseline,Baseline,1800.0,0.05,3.0,224,46.43850806100818
baseline,Baseline,1800.0,0.05,3.0,225,48.27030680295322
baseline,Baseline,1800.0,0.05,3.0,226,49.447283625161674
baseline,Baseline,1800.0,0.05,3.0,227,44.804358018964535
baseline,Baseline,1800.0,0.05,3.0,228,53.83637133881952
baseline,Baseline,1800.0,0.05,3.0,229,53.10586736074393
baseline,Baseline,1800.0,0.05,3.0,230,57.46566794736307
baseline,Baseline,1800.0,0.05,3.0,231,46.14998291931245
baseline,Baseline,1800.0,0.05,3.0,232,46.319882371262864
baseline,Baseline,1800.0,0.05,3.0,233,52.99790538393098
baseline,Baseline,1800.0,0.05,3.0,234,54.77224952642496
baseline,Baseline,1800.0,0.05,3.0,235,52.97123972083921
baseline,Baseline,1800.0,0.05,3.0,236,46.7356628567242
baseline,Baseline,1800.0,0.05,3.0,237,56.41308251810837
baseline,Baseline,1800.0,0.05,3.0,238,41.24272779824919
baseline,Baseline,1800.0,0.05,3.0,239,57.28644688095933
baseline,Baseline,1800.0,0.05,3.0,240,50.382881212566346
baseline,Baseline,1800.0,0.05,3.0,241,40.15524043199011
baseline,Baseline,1800.0,0.05,3.0,242,54.2107886332311
baseline,Baseline,1800.0,0.05,3.0,243,32.468020051752795
baseline,Baseline,1800.0,0.05,3.0,244,39.74875264985997
baseline,Baseline,1800.0,0.05,3.0,245,52.60534228371317
baseline,Baseline,1800.0,0.05,3.0,246,56.4193683794607
baseline,Baseline,1800.0,0.05,3.0,247,41.84274271628032
baseline,Baseline,1800.0,0.05,3.0,248,55.50275086550739
baseline,Baseline,1800.0,0.05,3.0,249,55.58352844829517
baseline,Baseline,1800.0,0.05,3.0,250,52.853445316463
baseline,Baseline,1800.0,0.05,3.0,251,55.02837650445692
baseline,Baseline,1800.0,0.05,3.0,252,42.58617660879376
baseline,Baseline,1800.0,0.05,3.0,253,46.93800663814842
baseline,Baseline,1800.0,0.05,3.0,254,56.54225209456544
baseline,Baseline,1800.0,0.05,3.0,255,38.107511350088416
baseline,Baseline,1800.0,0.05,3.0,256,43.98309150028681
baseline,Baseline,1800.0,0.05,3.0,257,57.568796298784
baseline,Baseline,1800.0,0.05,3.0,258,50.50554026242151
baseline,Baseline,1800.0,0.05,3.0,259,45.843598848712794
baseline,Baseline,1800.0,0.05,3.0,260,53.590885255993825
baseline,Baseline,1800.0,0.05,3.0,261,52.6507714514558
baseline,Baseline,1800.0,0.05,3.0,262,46.080028282655014
baseline,Baseline,1800.0,0.05,3.0,263,48.93997327351308
baseline,Baseline,1800.0,0.05,3.0,264,40.45966412152773
baseline,Baseline,1800.0,0.05,3.0,265,50.38995083036092
baseline,Baseline,1800.0,0.05,3.0,266,41.743376671635744
baseline,Baseline,1800.0,0.05,3.0,267,52.90607985592845
baseline,Baseline,1800.0,0.05,3.0,268,48.63048779341351
baseline,Baseline,1800.0,0.05,3.0,269,43.521307926709355
baseline,Baseline,1800.0,0.05,3.0,270,45.28107081702427
baseline,Baseline,1800.0,0.05,3.0,271,52.681565154331786
baseline,Baseline,1800.0,0.05,3.0,272,53.115522321171674
baseline,Baseline,1800.0,0.05,3.0,273,38.7261207831186
baseline,Baseline,1800.0,0.05,3.0,274,48.980992836311955
baseline,Baseline,1800.0,0.05,3.0,275,45.57544455121681
baseline,Baseline,1800.0,0.05,3.0,276,50.16183317453567
baseline,Baseline,1800.0,0.05,3.0,277,52.62823893531594
baseline,Baseline,1800.0,0.05,3.0,278,56.595515704943416
baseline,Baseline,1800.0,0.05,3.0,279,56.10526112907975
baseline,Baseline,1800.0,0.05,3.0,280,56.682297098781014
baseline,Baseline,1800.0,0.05,3.0,281,53.37721870872266
baseline,Baseline,1800.0,0.05,3.0,282,53.45456675584401
baseline,Baseline,1800.0,0.05,3.0,283,56.1149358882259
baseline,Baseline,1800.0,0.05,3.0,284,53.14367110574081
baseline,Baseline,1800.0,0.05,3.0,285,49.329339990276935
baseline,Baseline,1800.0,0.05,3.0,286,55.87619676134305
baseline,Baseline,1800.0,0.05,3.0,287,45.748414561466994
baseline,Baseline,1800.0,0.05,3.0,288,47.58740929532761
baseline,Baseline,1800.0,0.05,3.0,289,43.408780135691735
baseline,Baseline,1800.0,0.05,3.0,290,52.011259211122294
baseline,Baseline,1800.0,0.05,3.0,291,37.60213464031561
baseline,Baseline,1800.0,0.05,3.0,292,47.39045255003118
baseline,Baseline,1800.0,0.05,3.0,293,56.24859935807027
baseline,Baseline,1800.0,0.05,3.0,294,45.538203683944154
baseline,Baseline,1800.0,0.05,3.0,295,57.84058309575911
baseline,Baseline,1800.0,0.05,3.0,296,54.532783745971784
baseline,Baseline,1800.0,0.05,3.0,297,39.30391892470926
baseline,Baseline,1800.0,0.05,3.0,298,39.956953649723985
baseline,Baseline,1800.0,0.05,3.0,299,40.60818555512957
baseline,Baseline,1800.0,0.05,3.0,300,44.455100242330985
baseline,Baseline,1800.0,0.05,3.0,301,38.43722187479142
baseline,Baseline,1800.0,0.05,3.0,302,46.904732736626
baseline,Baseline,1800.0,0.05,3.0,303,48.63048779341351
baseline,Baseline,1800.0,0.05,3.0,304,52.32723320166566
baseline,Baseline,1800.0,0.05,3.0,305,42.23799141091855
baseline,Baseline,1800.0,0.05,3.0,306,53.473442580033286
baseline,Baseline,1800.0,0.05,3.0,307,55.37215156193891
baseline,Baseline,1800.0,0.05,3.0,308,45.55073673304949
baseline,Baseline,1800.0,0.05,3.0,309,53.6616410069107
baseline,Baseline,1800.0,0.05,3.0,310,44.43605162560254
baseline,Baseline,1800.0,0.05,3.0,311,49.594176145146726
baseline,Baseline,1800.0,0.05,3.0,312,56.806763208850704
baseline,Baseline,1800.0,0.05,3.0,313,53.61144343725531
baseline,Baseline,1800.0,0.05,3.0,314,63.626657640201586
baseline,Baseline,1800.0,0.05,3.0,315,54.47707520932328
baseline,Baseline,1800.0,0.05,3.0,316,51.35735150107189
baseline,Baseline,1800.0,0.05,3.0,317,55.19511678800668
baseline,Baseline,1800.0,0.05,3.0,318,42.67566981028627
baseline,Baseline,1800.0,0.05,3.0,319,50.209658648774074
baseline,Baseline,1800.0,0.05,3.0,320,43.56188140606199
baseline,Baseline,1800.0,0.05,3.0,321,48.27831322757262
baseline,Baseline,1800.0,0.05,3.0,322,50.82327133310854
baseline,Baseline,1800.0,0.05,3.0,323,39.183069982147536
baseline,Baseline,1800.0,0.05,3.0,324,55.06261272761187
baseline,Baseline,1800.0,0.05,3.0,325,62.75127723077075
baseline,Baseline,1800.0,0.05,3.0,326,55.97950980218335
baseline,Baseline,1800.0,0.05,3.0,327,40.642329459812245
baseline,Baseline,1800.0,0.05,3.0,328,54.853841633282194
baseline,Baseline,1800.0,0.05,3.0,329,53.04307341764954
baseline,Baseline,1800.0,0.05,3.0,330,43.264696657236485
baseline,Baseline,1800.0,0.05,3.0,331,54.66733323356277
baseline,Baseline,1800.0,0.05,3.0,332,36.47422841085329
baseline,Baseline,1800.0,0.05,3.0,333,43.733402863639455
baseline,Baseline,1800.0,0.05,3.0,334,52.8183432208041
baseline,Baseline,1800.0,0.05,3.0,335,45.054185603538045
baseline,Baseline,1800.0,0.05,3.0,336,63.53252745515246
baseline,Baseline,1800.0,0.05,3.0,337,39.07214291487318
baseline,Baseline,1800.0,0.05,3.0,338,54.39907583954579
baseline,Baseline,1800.0,0.05,3.0,339,60.44401950117082
baseline,Baseline,1800.0,0.05,3.0,340,54.87348778642691
baseline,Baseline,1800.0,0.05,3.0,341,54.76389528863544
baseline,Baseline,1800.0,0.05,3.0,342,42.46964663316241
baseline,Baseline,1800.0,0.05,3.0,343,42.31068982138738
baseline,Baseline,1800.0,0.05,3.0,344,41.99449228993301
baseline,Baseline,1800.0,0.05,3.0,345,53.403050892558305
baseline,Baseline,1800.0,0.05,3.0,346,44.060558621880304
baseline,Baseline,1800.0,0.05,3.0,347,47.60568080514282
baseline,Baseline,1800.0,0.05,3.0,348,60.90499145875243
baseline,Baseline,1800.0,0.05,3.0,349,51.7688503475728
baseline,Baseline,1800.0,0.05,3.0,350,60.924704965714696
baseline,Baseline,1800.0,0.05,3.0,351,39.207976700951484
baseline,Baseline,1800.0,0.05,3.0,352,47.1981038404098
baseline,Baseline,1800.0,0.05,3.0,353,55.978665161585845
baseline,Baseline,1800.0,0.05,3.0,354,43.226380643776785
baseline,Baseline,1800.0,0.05,3.0,355,56.554560210888354
baseline,Baseline,1800.0,0.05,3.0,356,52.22552934617926
baseline,Baseline,1800.0,0.05,3.0,357,54.21027415438547
baseline,Baseline,1800.0,0.05,3.0,358,55.00114494411291
baseline,Baseline,1800.0,0.05,3.0,359,59.77517808281204
baseline,Baseline,1800.0,0.05,3.0,360,42.279259480550756
baseline,Baseline,1800.0,0.05,3.0,361,44.178309792698904
baseline,Baseline,1800.0,0.05,3.0,362,58.90770486739924
baseline,Baseline,1800.0,0.05,3.0,363,54.34628743882817
baseline,Baseline,1800.0,0.05,3.0,364,54.61862297879694
baseline,Baseline,1800.0,0.05,3.0,365,54.68384325338801
baseline,Baseline,1800.0,0.05,3.0,366,48.27492214714356
baseline,Baseline,1800.0,0.05,3.0,367,49.50369572151928
baseline,Baseline,1800.0,0.05,3.0,368,39.33274175692814
baseline,Baseline,1800.0,0.05,3.0,369,37.7631662529486
baseline,Baseline,1800.0,0.05,3.0,370,50.48911743977915
baseline,Baseline,1800.0,0.05,3.0,371,49.886370333511536
baseline,Baseline,1800.0,0.05,3.0,372,40.27362804828659
baseline,Baseline,1800.0,0.05,3.0,373,55.504304075251625
baseline,Baseline,1800.0,0.05,3.0,374,42.155592567307565
baseline,Baseline,1800.0,0.05,3.0,375,52.66901667684884
baseline,Baseline,1800.0,0.05,3.0,376,57.035576406429556
baseline,Baseline,1800.0,0.05,3.0,377,50.70609503433096
baseline,Baseline,1800.0,0.05,3.0,378,60.19273426369319
baseline,Baseline,1800.0,0.05,3.0,379,57.408235681264806
baseline,Baseline,1800.0,0.05,3.0,380,35.48288231696563
baseline,Baseline,1800.0,0.05,3.0,381,53.47148693544413
baseline,Baseline,1800.0,0.05,3.0,382,39.26934510885469
baseline,Baseline,1800.0,0.05,3.0,383,51.06787936714846
baseline,Baseline,1800.0,0.05,3.0,384,52.229739482600465
baseline,Baseline,1800.0,0.05,3.0,385,47.46589363806897
baseline,Baseline,1800.0,0.05,3.0,386,38.63237352140353
baseline,Baseline,1800.0,0.05,3.0,387,42.623503257445535
baseline,Baseline,1800.0,0.05,3.0,388,45.76643220703551
baseline,Baseline,1800.0,0.05,3.0,389,62.53824307671198
baseline,Baseline,1800.0,0.05,3.0,390,53.86189959300345
baseline,Baseline,1800.0,0.05,3.0,391,50.58963554776538
baseline,Baseline,1800.0,0.05,3.0,392,53.83637133881952
baseline,Baseline,1800.0,0.05,3.0,393,53.357232914262724
baseline,Baseline,1800.0,0.05,3.0,394,52.726889394424575
baseline,Baseline,1800.0,0.05,3.0,395,40.1654429792614
baseline,Baseline,1800.0,0.05,3.0,396,42.33968188670043
baseline,Baseline,1800.0,0.05,3.0,397,36.77879156238065
baseline,Baseline,1800.0,0.05,3.0,398,51.76654246104239
baseline,Baseline,1800.0,0.05,3.0,399,57.07626175719628
baseline,Baseline,1800.0,0.05,3.0,400,55.767522638792855
baseline,Baseline,1800.0,0.05,3.0,401,53.65251444137342
baseline,Baseline,1800.0,0.05,3.0,402,43.917004360015966
baseline,Baseline,1800.0,0.05,3.0,403,37.60213464031561
baseline,Baseline,1800.0,0.05,3.0,404,58.00614503120056
baseline,Baseline,1800.0,0.05,3.0,405,54.53977199545586
baseline,Baseline,1800.0,0.05,3.0,406,42.40317805724097
baseline,Baseline,1800.0,0.05,3.0,407,51.865856777963366
baseline,Baseline,1800.0,0.05,3.0,408,41.83278806417823
baseline,Baseline,1800.0,0.05,3.0,409,45.86121650063012
baseline,Baseline,1800.0,0.05,3.0,410,39.183069982147536
baseline,Baseline,1800.0,0.05,3.0,411,42.03209794692721
baseline,Baseline,1800.0,0.05,3.0,412,54.11632939044281
baseline,Baseline,1800.0,0.05,3.0,413,50.47977683113438
baseline,Baseline,1800.0,0.05,3.0,414,54.45161547805169
baseline,Baseline,1800.0,0.05,3.0,415,48.415668825979814
baseline,Baseline,1800.0,0.05,3.0,416,41.53228015481962
baseline,Baseline,1800.0,0.05,3.0,417,43.408780135691735
baseline,Baseline,1800.0,0.05,3.0,418,42.977387453063564
baseline,Baseline,1800.0,0.05,3.0,419,56.18403792756
baseline,Baseline,1800.0,0.05,3.0,420,56.611532596280895
baseline,Baseline,1800.0,0.05,3.0,421,51.94372129164188
baseline,Baseline,1800.0,0.05,3.0,422,40.386429924260966
baseline,Baseline,1800.0,0.05,3.0,423,42.139978903258985
baseline,Baseline,1800.0,0.05,3.0,424,45.051988507235556
baseline,Baseline,1800.0,0.05,3.0,425,53.53714905397273
baseline,Baseline,1800.0,0.05,3.0,426,53.31467560285574
baseline,Baseline,1800.0,0.05,3.0,427,41.902827527330665
baseline,Baseline,1800.0,0.05,3.0,428,45.744518530556604
baseline,Baseline,1800.0,0.05,3.0,429,50.24363231566291
baseline,Baseline,1800.0,0.05,3.0,430,49.52310758575139
baseline,Baseline,1800.0,0.05,3.0,431,54.1716784887156
baseline,Baseline,1800.0,0.05,3.0,432,49.14738497774335
baseline,Baseline,1800.0,0.05,3.0,433,42.792056269018104
baseline,Baseline,1800.0,0.05,3.0,434,50.67998317272142
baseline,Baseline,1800.0,0.05,3.0,435,41.14238200850649
baseline,Baseline,1800.0,0.05,3.0,436,52.2367301946994
baseline,Baseline,1800.0,0.05,3.0,437,56.06154984555258
baseline,Baseline,1800.0,0.05,3.0,438,53.644204956175166
baseline,Baseline,1800.0,0.05,3.0,439,48.96422261091705
baseline,Baseline,1800.0,0.05,3.0,440,54.67857569295895
baseline,Baseline,1800.0,0.05,3.0,441,57.31855484447357
baseline,Baseline,1800.0,0.05,3.0,442,55.765886520379446
baseline,Baseline,1800.0,0.05,3.0,443,54.2694435099791
baseline,Baseline,1800.0,0.05,3.0,444,51.05515125499228
baseline,Baseline,1800.0,0.05,3.0,445,52.29650162009311
baseline,Baseline,1800.0,0.05,3.0,446,48.91712203427416
baseline,Baseline,1800.0,0.05,3.0,447,42.792056269018104
baseline,Baseline,1800.0,0.05,3.0,448,56.09053118610573
baseline,Baseline,1800.0,0.05,3.0,449,33.74066027221698
baseline,Baseline,1800.0,0.05,3.0,450,53.33579499775291
baseline,Baseline,1800.0,0.05,3.0,451,40.65260672817949
baseline,Baseline,1800.0,0.05,3.0,452,63.8224394824768
baseline,Baseline,1800.0,0.05,3.0,453,53.64808259700729
baseline,Baseline,1800.0,0.05,3.0,454,43.70334521407836
baseline,Baseline,1800.0,0.05,3.0,455,56.27564070297216
baseline,Baseline,1800.0,0.05,3.0,456,52.03023997006754
baseline,Baseline,1800.0,0.05,3.0,457,42.02604666877535
baseline,Baseline,1800.0,0.05,3.0,458,46.17684250399503
baseline,Baseline,1800.0,0.05,3.0,459,56.794599156778354
baseline,Baseline,1800.0,0.05,3.0,460,42.54513783718861
baseline,Baseline,1800.0,0.05,3.0,461,56.794599156778354
baseline,Baseline,1800.0,0.05,3.0,462,44.177341826210444
baseline,Baseline,1800.0,0.05,3.0,463,38.49982419918911
baseline,Baseline,1800.0,0.05,3.0,464,43.67261741939426
baseline,Baseline,1800.0,0.05,3.0,465,57.76313646045123
baseline,Baseline,1800.0,0.05,3.0,466,39.39631059381207
baseline,Baseline,1800.0,0.05,3.0,467,49.62168099774619
baseline,Baseline,1800.0,0.05,3.0,468,46.95551732482007
baseline,Baseline,1800.0,0.05,3.0,469,54.33815091985751
baseline,Baseline,1800.0,0.05,3.0,470,51.091831555176384
baseline,Baseline,1800.0,0.05,3.0,471,50.71437321743568
baseline,Baseline,1800.0,0.05,3.0,472,36.7624667133746
baseline,Baseline,1800.0,0.05,3.0,473,52.40940584722194
baseline,Baseline,1800.0,0.05,3.0,474,51.55451299937456
baseline,Baseline,1800.0,0.05,3.0,475,50.862802034988256
baseline,Baseline,1800.0,0.05,3.0,476,38.8100614072043
baseline,Baseline,1800.0,0.05,3.0,477,38.48686670596261
baseline,Baseline,1800.0,0.05,3.0,478,50.09102927311186
baseline,Baseline,1800.0,0.05,3.0,479,56.4411358101638
baseline,Baseline,1800.0,0.05,3.0,480,44.77640265742881
baseline,Baseline,1800.0,0.05,3.0,481,63.17770447440146
baseline,Baseline,1800.0,0.05,3.0,482,43.754307697143204
baseline,Baseline,1800.0,0.05,3.0,483,43.02091669432567
baseline,Baseline,1800.0,0.05,3.0,484,46.37920017610143
baseline,Baseline,1800.0,0.05,3.0,485,61.13144488061894
baseline,Baseline,1800.0,0.05,3.0,486,49.74529260560813
baseline,Baseline,1800.0,0.05,3.0,487,50.499302340292324
baseline,Baseline,1800.0,0.05,3.0,488,50.52609401304109
baseline,Baseline,1800.0,0.05,3.0,489,41.16024298369275
baseline,Baseline,1800.0,0.05,3.0,490,46.548469111621095
baseline,Baseline,1800.0,0.05,3.0,491,36.878174529637164
baseline,Baseline,1800.0,0.05,3.0,492,52.34449917384096
baseline,Baseline,1800.0,0.05,3.0,493,55.597494209618034
baseline,Baseline,1800.0,0.05,3.0,494,44.037738493502744
baseline,Baseline,1800.0,0.05,3.0,495,54.58956756231819
baseline,Baseline,1800.0,0.05,3.0,496,54.68843583966694
baseline,Baseline,1800.0,0.05,3.0,497,45.98998290386782
baseline,Baseline,1800.0,0.05,3.0,498,53.83762879047231
baseline,Baseline,1800.0,0.05,3.0,499,45.843598848712794
high_load,High load,1850.0,0.055,3.5,0,30.466141820043603
high_load,High load,1850.0,0.055,3.5,1,30.154865226143897
high_load,High load,1850.0,0.055,3.5,2,25.44938351272406
high_load,High load,1850.0,0.055,3.5,3,27.7120991300367
high_load,High load,1850.0,0.055,3.5,4,18.54173351715908
high_load,High load,1850.0,0.055,3.5,5,23.22297889522694
high_load,High load,1850.0,0.055,3.5,6,38.716226967584774
high_load,High load,1850.0,0.055,3.5,7,23.332566007792593
high_load,High load,1850.0,0.055,3.5,8,17.704869892621833
high_load,High load,1850.0,0.055,3.5,9,22.180421089672116
high_load,High load,1850.0,0.055,3.5,10,23.874391438982045
high_load,High load,1850.0,0.055,3.5,11,21.89597377927317
high_load,High load,1850.0,0.055,3.5,12,25.334941714418655
high_load,High load,1850.0,0.055,3.5,13,21.012900892429133
high_load,High load,1850.0,0.055,3.5,14,28.267666660111672
high_load,High load,1850.0,0.055,3.5,15,24.394627918446385
high_load,High load,1850.0,0.055,3.5,16,8.327506109243005
high_load,High load,1850.0,0.055,3.5,17,23.39090693798832
high_load,High load,1850.0,0.055,3.5,18,25.249603186935975
high_load,High load,1850.0,0.055,3.5,19,18.927012005437263
high_load,High load,1850.0,0.055,3.5,20,24.03835056279898
high_load,High load,1850.0,0.055,3.5,21,23.987999014306013
high_load,High load,1850.0,0.055,3.5,22,26.361252234441608
high_load,High load,1850.0,0.055,3.5,23,21.353516160109187
high_load,High load,1850.0,0.055,3.5,24,23.68424361678879
high_load,High load,1850.0,0.055,3.5,25,23.208375657469684
high_load,High load,1850.0,0.055,3.5,26,28.948521356612805
high_load,High load,1850.0,0.055,3.5,27,22.623683839449797
high_load,High load,1850.0,0.055,3.5,28,18.31991506929503
high_load,High load,1850.0,0.055,3.5,29,24.92187431157663
high_load,High load,1850.0,0.055,3.5,30,34.32159612804241
high_load,High load,1850.0,0.055,3.5,31,27.12566121868661
high_load,High load,1850.0,0.055,3.5,32,13.509676664388934
high_load,High load,1850.0,0.055,3.5,33,33.21731820961605
high_load,High load,1850.0,0.055,3.5,34,23.60999878372888
high_load,High load,1850.0,0.055,3.5,35,28.84441412322463
high_load,High load,1850.0,0.055,3.5,36,24.532457919039512
high_load,High load,1850.0,0.055,3.5,37,18.932659886948024
high_load,High load,1850.0,0.055,3.5,38,36.499132998428344
high_load,High load,1850.0,0.055,3.5,39,25.057159440594774
high_load,High load,1850.0,0.055,3.5,40,19.86610592324884
high_load,High load,1850.0,0.055,3.5,41,33.28763463547853
high_load,High load,1850.0,0.055,3.5,42,34.4794786768804
high_load,High load,1850.0,0.055,3.5,43,33.16635178598417
high_load,High load,1850.0,0.055,3.5,44,36.73777177839149
high_load,High load,1850.0,0.055,3.5,45,28.80147001264822
high_load,High load,1850.0,0.055,3.5,46,18.564650563900692
high_load,High load,1850.0,0.055,3.5,47,30.107720447837373
high_load,High load,1850.0,0.055,3.5,48,29.85998652199872
high_load,High load,1850.0,0.055,3.5,49,23.874837792700156
high_load,High load,1850.0,0.055,3.5,50,17.689446769265395
high_load,High load,1850.0,0.055,3.5,51,29.188739094878336
high_load,High load,1850.0,0.055,3.5,52,28.043122208152248
high_load,High load,1850.0,0.055,3.5,53,19.294738739136776
high_load,High load,1850.0,0.055,3.5,54,21.07539697790129
high_load,High load,1850.0,0.055,3.5,55,31.429248833039967
high_load,High load,1850.0,0.055,3.5,56,23.94416650841501
high_load,High load,1850.0,0.055,3.5,57,23.580841549655972
high_load,High load,1850.0,0.055,3.5,58,38.48789987518346
high_load,High load,1850.0,0.055,3.5,59,22.310344439864377
high_load,High load,1850.0,0.055,3.5,60,19.54177883122999
high_load,High load,1850.0,0.055,3.5,61,30.423686859295586
high_load,High load,1850.0,0.055,3.5,62,20.821325282212747
high_load,High load,1850.0,0.055,3.5,63,26.199048866516463
high_load,High load,1850.0,0.055,3.5,64,34.25745883538026
high_load,High load,1850.0,0.055,3.5,65,11.951479247702265
high_load,High load,1850.0,0.055,3.5,66,23.44701866595291
high_load,High load,1850.0,0.055,3.5,67,16.92124670209172
high_load,High load,1850.0,0.055,3.5,68,14.55366127350785
high_load,High load,1850.0,0.055,3.5,69,25.561002823043122
high_load,High load,1850.0,0.055,3.5,70,32.13461950222379
high_load,High load,1850.0,0.055,3.5,71,25.290999030052703
high_load,High load,1850.0,0.055,3.5,72,21.244653857462758
high_load,High load,1850.0,0.055,3.5,73,26.518923874033106
high_load,High load,1850.0,0.055,3.5,74,18.47074585215553
high_load,High load,1850.0,0.055,3.5,75,27.491596209350163
high_load,High load,1850.0,0.055,3.5,76,31.911239963872447
high_load,High load,1850.0,0.055,3.5,77,29.343309424751943
high_load,High load,1850.0,0.055,3.5,78,21.853849189687068
high_load,High load,1850.0,0.055,3.5,79,21.608369173854552
high_load,High load,1850.0,0.055,3.5,80,31.15853092581254
high_load,High load,1850.0,0.055,3.5,81,21.46097042550458
high_load,High load,1850.0,0.055,3.5,82,29.43550646836328
high_load,High load,1850.0,0.055,3.5,83,27.28861575918703
high_load,High load,1850.0,0.055,3.5,84,33.29557244162126
high_load,High load,1850.0,0.055,3.5,85,34.459687036487836
high_load,High load,1850.0,0.055,3.5,86,19.559950571788857
high_load,High load,1850.0,0.055,3.5,87,29.744655890073258
high_load,High load,1850.0,0.055,3.5,88,33.175585314895585
high_load,High load,1850.0,0.055,3.5,89,16.293212530709706
high_load,High load,1850.0,0.055,3.5,90,21.24312114932165
high_load,High load,1850.0,0.055,3.5,91,29.693471540980582
high_load,High load,1850.0,0.055,3.5,92,31.27872553634586
high_load,High load,1850.0,0.055,3.5,93,16.053940051026103
high_load,High load,1850.0,0.055,3.5,94,16.166843281756154
high_load,High load,1850.0,0.055,3.5,95,24.99039909503451
high_load,High load,1850.0,0.055,3.5,96,32.682969226137644
high_load,High load,1850.0,0.055,3.5,97,35.10979142603881
high_load,High load,1850.0,0.055,3.5,98,17.535161658724203
high_load,High load,1850.0,0.055,3.5,99,12.109964796555321
high_load,High load,1850.0,0.055,3.5,100,28.566114545014
high_load,High load,1850.0,0.055,3.5,101,20.265221735519766
high_load,High load,1850.0,0.055,3.5,102,22.908992431071248
high_load,High load,1850.0,0.055,3.5,103,20.69782304517478
high_load,High load,1850.0,0.055,3.5,104,31.851889542608763
high_load,High load,1850.0,0.055,3.5,105,38.19018326857768
high_load,High load,1850.0,0.055,3.5,106,37.88703133589409
high_load,High load,1850.0,0.055,3.5,107,9.260313484606806
high_load,High load,1850.0,0.055,3.5,108,28.412523616710107
high_load,High load,1850.0,0.055,3.5,109,30.696200803458844
high_load,High load,1850.0,0.055,3.5,110,25.78677789919824
high_load,High load,1850.0,0.055,3.5,111,30.271126513902864
high_load,High load,1850.0,0.055,3.5,112,25.849796562865574
high_load,High load,1850.0,0.055,3.5,113,16.625563744055864
high_load,High load,1850.0,0.055,3.5,114,33.04569217253301
high_load,High load,1850.0,0.055,3.5,115,21.07204221150978
high_load,High load,1850.0,0.055,3.5,116,28.411570348769498
high_load,High load,1850.0,0.055,3.5,117,24.165408573865147
high_load,High load,1850.0,0.055,3.5,118,22.447427945586647
high_load,High load,1850.0,0.055,3.5,119,36.01410028446016
high_load,High load,1850.0,0.055,3.5,120,16.696164030169086
high_load,High load,1850.0,0.055,3.5,121,21.32872173995664
high_load,High load,1850.0,0.055,3.5,122,30.3933366938414
high_load,High load,1850.0,0.055,3.5,123,31.61891491187151
high_load,High load,1850.0,0.055,3.5,124,22.387603877405763
high_load,High load,1850.0,0.055,3.5,125,20.905304169911883
high_load,High load,1850.0,0.055,3.5,126,31.768242599307747
high_load,High load,1850.0,0.055,3.5,127,24.740415342321768
high_load,High load,1850.0,0.055,3.5,128,26.949307241028198
high_load,High load,1850.0,0.055,3.5,129,31.451263897219373
high_load,High load,1850.0,0.055,3.5,130,23.065978726364925
high_load,High load,1850.0,0.055,3.5,131,31.597957038177352
high_load,High load,1850.0,0.055,3.5,132,23.584728658404163
high_load,High load,1850.0,0.055,3.5,133,21.458499911508707
high_load,High load,1850.0,0.055,3.5,134,24.047333578137323
high_load,High load,1850.0,0.055,3.5,135,19.76327961430943
high_load,High load,1850.0,0.055,3.5,136,30.243046957417334
high_load,High load,1850.0,0.055,3.5,137,22.012027391268553
high_load,High load,1850.0,0.055,3.5,138,23.201739724361413
high_load,High load,1850.0,0.055,3.5,139,29.7790629204698
high_load,High load,1850.0,0.055,3.5,140,30.986945005297372
high_load,High load,1850.0,0.055,3.5,141,19.9542209475348
high_load,High load,1850.0,0.055,3.5,142,24.49376913872809
high_load,High load,1850.0,0.055,3.5,143,17.41221874253846
high_load,High load,1850.0,0.055,3.5,144,18.383620557820027
high_load,High load,1850.0,0.055,3.5,145,22.34342179315791
high_load,High load,1850.0,0.055,3.5,146,29.82299952280328
high_load,High load,1850.0,0.055,3.5,147,32.11454600816582
high_load,High load,1850.0,0.055,3.5,148,34.066360244190165
high_load,High load,1850.0,0.055,3.5,149,17.135943232303507
high_load,High load,1850.0,0.055,3.5,150,24.982776556536933
high_load,High load,1850.0,0.055,3.5,151,31.09530756951648
high_load,High load,1850.0,0.055,3.5,152,15.47566369397408
high_load,High load,1850.0,0.055,3.5,153,23.93971585467552
high_load,High load,1850.0,0.055,3.5,154,28.131305065895784
high_load,High load,1850.0,0.055,3.5,155,17.322654614897292
high_load,High load,1850.0,0.055,3.5,156,23.311204778920388
high_load,High load,1850.0,0.055,3.5,157,32.390795596333156
high_load,High load,1850.0,0.055,3.5,158,16.268781394587975
high_load,High load,1850.0,0.055,3.5,159,32.08175960894355
high_load,High load,1850.0,0.055,3.5,160,25.17226002631682
high_load,High load,1850.0,0.055,3.5,161,29.142965528344547
high_load,High load,1850.0,0.055,3.5,162,22.216334337284653
high_load,High load,1850.0,0.055,3.5,163,25.147538960022974
high_load,High load,1850.0,0.055,3.5,164,25.41136275313828
high_load,High load,1850.0,0.055,3.5,165,22.289444872950874
high_load,High load,1850.0,0.055,3.5,166,25.652252510972584
high_load,High load,1850.0,0.055,3.5,167,29.473712038876865
high_load,High load,1850.0,0.055,3.5,168,21.522403112784495
high_load,High load,1850.0,0.055,3.5,169,34.49805798591993
high_load,High load,1850.0,0.055,3.5,170,16.476589396900863
high_load,High load,1850.0,0.055,3.5,171,31.112992075583502
high_load,High load,1850.0,0.055,3.5,172,10.917012581873696
high_load,High load,1850.0,0.055,3.5,173,22.597425547280864
high_load,High load,1850.0,0.055,3.5,174,28.052967023066508
high_load,High load,1850.0,0.055,3.5,175,24.7948726051452
high_load,High load,1850.0,0.055,3.5,176,35.81603783580089
high_load,High load,1850.0,0.055,3.5,177,39.52430718693487
high_load,High load,1850.0,0.055,3.5,178,31.694105289670652
high_load,High load,1850.0,0.055,3.5,179,38.664014714699405
high_load,High load,1850.0,0.055,3.5,180,23.011375798864524
high_load,High load,1850.0,0.055,3.5,181,33.99967276067065
high_load,High load,1850.0,0.055,3.5,182,11.892865778883746
high_load,High load,1850.0,0.055,3.5,183,19.50825412098967
high_load,High load,1850.0,0.055,3.5,184,21.207233442953683
high_load,High load,1850.0,0.055,3.5,185,12.477050914518735
high_load,High load,1850.0,0.055,3.5,186,25.448558600709404
high_load,High load,1850.0,0.055,3.5,187,24.84161845961467
high_load,High load,1850.0,0.055,3.5,188,18.775744708499513
high_load,High load,1850.0,0.055,3.5,189,38.746799280874505
high_load,High load,1850.0,0.055,3.5,190,9.203562549384271
high_load,High load,1850.0,0.055,3.5,191,34.462620481898966
high_load,High load,1850.0,0.055,3.5,192,29.882673020616604
high_load,High load,1850.0,0.055,3.5,193,22.22457655832698
high_load,High load,1850.0,0.055,3.5,194,31.008214722177243
high_load,High load,1850.0,0.055,3.5,195,17.8818145721812
high_load,High load,1850.0,0.055,3.5,196,27.918099982392267
high_load,High load,1850.0,0.055,3.5,197,20.818311746674716
high_load,High load,1850.0,0.055,3.5,198,27.426183523625415
high_load,High load,1850.0,0.055,3.5,199,31.033536183686522
high_load,High load,1850.0,0.055,3.5,200,30.843309006685136
high_load,High load,1850.0,0.055,3.5,201,33.821185400428156
high_load,High load,1850.0,0.055,3.5,202,28.008368113402348
high_load,High load,1850.0,0.055,3.5,203,18.968290152257993
high_load,High load,1850.0,0.055,3.5,204,32.27744542278309
high_load,High load,1850.0,0.055,3.5,205,27.989454370686886
high_load,High load,1850.0,0.055,3.5,206,33.874489313035546
high_load,High load,1850.0,0.055,3.5,207,30.285508044059807
high_load,High load,1850.0,0.055,3.5,208,26.63792882596144
high_load,High load,1850.0,0.055,3.5,209,43.837542044751174
high_load,High load,1850.0,0.055,3.5,210,33.8280372360287
high_load,High load,1850.0,0.055,3.5,211,32.36434768316713
high_load,High load,1850.0,0.055,3.5,212,29.396448057246598
high_load,High load,1850.0,0.055,3.5,213,17.47288782953604
high_load,High load,1850.0,0.055,3.5,214,24.206095883690796
high_load,High load,1850.0,0.055,3.5,215,21.853849189687068
high_load,High load,1850.0,0.055,3.5,216,16.184901987000377
high_load,High load,1850.0,0.055,3.5,217,31.068956134043738
high_load,High load,1850.0,0.055,3.5,218,37.17659392715706
high_load,High load,1850.0,0.055,3.5,219,37.744668084719684
high_load,High load,1850.0,0.055,3.5,220,21.575529540773196
high_load,High load,1850.0,0.055,3.5,221,28.86030280255099
high_load,High load,1850.0,0.055,3.5,222,19.398344292766094
high_load,High load,1850.0,0.055,3.5,223,24.1899375210811
high_load,High load,1850.0,0.055,3.5,224,17.811588763113644
high_load,High load,1850.0,0.055,3.5,225,22.221660014159095
high_load,High load,1850.0,0.055,3.5,226,23.36163846968117
high_load,High load,1850.0,0.055,3.5,227,23.230305528629913
high_load,High load,1850.0,0.055,3.5,228,29.921941434344326
high_load,High load,1850.0,0.055,3.5,229,28.79863366529682
high_load,High load,1850.0,0.055,3.5,230,35.17846297028616
high_load,High load,1850.0,0.055,3.5,231,23.93009514647299
high_load,High load,1850.0,0.055,3.5,232,24.371185817400224
high_load,High load,1850.0,0.055,3.5,233,28.660548853268512
high_load,High load,1850.0,0.055,3.5,234,31.173132257086618
high_load,High load,1850.0,0.055,3.5,235,30.812816652252884
high_load,High load,1850.0,0.055,3.5,236,21.93647004714206
high_load,High load,1850.0,0.055,3.5,237,11.463978078438965
high_load,High load,1850.0,0.055,3.5,238,19.335129619461863
high_load,High load,1850.0,0.055,3.5,239,30.255946468254486
high_load,High load,1850.0,0.055,3.5,240,10.306690972702947
high_load,High load,1850.0,0.055,3.5,241,7.095604804634339
high_load,High load,1850.0,0.055,3.5,242,31.297657565055424
high_load,High load,1850.0,0.055,3.5,243,29.671933383519438
high_load,High load,1850.0,0.055,3.5,244,18.277550164785353
high_load,High load,1850.0,0.055,3.5,245,21.213453727247057
high_load,High load,1850.0,0.055,3.5,246,33.302303542222724
high_load,High load,1850.0,0.055,3.5,247,14.013674383778245
high_load,High load,1850.0,0.055,3.5,248,31.79641710628007
high_load,High load,1850.0,0.055,3.5,249,32.39915402438393
high_load,High load,1850.0,0.055,3.5,250,24.65642219017106
high_load,High load,1850.0,0.055,3.5,251,20.678442829333612
high_load,High load,1850.0,0.055,3.5,252,20.9342729464814
high_load,High load,1850.0,0.055,3.5,253,27.02500026076884
high_load,High load,1850.0,0.055,3.5,254,30.901595986289497
high_load,High load,1850.0,0.055,3.5,255,13.951025278513269
high_load,High load,1850.0,0.055,3.5,256,18.041419305043778
high_load,High load,1850.0,0.055,3.5,257,34.53634455155143
high_load,High load,1850.0,0.055,3.5,258,26.95818026560472
high_load,High load,1850.0,0.055,3.5,259,20.949464297758
high_load,High load,1850.0,0.055,3.5,260,31.479203439361505
high_load,High load,1850.0,0.055,3.5,261,30.215577935055613
high_load,High load,1850.0,0.055,3.5,262,24.46266316374315
high_load,High load,1850.0,0.055,3.5,263,21.068211230696075
high_load,High load,1850.0,0.055,3.5,264,16.827286707272126
high_load,High load,1850.0,0.055,3.5,265,24.99637675994578
high_load,High load,1850.0,0.055,3.5,266,11.799324847556505
high_load,High load,1850.0,0.055,3.5,267,23.85630696960625
high_load,High load,1850.0,0.055,3.5,268,25.26025231761799
high_load,High load,1850.0,0.055,3.5,269,20.264643295240077
high_load,High load,1850.0,0.055,3.5,270,22.87186644158125
high_load,High load,1850.0,0.055,3.5,271,22.457308309514023
high_load,High load,1850.0,0.055,3.5,272,30.702959175715712
high_load,High load,1850.0,0.055,3.5,273,21.874202845571766
high_load,High load,1850.0,0.055,3.5,274,21.071923850536876
high_load,High load,1850.0,0.055,3.5,275,21.946254561664567
high_load,High load,1850.0,0.055,3.5,276,26.373046077686592
high_load,High load,1850.0,0.055,3.5,277,32.833231708228595
high_load,High load,1850.0,0.055,3.5,278,29.15643442832209
high_load,High load,1850.0,0.055,3.5,279,32.646690367421044
high_load,High load,1850.0,0.055,3.5,280,29.356582339838184
high_load,High load,1850.0,0.055,3.5,281,27.932324783843683
high_load,High load,1850.0,0.055,3.5,282,30.186910917818103
high_load,High load,1850.0,0.055,3.5,283,29.329871120004896
high_load,High load,1850.0,0.055,3.5,284,16.1768156233078
high_load,High load,1850.0,0.055,3.5,285,23.05981393082776
high_load,High load,1850.0,0.055,3.5,286,35.35132243401623
high_load,High load,1850.0,0.055,3.5,287,21.631558437041015
high_load,High load,1850.0,0.055,3.5,288,24.40523404047046
high_load,High load,1850.0,0.055,3.5,289,21.38880959746136
high_load,High load,1850.0,0.055,3.5,290,29.47257553565462
high_load,High load,1850.0,0.055,3.5,291,29.032766006154652
high_load,High load,1850.0,0.055,3.5,292,22.46090669133409
high_load,High load,1850.0,0.055,3.5,293,31.689206538382418
high_load,High load,1850.0,0.055,3.5,294,24.691953548783204
high_load,High load,1850.0,0.055,3.5,295,25.61189425690671
high_load,High load,1850.0,0.055,3.5,296,32.07362676680822
high_load,High load,1850.0,0.055,3.5,297,19.56188245155565
high_load,High load,1850.0,0.055,3.5,298,21.162593280394468
high_load,High load,1850.0,0.055,3.5,299,20.65223706041936
high_load,High load,1850.0,0.055,3.5,300,24.640184331701857
high_load,High load,1850.0,0.055,3.5,301,11.64918096042496
high_load,High load,1850.0,0.055,3.5,302,14.53870420475727
high_load,High load,1850.0,0.055,3.5,303,25.26025231761799
high_load,High load,1850.0,0.055,3.5,304,23.208928595905405
high_load,High load,1850.0,0.055,3.5,305,25.045298855378203
high_load,High load,1850.0,0.055,3.5,306,25.829234389695763
high_load,High load,1850.0,0.055,3.5,307,21.491676107200444
high_load,High load,1850.0,0.055,3.5,308,20.317248230487376
high_load,High load,1850.0,0.055,3.5,309,25.3690776601754
high_load,High load,1850.0,0.055,3.5,310,23.63351298322487
high_load,High load,1850.0,0.055,3.5,311,23.886317929537007
high_load,High load,1850.0,0.055,3.5,312,33.91430270211004
high_load,High load,1850.0,0.055,3.5,313,32.321458303070514
high_load,High load,1850.0,0.055,3.5,314,36.21926895256913
high_load,High load,1850.0,0.055,3.5,315,24.475015555330987
high_load,High load,1850.0,0.055,3.5,316,18.382128341685245
high_load,High load,1850.0,0.055,3.5,317,17.15965912433912
high_load,High load,1850.0,0.055,3.5,318,27.583201472508
high_load,High load,1850.0,0.055,3.5,319,25.96958322944981
high_load,High load,1850.0,0.055,3.5,320,20.68639407925786
high_load,High load,1850.0,0.055,3.5,321,26.552122439301122
high_load,High load,1850.0,0.055,3.5,322,25.17226002631682
high_load,High load,1850.0,0.055,3.5,323,13.608008931718421
high_load,High load,1850.0,0.055,3.5,324,29.07436759097734
high_load,High load,1850.0,0.055,3.5,325,40.13315651135729
high_load,High load,1850.0,0.055,3.5,326,26.385547082077693
high_load,High load,1850.0,0.055,3.5,327,8.79229885618414
high_load,High load,1850.0,0.055,3.5,328,31.454549167002686
high_load,High load,1850.0,0.055,3.5,329,30.746503635009258
high_load,High load,1850.0,0.055,3.5,330,17.535161658724203
high_load,High load,1850.0,0.055,3.5,331,32.614246718006996
high_load,High load,1850.0,0.055,3.5,332,12.740742843544599
high_load,High load,1850.0,0.055,3.5,333,24.422987132988688
high_load,High load,1850.0,0.055,3.5,334,27.562983822444988
high_load,High load,1850.0,0.055,3.5,335,22.6890884015656
high_load,High load,1850.0,0.055,3.5,336,36.98604374383376
high_load,High load,1850.0,0.055,3.5,337,17.920407354940632
high_load,High load,1850.0,0.055,3.5,338,24.28750009416881
high_load,High load,1850.0,0.055,3.5,339,37.53599249408617
high_load,High load,1850.0,0.055,3.5,340,31.34248697023369
high_load,High load,1850.0,0.055,3.5,341,31.7166965140408
high_load,High load,1850.0,0.055,3.5,342,17.34760902143458
high_load,High load,1850.0,0.055,3.5,343,22.796049361549425
high_load,High load,1850.0,0.055,3.5,344,17.753898432707395
high_load,High load,1850.0,0.055,3.5,345,20.038018021455073
high_load,High load,1850.0,0.055,3.5,346,23.438581313995464
high_load,High load,1850.0,0.055,3.5,347,22.142554181413583
high_load,High load,1850.0,0.055,3.5,348,38.42798425162784
high_load,High load,1850.0,0.055,3.5,349,21.78634850273845
high_load,High load,1850.0,0.055,3.5,350,39.69721427646027
high_load,High load,1850.0,0.055,3.5,351,19.943274568448285
high_load,High load,1850.0,0.055,3.5,352,26.410940382011848
high_load,High load,1850.0,0.055,3.5,353,34.78348856077391
high_load,High load,1850.0,0.055,3.5,354,17.538427333038975
high_load,High load,1850.0,0.055,3.5,355,14.576396195408408
high_load,High load,1850.0,0.055,3.5,356,27.51380017551299
high_load,High load,1850.0,0.055,3.5,357,32.245007309621506
high_load,High load,1850.0,0.055,3.5,358,30.578146716728533
high_load,High load,1850.0,0.055,3.5,359,21.670277536222315
high_load,High load,1850.0,0.055,3.5,360,19.609776553552823
high_load,High load,1850.0,0.055,3.5,361,19.698328007477166
high_load,High load,1850.0,0.055,3.5,362,21.13065334740702
high_load,High load,1850.0,0.055,3.5,363,30.600340219428176
high_load,High load,1850.0,0.055,3.5,364,23.67358737427754
high_load,High load,1850.0,0.055,3.5,365,30.16417408256004
high_load,High load,1850.0,0.055,3.5,366,25.211389025761413
high_load,High load,1850.0,0.055,3.5,367,27.784563542333895
high_load,High load,1850.0,0.055,3.5,368,17.849858333585175
high_load,High load,1850.0,0.055,3.5,369,16.584540402108548
high_load,High load,1850.0,0.055,3.5,370,24.507841366748956
high_load,High load,1850.0,0.055,3.5,371,25.492230146272114
high_load,High load,1850.0,0.055,3.5,372,22.16382168925246
high_load,High load,1850.0,0.055,3.5,373,18.434170521625592
high_load,High load,1850.0,0.055,3.5,374,23.586802439258474
high_load,High load,1850.0,0.055,3.5,375,14.055875901885457
high_load,High load,1850.0,0.055,3.5,376,28.809862597058345
high_load,High load,1850.0,0.055,3.5,377,20.340568138505702
high_load,High load,1850.0,0.055,3.5,378,27.63948623743466
high_load,High load,1850.0,0.055,3.5,379,27.26254603637461
high_load,High load,1850.0,0.055,3.5,380,28.038127142484946
high_load,High load,1850.0,0.055,3.5,381,31.340692687038445
high_load,High load,1850.0,0.055,3.5,382,20.078071637056894
high_load,High load,1850.0,0.055,3.5,383,23.64311137426734
high_load,High load,1850.0,0.055,3.5,384,30.681058809940012
high_load,High load,1850.0,0.055,3.5,385,26.24373057836785
high_load,High load,1850.0,0.055,3.5,386,14.306183637697334
high_load,High load,1850.0,0.055,3.5,387,16.99557147643179
high_load,High load,1850.0,0.055,3.5,388,21.784820045282032
high_load,High load,1850.0,0.055,3.5,389,18.581011962152058
high_load,High load,1850.0,0.055,3.5,390,27.808476682151543
high_load,High load,1850.0,0.055,3.5,391,22.913967555659948
high_load,High load,1850.0,0.055,3.5,392,29.921941434344326
high_load,High load,1850.0,0.055,3.5,393,30.57733041033387
high_load,High load,1850.0,0.055,3.5,394,29.898496486377795
high_load,High load,1850.0,0.055,3.5,395,32.75962066280178
high_load,High load,1850.0,0.055,3.5,396,15.974839746946262
high_load,High load,1850.0,0.055,3.5,397,44.59968594452052
high_load,High load,1850.0,0.055,3.5,398,27.776611624632448
high_load,High load,1850.0,0.055,3.5,399,33.22659456957171
high_load,High load,1850.0,0.055,3.5,400,32.09905534213043
high_load,High load,1850.0,0.055,3.5,401,31.375780288824835
high_load,High load,1850.0,0.055,3.5,402,24.063406378249972
high_load,High load,1850.0,0.055,3.5,403,29.032766006154652
high_load,High load,1850.0,0.055,3.5,404,35.82776812340332
high_load,High load,1850.0,0.055,3.5,405,30.595257099234246
high_load,High load,1850.0,0.055,3.5,406,25.50674650524833
high_load,High load,1850.0,0.055,3.5,407,28.406126721080128
high_load,High load,1850.0,0.055,3.5,408,20.480278417543232
high_load,High load,1850.0,0.055,3.5,409,20.52144110802545
high_load,High load,1850.0,0.055,3.5,410,13.608008931718421
high_load,High load,1850.0,0.055,3.5,411,30.585775624541547
high_load,High load,1850.0,0.055,3.5,412,31.033536183686522
high_load,High load,1850.0,0.055,3.5,413,15.396772268506034
high_load,High load,1850.0,0.055,3.5,414,33.077462553718235
high_load,High load,1850.0,0.055,3.5,415,17.61418859724613
high_load,High load,1850.0,0.055,3.5,416,16.053940051026103
high_load,High load,1850.0,0.055,3.5,417,21.38880959746136
high_load,High load,1850.0,0.055,3.5,418,11.897300746751458
high_load,High load,1850.0,0.055,3.5,419,31.670071366952282
high_load,High load,1850.0,0.055,3.5,420,29.12336840460445
high_load,High load,1850.0,0.055,3.5,421,23.432986000059238
high_load,High load,1850.0,0.055,3.5,422,10.605781052861317
high_load,High load,1850.0,0.055,3.5,423,22.64856653813278
high_load,High load,1850.0,0.055,3.5,424,17.227800581026294
high_load,High load,1850.0,0.055,3.5,425,14.348427686444856
high_load,High load,1850.0,0.055,3.5,426,27.984664754417995
high_load,High load,1850.0,0.055,3.5,427,21.932082039470558
high_load,High load,1850.0,0.055,3.5,428,24.167859233397877
high_load,High load,1850.0,0.055,3.5,429,27.903196051232364
high_load,High load,1850.0,0.055,3.5,430,24.016547837683355
high_load,High load,1850.0,0.055,3.5,431,31.243920649913264
high_load,High load,1850.0,0.055,3.5,432,15.692054826660762
high_load,High load,1850.0,0.055,3.5,433,23.522998061049453
high_load,High load,1850.0,0.055,3.5,434,20.098703553599226
high_load,High load,1850.0,0.055,3.5,435,24.447773805508636
high_load,High load,1850.0,0.055,3.5,436,29.900617909361017
high_load,High load,1850.0,0.055,3.5,437,31.998992933093096
high_load,High load,1850.0,0.055,3.5,438,30.532595842166856
high_load,High load,1850.0,0.055,3.5,439,23.113627968427846
high_load,High load,1850.0,0.055,3.5,440,31.866342296035853
high_load,High load,1850.0,0.055,3.5,441,18.505891175412025
high_load,High load,1850.0,0.055,3.5,442,11.332615426615783
high_load,High load,1850.0,0.055,3.5,443,30.894688275031697
high_load,High load,1850.0,0.055,3.5,444,25.03982695472236
high_load,High load,1850.0,0.055,3.5,445,28.734818938070248
high_load,High load,1850.0,0.055,3.5,446,23.7252497482768
high_load,High load,1850.0,0.055,3.5,447,23.522998061049453
high_load,High load,1850.0,0.055,3.5,448,31.567735725516357
high_load,High load,1850.0,0.055,3.5,449,3.4047339414338174
high_load,High load,1850.0,0.055,3.5,450,31.115737057827097
high_load,High load,1850.0,0.055,3.5,451,11.569866997190374
high_load,High load,1850.0,0.055,3.5,452,36.21926895256916
high_load,High load,1850.0,0.055,3.5,453,27.39173888553632
high_load,High load,1850.0,0.055,3.5,454,24.596033767315546
high_load,High load,1850.0,0.055,3.5,455,35.087780177752165
high_load,High load,1850.0,0.055,3.5,456,26.904671109819635
high_load,High load,1850.0,0.055,3.5,457,25.472024525795163
high_load,High load,1850.0,0.055,3.5,458,21.687345520257733
high_load,High load,1850.0,0.055,3.5,459,29.315320306851035
high_load,High load,1850.0,0.055,3.5,460,21.6632427761384
high_load,High load,1850.0,0.055,3.5,461,29.315320306851035
high_load,High load,1850.0,0.055,3.5,462,20.259049160894058
high_load,High load,1850.0,0.055,3.5,463,17.268412564393266
high_load,High load,1850.0,0.055,3.5,464,18.440070812522187
high_load,High load,1850.0,0.055,3.5,465,35.02843448419156
high_load,High load,1850.0,0.055,3.5,466,26.66573021825171
high_load,High load,1850.0,0.055,3.5,467,25.74847173635236
high_load,High load,1850.0,0.055,3.5,468,10.576072718410188
high_load,High load,1850.0,0.055,3.5,469,32.51291416426845
high_load,High load,1850.0,0.055,3.5,470,30.114744034095196
high_load,High load,1850.0,0.055,3.5,471,29.825957741785913
high_load,High load,1850.0,0.055,3.5,472,16.06647932505845
high_load,High load,1850.0,0.055,3.5,473,30.434822360626285
high_load,High load,1850.0,0.055,3.5,474,27.923328902089864
high_load,High load,1850.0,0.055,3.5,475,32.23153783297751
high_load,High load,1850.0,0.055,3.5,476,14.30447169922712
high_load,High load,1850.0,0.055,3.5,477,14.360756452572039
high_load,High load,1850.0,0.055,3.5,478,27.33479458300607
high_load,High load,1850.0,0.055,3.5,479,33.433969125085206
high_load,High load,1850.0,0.055,3.5,480,22.764239414939
high_load,High load,1850.0,0.055,3.5,481,40.38053386302958
high_load,High load,1850.0,0.055,3.5,482,21.420625816753528
high_load,High load,1850.0,0.055,3.5,483,20.262559846482976
high_load,High load,1850.0,0.055,3.5,484,22.68948640352815
high_load,High load,1850.0,0.055,3.5,485,38.441750887737136
high_load,High load,1850.0,0.055,3.5,486,27.01999727400007
high_load,High load,1850.0,0.055,3.5,487,27.355047804693335
high_load,High load,1850.0,0.055,3.5,488,19.71000728290126
high_load,High load,1850.0,0.055,3.5,489,26.6660148871049
high_load,High load,1850.0,0.055,3.5,490,21.326715908409383
high_load,High load,1850.0,0.055,3.5,491,15.955499916634121
high_load,High load,1850.0,0.055,3.5,492,29.31132500790527
high_load,High load,1850.0,0.055,3.5,493,31.25800391939988
high_load,High load,1850.0,0.055,3.5,494,7.318577895539718
high_load,High load,1850.0,0.055,3.5,495,30.049358126288325
high_load,High load,1850.0,0.055,3.5,496,30.7260220138948
high_load,High load,1850.0,0.055,3.5,497,20.645414708734485
high_load,High load,1850.0,0.055,3.5,498,16.38209820568517
high_load,High load,1850.0,0.055,3.5,499,20.949464297758
