dataset,series_id,x,wear_mm,predicted_wear_mm,residual_mm
NUAA,W1,0.0,0.1273533823167991,0.12735340490605293,-2.2589253828586564e-08
NUAA,W1,1.9318200000000003,0.1381901390916089,0.1450301687018974,-0.006840029610288484
NUAA,W1,3.8816250000000005,0.1459060098458775,0.15487901751425576,-0.008973007668378247
NUAA,W1,5.860635000000001,0.1555320783010579,0.16310528059814908,-0.007573202297091186
NUAA,W1,7.707095000000001,0.1675549116381204,0.16989267778552938,-0.002337766147408993
NUAA,W1,9.491734999999998,0.176850442237092,0.17590448244212703,0.000945959794964979
NUAA,W1,11.401885,0.18096034422861,0.18189629385938144,-0.0009359496307714543
NUAA,W1,13.297625,0.1861608368613749,0.1874890965286778,-0.001328259667302878
NUAA,W1,15.163829999999999,0.1949240274915537,0.19271617876499103,0.0022078487265626556
NUAA,W1,17.081349999999997,0.2039330641962862,0.19784725448230822,0.006085809713977985
NUAA,W1,18.966639999999995,0.2099330448291465,0.20269042399426784,0.007242620834878644
NUAA,W1,20.838015,0.2149832480967126,0.20732665165666148,0.007656596440051122
NUAA,W1,22.72083,0.2190721483949485,0.21184000352272936,0.007232144872219154
NUAA,W1,24.638294999999992,0.2208582714938907,0.2162979942284758,0.004560277265414914
NUAA,W1,26.563404999999996,0.2249995230220028,0.22064791538033704,0.004351607641665756
NUAA,W1,28.401944999999998,0.2289990720714768,0.22469585790189672,0.004303214169580072
NUAA,W1,30.276674999999994,0.2300000000000017,0.2287260367867738,0.0012739632132278966
NUAA,W1,31.905995,0.2300002123807955,0.2321551148850018,-0.002154902504206302
NUAA,W1,33.741345,0.2313819787446651,0.2359420734590704,-0.0045600947144052995
NUAA,W1,35.36263499999999,0.2350007586112319,0.23922515930027943,-0.0042244006890475305
NUAA,W1,36.77800500000001,0.2382539610435244,0.2420465436516711,-0.003792582608146716
NUAA,W1,37.41754499999999,0.2395623323643711,0.24330834935339835,-0.00374601698902724
NUAA,W1,38.27911999999999,0.2412604757355036,0.24499584192767676,-0.0037353661921731562
NUAA,W1,39.92515999999999,0.2450124252278978,0.2481817236782325,-0.003169298450334701
NUAA,W1,41.45603,0.2490069209169561,0.25110188253395727,-0.0020949616170011787
NUAA,W1,42.545855,0.252266877254014,0.25315677656847124,-0.0008898993144572653
NUAA,W1,43.64184,0.2550602066520381,0.2552039814186565,-0.0001437747666184208
NUAA,W1,45.447160000000004,0.2595897919604978,0.2585356886021646,0.0010541033583332249
NUAA,W1,46.680865,0.2627168726924778,0.26078470984668956,0.0019321628457882323
NUAA,W2,0.0,0.0600000000000008,0.060000023537236394,-2.3537235591120087e-08
NUAA,W2,1.11397,0.0600000000000002,0.07298710099835666,-0.012987100998356461
NUAA,W2,2.4547600000000003,0.0600005192455571,0.08144318052754083,-0.021442661281983737
NUAA,W2,4.134019999999999,0.0644755804556153,0.08985071826367363,-0.025375137808058335
NUAA,W2,5.244689999999999,0.0688909249880413,0.09471729888150429,-0.025826373893462998
NUAA,W2,7.106824999999999,0.0700000000000005,0.10210115277379171,-0.032101152773791206
NUAA,W2,9.044749999999999,0.0700000000000009,0.10906332428098747,-0.03906332428098658
NUAA,W2,10.926245,0.0746324641425199,0.11531550804479221,-0.040683043902272314
NUAA,W2,12.782879999999997,0.0800000000000017,0.12110889534245464,-0.04110889534245295
NUAA,W2,14.688079999999998,0.0800000000000022,0.1267418028807693,-0.04674180288076711
NUAA,W2,16.56259,0.0999111584037817,0.13202847777767948,-0.03211731937389778
NUAA,W2,18.497875,0.120000000000041,0.1372616909442156,-0.017261690944174582
NUAA,W2,19.605080000000005,0.1397766297764946,0.14016550248567905,-0.0003888727091844457
NUAA,W2,21.500490000000006,0.1600000000000526,0.145001155119256,0.014998844880796613
NUAA,W2,23.457500000000007,0.1898347755407307,0.14983311038803268,0.04000166515269801
NUAA,W2,25.386020000000006,0.2200000000001323,0.15445255614189984,0.06554744385823247
NUAA,W2,27.197115000000004,0.2200000000000628,0.1586752384655818,0.06132476153448102
NUAA,W3,0.0,0.0600000000000007,0.0600000277526288,-2.7752628098398624e-08
NUAA,W3,2.046825,0.0650369773604848,0.08252914027488102,-0.017492162914396217
NUAA,W3,4.056305,0.0749587007635104,0.0947754321870419,-0.019816731423531506
NUAA,W3,6.08465,0.0800000000000005,0.10498219656811655,-0.024982196568116052
NUAA,W3,8.045455,0.0899975709381158,0.11370755160752485,-0.023709980669409048
NUAA,W3,10.049930000000002,0.1099885369981426,0.12185176877957064,-0.011863231781428049
NUAA,W3,11.982905000000002,0.124967782374238,0.12915763576189576,-0.00418985338765776
NUAA,W3,13.753905000000001,0.1351303937081217,0.13548033403819829,-0.00034994033007659797
NUAA,W3,15.643485000000002,0.1551158688804145,0.14190614414686303,0.013209724733551476
NUAA,W3,17.494015000000005,0.1700000000000166,0.1479292538028854,0.022070746197131202
NUAA,W3,19.41940000000001,0.1700000000000216,0.15395355543177916,0.016046444568242446
NUAA,W4,0.0,0.0814036927952097,0.0814037211848532,-2.8389643497161998e-08
NUAA,W4,1.7602749999999998,0.0868384537961975,0.1023462445782592,-0.015507790782061687
NUAA,W4,3.5461799999999997,0.0939996590396629,0.11406871261572611,-0.020069053576063214
NUAA,W4,5.39913,0.1025301767682724,0.12405670802986338,-0.021526531261590973
NUAA,W4,7.1848149999999995,0.1120515690456851,0.13253734065543402,-0.020485771609748918
NUAA,W4,9.042329999999998,0.1224155848094941,0.1405718028680471,-0.018156218058552998
NUAA,W4,10.883124999999996,0.1554030008015741,0.14795574696717254,0.007447253834401563
NUAA,W4,12.427855,0.184791212144845,0.15380481962954734,0.030986392515297667
NUAA,W4,14.140939999999995,0.1942391535975402,0.15998854018270536,0.034250613414834846
NUAA,W4,15.992569999999994,0.1986928143963282,0.16637170029128895,0.03232111410503924
NUAA,W4,17.805755,0.199999914530234,0.17236520694968777,0.02763470758054623
NUAA,W4,19.612724999999994,0.2000000000000013,0.1781199464889379,0.021880053511063396
NUAA,W4,21.39588,0.2000004201145267,0.18361170849952885,0.01638871161499786
NUAA,W4,23.185744999999997,0.2012111113014649,0.18895831494130375,0.012252796360161161
NUAA,W4,24.971539999999994,0.2049991078691562,0.19414440579609782,0.010854702073058387
NUAA,W4,26.796164999999995,0.208855839663084,0.1993050869322551,0.009550752730828893
NUAA,W4,28.668585,0.2099999740848035,0.20446911129443462,0.005530862790368879
NUAA,W4,30.569549999999992,0.2100000000000015,0.20958725390236277,0.00041274609763872205
NUAA,W4,32.40478999999999,0.2100000269061986,0.21441918302901633,-0.004419156122817736
NUAA,W4,34.207085,0.2110272617520388,0.21906796942185872,-0.008040707669819902
NUAA,W4,36.09936,0.2149988878211717,0.2238535322623214,-0.008854644441149695
NUAA,W4,37.92096,0.2188499196433788,0.22837448734353688,-0.009524567700158082
NUAA,W4,40.026689999999995,0.2200000000000021,0.2335028871402599,-0.013502887140257797
NUAA,W4,41.830964999999985,0.2200014813268546,0.23781914619804986,-0.017817664871195266
NUAA,W4,43.55724999999999,0.221219544629641,0.24188559008520436,-0.02066604545556336
NUAA,W4,45.36894999999999,0.2282664138483714,0.24609040932946555,-0.017823995481094146
NUAA,W4,47.216015,0.2459264134270239,0.25031461806529587,-0.00438820463827197
NUAA,W4,49.101910000000004,0.262229753765211,0.25456578967704346,0.007663964088167552
NUAA,W5,0.0,0.1550451411591239,0.15504517587578523,-3.4716661323486164e-08
NUAA,W5,1.711545,0.1600000001636488,0.18020276498734142,-0.020202764823692626
NUAA,W5,3.2595199999999998,0.2100000001795408,0.1929092365783264,0.017090763601214393
NUAA,W5,4.92338,0.2100000000848325,0.20423807216444678,0.005761927920385712
NUAA,W5,6.626290000000001,0.2200000003785476,0.21444416447409126,0.005555835904456352
NUAA,W5,8.106174999999999,0.2200000000000008,0.2225510226234958,-0.0025510226234949918
NUAA,W5,9.15222,0.2200000000000287,0.22795650793021252,-0.00795650793018382
NUAA,W6,0.0,0.0865377445802467,0.08653778677401126,-4.21937645656012e-08
NUAA,W6,1.0039700000000003,0.1099958757218318,0.10833230173975751,0.0016635739820742845
NUAA,W6,2.53033,0.1149992438053285,0.12572450891780032,-0.010725265112471821
NUAA,W6,4.043105,0.1200000086645176,0.1392993827330407,-0.019299374068523112
NUAA,W6,5.531735,0.1250264209843548,0.15091403319079577,-0.02588761220644098
NUAA,W6,7.085705,0.1401542838756046,0.16186748420433916,-0.021713200328734555
NUAA,W6,8.309619999999999,0.1548355300140057,0.16988364649961324,-0.015048116485607527
NUAA,W6,9.805235,0.1599999962375352,0.17911454102037422,-0.019114544782839027
NUAA,W6,11.334620000000001,0.1700995679994255,0.1880348851490293,-0.017935317149603808
NUAA,W6,12.854104999999997,0.1901284042665345,0.19647092437934782,-0.006342520112813332
NUAA,W6,14.351755,0.2146816790523195,0.2044356226267684,0.010246056425551098
NUAA,W6,15.85771,0.2300000099759007,0.21214351660889058,0.017856493367010118
NUAA,W6,17.345955,0.2400298558413153,0.21950197124189935,0.020527884599415958
NUAA,W6,18.757035,0.2553631729338995,0.22626846947759954,0.029094703456299942
NUAA,W7,0.0,0.0758517909308511,0.07585187322831077,-8.22974596664805e-08
NUAA,W7,1.6699099999999991,0.085001676274057,0.13456423561649566,-0.04956255934243867
NUAA,W7,3.381125,0.0900000000000022,0.16772144588430216,-0.07772144588429995
NUAA,W7,5.047515,0.1649451759121449,0.19432349539655341,-0.029378319484408527
NUAA,W7,6.812849999999999,0.2449768854259969,0.21916322716559028,0.02581365826040663
NUAA,W7,8.505309999999998,0.2550053070450557,0.24083443084860562,0.014170876196450077
NUAA,W7,10.219825000000002,0.280002682246859,0.26122846465025934,0.01877421759659964
NUAA,W7,11.932195,0.3000000000000423,0.28038015170196634,0.019619848298075948
NUAA,W8,0.0,0.0839014886495303,0.0839015295201703,-4.087063999735907e-08
NUAA,W8,1.6955400000000003,0.1017097190073083,0.11334255134052272,-0.011632832333214424
NUAA,W8,3.36248,0.1188731403693272,0.12936604201105067,-0.010492901641723479
NUAA,W8,5.064455000000001,0.1398178550114088,0.14286225898283708,-0.0030444039714282722
NUAA,W8,6.7155000000000005,0.1489007678747748,0.1544258049287583,-0.005525037053983495
NUAA,W8,8.409115,0.1628092293738541,0.1652459694097844,-0.002436740035930307
NUAA,W8,10.064450000000003,0.1787370624851241,0.17507262943449825,0.0036644330506258593
NUAA,W8,11.717585,0.1929300919729634,0.18431125377355873,0.008618838199404677
NUAA,W8,13.335795000000001,0.2064496616619702,0.19290288941835743,0.013546772243612781
NUAA,W8,15.195675000000001,0.2221669204282988,0.20231967803715978,0.019847242391139025
NUAA,W8,17.05836,0.2426248985040502,0.2113367730224256,0.0312881254816246
NUAA,W8,18.608919999999998,0.2581703417265271,0.21857119163397765,0.03959915009254944
NUAA,W8,20.469955000000002,0.2743572617180311,0.2269694605200656,0.047387801197965485
NUAA,W8,22.330495,0.278565587246249,0.23509079954977224,0.04347478769647678
NUAA,W8,24.175085,0.2799987948981544,0.24290175833096034,0.03709703656719404
NUAA,W8,26.03964,0.281371522451777,0.2505788652230271,0.03079265722874991
NUAA,W8,27.90051,0.284999880272086,0.2580429521237066,0.02695692814837941
NUAA,W8,29.76512,0.2886341901097337,0.26534167723055574,0.02329251287917794
NUAA,W8,31.59772,0.2899948220936311,0.27235399174859054,0.017640830345040548
NUAA,W8,33.436095,0.2900000000000031,0.2792406056816621,0.010759394318340998
NUAA,W8,35.247904999999996,0.2900000000000028,0.2858935854443028,0.004106414555699989
NUAA,W8,37.05537,0.2900000000000026,0.2924072156197097,-0.002407215619707137
NUAA,W8,38.87262499999999,0.2900048916444913,0.2988401049835601,-0.008835213339068837
NUAA,W8,40.71649999999999,0.2913731116138268,0.305255873345935,-0.013882761732108229
NUAA,W8,42.57615999999999,0.2949994773999964,0.3116199141431562,-0.016620436743159828
NUAA,W8,44.44230999999999,0.2986371036403106,0.31790485973982674,-0.019267756099516142
NUAA,W8,46.30037499999998,0.3000002245919483,0.324067478348408,-0.024067253756459683
NUAA,W8,48.157835,0.3013749510261464,0.3301384140847558,-0.028763463058609384
NUAA,W8,50.018759999999986,0.3050311778381022,0.3361354694524198,-0.031104291614317603
NUAA,W8,51.87902499999999,0.3088827049121251,0.34204945785554874,-0.03316675294342364
NUAA,W8,53.74451499999999,0.3127480572846151,0.3479027485254343,-0.035154691240819214
NUAA,W9,0.0,0.0749958958131854,0.0749959432817823,-4.746859690041294e-08
NUAA,W9,1.4342899999999998,0.0849971444225325,0.10574457540992184,-0.020747430987389334
NUAA,W9,2.78256,0.10499435854796,0.1218220602672997,-0.0168277017193397
NUAA,W9,4.102945,0.1249984103124008,0.13490957614482285,-0.009911165832422048
NUAA,W9,5.567375,0.144987003419801,0.14771595290318504,-0.0027289494833840355
NUAA,W9,6.820604999999999,0.1700006397672061,0.15771663087013252,0.012284008897073595
NUAA,W9,8.054585,0.1800000000000388,0.16692441078261222,0.013075589217426575
PHM2010,c1,0.0,0.03964351880333333,0.039643522851030885,-4.0476975521341885e-09
PHM2010,c1,1.0,0.041735506506666666,0.04234281900004273,-0.0006073124933760679
PHM2010,c1,2.0,0.043703867486666666,0.04387071576715197,-0.0001668482804853058
PHM2010,c1,3.0,0.04559752512,0.04513897737504205,0.0004585477449579531
PHM2010,c1,4.0,0.04744376056999999,0.046263454664006054,0.0011803059059939391
PHM2010,c1,5.0,0.04922414953333333,0.04729183426136491,0.001932315271968424
PHM2010,c1,6.0,0.050940638979999994,0.04824959597008839,0.0026910430099116034
PHM2010,c1,7.0,0.052595127443333334,0.0491523594234702,0.003442768019863131
PHM2010,c1,8.0,0.054189466176666666,0.05001056608656017,0.004178900090106498
PHM2010,c1,9.0,0.05572546025,0.05083162783625321,0.004893832413746788
PHM2010,c1,10.0,0.05720486968,0.0516210439122232,0.005583825767776801
PHM2010,c1,11.0,0.05862941046999999,0.05238303557276415,0.00624637489723584
PHM2010,c1,12.0,0.06000075567666667,0.05312093169503194,0.006879823981634732
PHM2010,c1,13.0,0.06132053642666667,0.05383741567131033,0.007483120755356336
PHM2010,c1,14.0,0.06259034291999999,0.05453469031803881,0.008055652601961179
PHM2010,c1,15.0,0.06381172538666666,0.05521459192599307,0.00859713346067359
PHM2010,c1,16.0,0.06498619508,0.055878671474697605,0.009107523605302398
PHM2010,c1,17.0,0.06611522516333333,0.056528253921000346,0.009586971242332987
PHM2010,c1,18.0,0.06720025165333333,0.05716448241919393,0.010035769234139402
PHM2010,c1,19.0,0.06824267429000001,0.05778835192424861,0.010454322365751403
PHM2010,c1,20.0,0.06924385740999998,0.0584007351500306,0.010843122259969383
PHM2010,c1,21.0,0.0702051308,0.059002402915832405,0.011202727884167596
PHM2010,c1,22.0,0.07112779050666668,0.05959404030290708,0.011533750203759595
PHM2010,c1,23.0,0.07201309966999998,0.060176259634436895,0.011836840035563088
PHM2010,c1,24.0,0.07286228928333333,0.060749611013962666,0.01211267826937066
PHM2010,c1,25.0,0.07367655898333332,0.06131459096376791,0.012361968019565413
PHM2010,c1,26.0,0.07445707780333334,0.061871649567822255,0.012585428235511086
PHM2010,c1,27.0,0.07520507849333333,0.06242119642552722,0.012783882067806104
PHM2010,c1,28.0,0.07594243447333333,0.06296360565080684,0.01297882882252649
PHM2010,c1,29.0,0.07666800439333332,0.06349922009812742,0.013168784295205904
PHM2010,c1,30.0,0.07738074463333333,0.06402835495743948,0.013352389675893847
PHM2010,c1,31.0,0.07807970525333333,0.06455130083010478,0.013528404423228543
PHM2010,c1,32.0,0.07876402602,0.0650683263750091,0.0136956996449909
PHM2010,c1,33.0,0.07943293254333332,0.06557968059643107,0.013853251946902248
PHM2010,c1,34.0,0.08008573257,0.06608559483151805,0.014000137738481952
PHM2010,c1,35.0,0.08072181228000001,0.06658628448445661,0.014135527795543404
PHM2010,c1,36.0,0.08134063279666667,0.06708195054591298,0.01425868225075369
PHM2010,c1,37.0,0.08194172670333334,0.06757278092953935,0.014368945773793995
PHM2010,c1,38.0,0.08252469473999999,0.06805895165190375,0.014465743088096242
PHM2010,c1,39.0,0.08308920252,0.06854062787781218,0.014548574642187825
PHM2010,c1,40.0,0.08363497739333332,0.06901796484942614,0.014617012543907182
PHM2010,c1,41.0,0.08416180538000001,0.06949110871466722,0.014670696665332786
PHM2010,c1,42.0,0.08466952820666666,0.06996019726800834,0.014709330938658324
PHM2010,c1,43.0,0.08515804041333333,0.07042536061477724,0.014732679798556095
PHM2010,c1,44.0,0.08562728657333334,0.07088672176845942,0.014740564804873915
PHM2010,c1,45.0,0.08607725856999998,0.07134439718912333,0.01473286138087665
PHM2010,c1,46.0,0.08650799298666668,0.07179849726994667,0.01470949571672002
PHM2010,c1,47.0,0.08691956854333334,0.07224912677786337,0.014670441765469971
PHM2010,c1,48.0,0.08731210365333333,0.07269638525353855,0.01461571839979478
PHM2010,c1,49.0,0.08768575403333334,0.0731403673751927,0.014545386658140647
PHM2010,c1,50.0,0.08804071039,0.07358116329021139,0.014459547099788611
PHM2010,c1,51.0,0.08837719619333331,0.07401885891797857,0.014358337275354738
PHM2010,c1,52.0,0.08869546552333332,0.07445353622694448,0.014241929296388844
PHM2010,c1,53.0,0.08899580098,0.07488527348857207,0.014110527491427924
PHM2010,c1,54.0,0.08927851165999999,0.07531414551049079,0.013964366149509203
PHM2010,c1,55.0,0.08954393123666667,0.07574022385091193,0.013803707385754732
PHM2010,c1,56.0,0.08979241605999999,0.07616357701612486,0.01362883904387513
PHM2010,c1,57.0,0.09002434336,0.07658427064268611,0.013440072717313886
PHM2010,c1,58.0,0.09024010948333334,0.0770023676657351,0.01323774181759825
PHM2010,c1,59.0,0.09044012823666667,0.07741792847471331,0.01302219976195336
PHM2010,c1,60.0,0.09062482924666666,0.07783101105762656,0.012793818189040101
PHM2010,c1,61.0,0.09079465640666667,0.07824167113486989,0.012552985271796782
PHM2010,c1,62.0,0.09095006638,0.07864996228352841,0.012300104096471587
PHM2010,c1,63.0,0.09109152714333334,0.07905593605297428,0.012035591090359052
PHM2010,c1,64.0,0.09121951663333333,0.07945964207249762,0.011759874560835715
PHM2010,c1,65.0,0.09133452137999999,0.07986112815163568,0.011473393228364312
PHM2010,c1,66.0,0.09143703524666667,0.08026044037380026,0.011176594872866416
PHM2010,c1,67.0,0.09152755821333333,0.0806576231837455,0.01086993502958783
PHM2010,c1,68.0,0.09160659519666665,0.0810527194693671,0.010553875727299558
PHM2010,c1,69.0,0.09167465492333333,0.08144577063827788,0.010228884285055459
PHM2010,c1,70.0,0.09173224887333334,0.08183681668956419,0.009895432183769148
PHM2010,c1,71.0,0.09177989023,0.0822258962810908,0.009553993948909198
PHM2010,c1,72.0,0.09181809293333333,0.08261304679268891,0.009205046140644421
PHM2010,c1,73.0,0.09184737072666667,0.08299830438553296,0.008849066341133707
PHM2010,c1,74.0,0.09186823626666667,0.08338170405798478,0.008486532208681882
PHM2010,c1,75.0,0.09188120029333334,0.08376327969816039,0.008117920595172953
PHM2010,c1,76.0,0.09188688229333333,0.08414306413345236,0.007743818159880969
PHM2010,c1,77.0,0.09188839743999999,0.08452108917722236,0.007367308262777636
PHM2010,c1,78.0,0.09188839743999999,0.08489738567285948,0.006991011767140509
PHM2010,c1,79.0,0.09188839743999999,0.08527198353538532,0.006616413904614676
PHM2010,c1,80.0,0.09188839743999999,0.08564491179077136,0.006243485649228636
PHM2010,c1,81.0,0.09188839743999999,0.08601619861312151,0.0058721988268784775
PHM2010,c1,82.0,0.09188839743999999,0.08638587135986067,0.005502526080139319
PHM2010,c1,83.0,0.09188839743999999,0.086753956605059,0.005134440834940995
PHM2010,c1,84.0,0.09188839743999999,0.08712048017101215,0.004767917268987842
PHM2010,c1,85.0,0.09188839743999999,0.08748546715818836,0.004402930281811629
PHM2010,c1,86.0,0.09188839743999999,0.08784894197364465,0.004039455466355341
PHM2010,c1,87.0,0.09188839743999999,0.08821092835800784,0.003677469081992152
PHM2010,c1,88.0,0.09188839743999999,0.08857144941110814,0.0033169480288918474
PHM2010,c1,89.0,0.09188839743999999,0.08893052761634707,0.0029578698236529255
PHM2010,c1,90.0,0.09188839743999999,0.08928818486387599,0.0026002125761240003
PHM2010,c1,91.0,0.09188839743999999,0.08964444247265557,0.0022439549673444192
PHM2010,c1,92.0,0.09188839743999999,0.08999932121146205,0.001889076228537942
PHM2010,c1,93.0,0.09188839743999999,0.09035284131890148,0.0015355561210985136
PHM2010,c1,94.0,0.09188839743999999,0.09070502252248877,0.0011833749175112207
PHM2010,c1,95.0,0.09188839743999999,0.09105588405684496,0.0008325133831550285
PHM2010,c1,96.0,0.09188839743999999,0.09140544468106199,0.0004829527589380045
PHM2010,c1,97.0,0.09188839743999999,0.09175372269528168,0.00013467474471831609
PHM2010,c1,98.0,0.09188839743999999,0.09210073595653187,-0.00021233851653187918
PHM2010,c1,99.0,0.09188839743999999,0.0924465018938605,-0.0005581044538605084
PHM2010,c1,100.0,0.09199348548,0.09279103752280529,-0.000797552042805294
PHM2010,c1,101.0,0.09212454651333332,0.09313435945923465,-0.0010098129459013283
PHM2010,c1,102.0,0.09225519912666669,0.09347648393259317,-0.0012212848059264814
PHM2010,c1,103.0,0.09238528194333333,0.09381742679858264,-0.0014321448552493121
PHM2010,c1,104.0,0.09251464058333334,0.0941572035513082,-0.0016425629679748671
PHM2010,c1,105.0,0.09264312776000001,0.09449582933491682,-0.0018527015749168069
PHM2010,c1,106.0,0.09277060337333334,0.09483331895475405,-0.00206271558142071
PHM2010,c1,107.0,0.09289693457333333,0.09516968688806351,-0.0022727523147301892
PHM2010,c1,108.0,0.09302199581666666,0.09550494729425166,-0.0024829514775849965
PHM2010,c1,109.0,0.09314566891666667,0.09583911402473952,-0.002693445108072845
PHM2010,c1,110.0,0.09326784304333334,0.0961722006324216,-0.0029043575890882606
PHM2010,c1,111.0,0.09338841475666668,0.09650422038075118,-0.0031158056240845056
PHM2010,c1,112.0,0.09350728797333334,0.09683518625246963,-0.003327898279136293
PHM2010,c1,113.0,0.09362437397333333,0.09716511095799724,-0.0035407369846639086
PHM2010,c1,114.0,0.09373959135,0.09749400694350113,-0.003754415593501134
PHM2010,c1,115.0,0.09385286598,0.09782188639865565,-0.003969020418655642
PHM2010,c1,116.0,0.09396413094999999,0.09814876126410943,-0.0041846303141094415
PHM2010,c1,117.0,0.09407332650333335,0.09847464323867264,-0.004401316735339292
PHM2010,c1,118.0,0.09418039996333334,0.09879954378623726,-0.004619143822903918
PHM2010,c1,119.0,0.09428530563,0.09912347414244248,-0.004838168512442481
PHM2010,c1,120.0,0.09438800470333335,0.09944644532109653,-0.005058440617763185
PHM2010,c1,121.0,0.09448846516666667,0.099768468120366,-0.00528000295369932
PHM2010,c1,122.0,0.09458666167666668,0.10008955312874267,-0.005502891452075984
PHM2010,c1,123.0,0.09468257543666668,0.10040971073079799,-0.005727135294131311
PHM2010,c1,124.0,0.09477619407000001,0.10072895111273394,-0.0059527570427339305
PHM2010,c1,125.0,0.09487901865,0.10104728426773947,-0.006168265617739477
PHM2010,c1,126.0,0.09503217647000001,0.10136472000116054,-0.006332543531160528
PHM2010,c1,127.0,0.09518676599333334,0.1016812679354919,-0.006494501942158559
PHM2010,c1,128.0,0.09534278076333334,0.10199693751519798,-0.006654156751864634
PHM2010,c1,129.0,0.09550021455,0.10231173801137002,-0.0068115234613700115
PHM2010,c1,130.0,0.09565906132666667,0.10262567852622624,-0.006966617199559572
PHM2010,c1,131.0,0.09581931526666666,0.10293876799746168,-0.00711945273079502
PHM2010,c1,132.0,0.09598097074000002,0.10325101520245347,-0.007270044462453454
PHM2010,c1,133.0,0.09614402230666667,0.10356242876232774,-0.007418406455661067
PHM2010,c1,134.0,0.09630846470333335,0.10387301714589357,-0.007564552442560227
PHM2010,c1,135.0,0.09649096621333332,0.10418278867344936,-0.007691822460116043
PHM2010,c1,136.0,0.09671010317666666,0.10449175152046651,-0.007781648343799852
PHM2010,c1,137.0,0.09693286810666667,0.10479991372115545,-0.007867045614488782
PHM2010,c1,138.0,0.09715923479333333,0.10510728317191842,-0.007948048378585093
PHM2010,c1,139.0,0.09738917506,0.10541386763469358,-0.008024692574693584
PHM2010,c1,140.0,0.09762265881,0.10571967474019449,-0.00809701593019449
PHM2010,c1,141.0,0.09785965412666667,0.10602471199104886,-0.008165057864382194
PHM2010,c1,142.0,0.09810012732666666,0.10632898676484076,-0.0082288594381741
PHM2010,c1,143.0,0.09834404302000001,0.10663250631705946,-0.008288463297059456
PHM2010,c1,144.0,0.09859136424,0.10693527778395877,-0.008343913543958761
PHM2010,c1,145.0,0.09884205245,0.10723730818532998,-0.008395255735329982
PHM2010,c1,146.0,0.09909606759333334,0.10753860442719161,-0.008442536833858275
PHM2010,c1,147.0,0.09935336831333334,0.10783917330439924,-0.008485804991065896
PHM2010,c1,148.0,0.09961391176666666,0.10813902150317789,-0.00852510973651123
PHM2010,c1,149.0,0.09987765393333335,0.10843815560358025,-0.008560501670246898
PHM2010,c1,150.0,0.10014454956999999,0.10873658208187299,-0.008592032511873002
PHM2010,c1,151.0,0.10041455232999999,0.10903430731285402,-0.008619754982854028
PHM2010,c1,152.0,0.10068761468666666,0.10933133757210298,-0.008643722885436314
PHM2010,c1,153.0,0.10096368821333333,0.10962767903816739,-0.008663990824834059
PHM2010,c1,154.0,0.10124272353666668,0.10992333779468659,-0.008680614258019914
PHM2010,c1,155.0,0.10152467028666666,0.11021831983245577,-0.008693649545789106
PHM2010,c1,156.0,0.10180947743333332,0.11051263105143214,-0.008703153618098813
PHM2010,c1,157.0,0.10209709314666666,0.11080627726268513,-0.008709184116018467
PHM2010,c1,158.0,0.10238746486000001,0.11109926419029256,-0.00871179933029255
PHM2010,c1,159.0,0.10268053946666668,0.11139159747318465,-0.008711058006517974
PHM2010,c1,160.0,0.1029762632,0.11168328266693765,-0.008707019466937652
PHM2010,c1,161.0,0.1032745819,0.11197432524551867,-0.008699743345518679
PHM2010,c1,162.0,0.10357544086666667,0.11226473060298338,-0.008689289736316705
PHM2010,c1,163.0,0.1038787851,0.11255450405512814,-0.008675718955128142
PHM2010,c1,164.0,0.10418455926666667,0.11284365084109815,-0.008659091574431482
PHM2010,c1,165.0,0.10449270776666666,0.11313217612495281,-0.008639468358286148
PHM2010,c1,166.0,0.10480317480000001,0.11342008499719,-0.008616910197189992
PHM2010,c1,167.0,0.10511590439999999,0.11370738247623022,-0.00859147807623023
PHM2010,c1,168.0,0.10543084056666667,0.11399407350986229,-0.008563232943195623
PHM2010,c1,169.0,0.1057479272,0.1142801629766515,-0.008532235776651506
PHM2010,c1,170.0,0.10606710830000002,0.1145656556873116,-0.00849854738731158
PHM2010,c1,171.0,0.10638832793333335,0.11485055638604166,-0.008462228452708317
PHM2010,c1,172.0,0.10671153026666666,0.11513486975182892,-0.00842333948516226
PHM2010,c1,173.0,0.10703665963333332,0.11541860039971871,-0.00838194076638539
PHM2010,c1,174.0,0.10736366076666667,0.11570175288205252,-0.008338092115385845
PHM2010,c1,175.0,0.1076924786,0.11598433168967501,-0.008291853089675005
PHM2010,c1,176.0,0.10802305833333334,0.11626634125311111,-0.008243282919777772
PHM2010,c1,177.0,0.1083553457,0.11654778594371401,-0.008192440243714016
PHM2010,c1,178.0,0.10868928683333333,0.11682867007478491,-0.008139383241451581
PHM2010,c1,179.0,0.10902482840000001,0.11710899790266555,-0.008084169502665536
PHM2010,c1,180.0,0.10936191760000001,0.11738877362780396,-0.008026856027803952
PHM2010,c1,181.0,0.10970050223333334,0.11766800139579474,-0.007967499162461394
PHM2010,c1,182.0,0.11004053073333334,0.11794668529839406,-0.007906154565060719
PHM2010,c1,183.0,0.1103819523,0.11822482937451068,-0.007842877074510674
PHM2010,c1,184.0,0.11072471676666665,0.11850243761117324,-0.0077777208445065915
PHM2010,c1,185.0,0.11106877486666668,0.11877951394447472,-0.007710739077808046
PHM2010,c1,186.0,0.11141407813333332,0.11905606226049477,-0.0076419841271614525
PHM2010,c1,187.0,0.11176057893333335,0.11933208639620038,-0.007571507462867028
PHM2010,c1,188.0,0.1121082306,0.11960759014032567,-0.00749935954032567
PHM2010,c1,189.0,0.1124569874,0.11988257723423128,-0.007425589834231278
PHM2010,c1,190.0,0.1128068047,0.12015705137274407,-0.0073502466727440735
PHM2010,c1,191.0,0.11315763879999999,0.1204310162049775,-0.007273377404977507
PHM2010,c1,192.0,0.11350944706666667,0.12070447533513333,-0.007195028268466658
PHM2010,c1,193.0,0.11386218809999998,0.12097743232328531,-0.0071152442232853275
PHM2010,c1,194.0,0.11421582166666668,0.12124989068614503,-0.007034069019478353
PHM2010,c1,195.0,0.11457030859999999,0.12152185389781067,-0.006951545297810682
PHM2010,c1,196.0,0.1149256111,0.12179332539049909,-0.00686771429049908
PHM2010,c1,197.0,0.11528169253333333,0.12206430855526164,-0.006782616021928312
PHM2010,c1,198.0,0.11563851766666666,0.12233480674268411,-0.00669628907601745
PHM2010,c1,199.0,0.11599605253333334,0.12260482326357149,-0.006608770730238148
PHM2010,c1,200.0,0.1163542646,0.12287436138961749,-0.0065200967896174855
PHM2010,c1,201.0,0.1167131227,0.12314342435405976,-0.00643030165405975
PHM2010,c1,202.0,0.11707259703333334,0.12341201535232077,-0.006339418318987433
PHM2010,c1,203.0,0.11743265936666666,0.12368013754263495,-0.006247478175968282
PHM2010,c1,204.0,0.11779328296666665,0.12394779404666242,-0.006154511079995775
PHM2010,c1,205.0,0.1181544425,0.12421498795008958,-0.006060545450089577
PHM2010,c1,206.0,0.11851611426666667,0.12448172230321697,-0.005965608036550302
PHM2010,c1,207.0,0.11887827606666668,0.12474800012153471,-0.0058697240548680335
PHM2010,c1,208.0,0.11924090736666666,0.125013824386286,-0.005772917019619336
PHM2010,c1,209.0,0.11960398916666666,0.12527919804501847,-0.005675208878351809
PHM2010,c1,210.0,0.11996750413333332,0.12554412401212456,-0.005576619878791239
PHM2010,c1,211.0,0.12033143666666667,0.12580860516937026,-0.005477168502703592
PHM2010,c1,212.0,0.12069577273333335,0.1260726443664132,-0.005376871633079844
PHM2010,c1,213.0,0.12106049990000001,0.12633624442131003,-0.005275744521310022
PHM2010,c1,214.0,0.12142560780000002,0.1265994081210134,-0.005173800321013375
PHM2010,c1,215.0,0.12179108736666668,0.12686213822185907,-0.005071050855192397
PHM2010,c1,216.0,0.12215693153333332,0.12712443745004276,-0.0049675059167094415
PHM2010,c1,217.0,0.12252313493333332,0.12738630850208776,-0.004863173568754445
PHM2010,c1,218.0,0.12288969393333332,0.1276477540453031,-0.004758060111969775
PHM2010,c1,219.0,0.12325660666666666,0.12790877671823223,-0.004652170051565568
PHM2010,c1,220.0,0.12362387310000002,0.12816937913109339,-0.004545506031093369
PHM2010,c1,221.0,0.12399149490000001,0.1284295638662109,-0.004438068966210892
PHM2010,c1,222.0,0.12435947573333332,0.1286893334784378,-0.0043298577451044845
PHM2010,c1,223.0,0.12472782080000001,0.12894869049557062,-0.004220869695570603
PHM2010,c1,224.0,0.12509653736666668,0.12920763741875585,-0.004111100052089173
PHM2010,c1,225.0,0.1254656343,0.12946617672288852,-0.004000542422888526
PHM2010,c1,226.0,0.1258351225,0.12972431085700303,-0.003889188357003026
PHM2010,c1,227.0,0.12620501453333333,0.12998204224465654,-0.003777027711323211
PHM2010,c1,228.0,0.12657532476666666,0.13023937328430513,-0.003664048517638463
PHM2010,c1,229.0,0.12694606946666664,0.1304963063496724,-0.003550236883005764
PHM2010,c1,230.0,0.12731726673333332,0.13075284379011154,-0.0034355770567782162
PHM2010,c1,231.0,0.12768893643333334,0.13100898793096016,-0.003320051497626819
PHM2010,c1,232.0,0.12806110023333334,0.13126474107388872,-0.003203640840555383
PHM2010,c1,233.0,0.12843378156666665,0.1315201054972423,-0.0030863239305756462
PHM2010,c1,234.0,0.12880700576666665,0.1317750834563759,-0.0029680776897092476
PHM2010,c1,235.0,0.12918079983333333,0.13202967718398376,-0.002848877350650425
PHM2010,c1,236.0,0.12955519259999998,0.13228388889042228,-0.0027286962904223
PHM2010,c1,237.0,0.1299302146,0.1325377207640273,-0.002607506164027301
PHM2010,c1,238.0,0.13030589826666666,0.1327911749714253,-0.002485276704758649
PHM2010,c1,239.0,0.13068227759999998,0.13304425365783903,-0.0023619760578390547
PHM2010,c1,240.0,0.1310593883666667,0.13329695894738758,-0.0022375705807208823
PHM2010,c1,241.0,0.1314372680666667,0.13354929294338092,-0.002112024876714219
PHM2010,c1,242.0,0.13181595583333333,0.13380125772860932,-0.001985301895275987
PHM2010,c1,243.0,0.13219549256666668,0.1340528553656274,-0.0018573627989607044
PHM2010,c1,244.0,0.13257592059999998,0.13430408789703302,-0.0017281672970330397
PHM2010,c1,245.0,0.1329572841666667,0.13455495734574155,-0.00159767317907486
PHM2010,c1,246.0,0.1333396289,0.1348054657152548,-0.0014658368152548062
PHM2010,c1,247.0,0.13372300203333334,0.13505561498992552,-0.0013326129565921774
PHM2010,c1,248.0,0.13410745236666666,0.13530540713521733,-0.0011979547685506686
PHM2010,c1,249.0,0.13449303029999998,0.1355548440979595,-0.0010618137979595266
PHM2010,c1,250.0,0.1348797876,0.1358039278065982,-0.0009241402065982007
PHM2010,c1,251.0,0.13526777753333333,0.1360526601714425,-0.0007848826381091634
PHM2010,c1,252.0,0.13565705486666665,0.1363010430849066,-0.0006439882182399381
PHM2010,c1,253.0,0.13604767569999998,0.13654907842174777,-0.0005014027217477846
PHM2010,c1,254.0,0.13643969749999998,0.13679676803930024,-0.00035707053930025823
PHM2010,c1,255.0,0.13683317916666668,0.13704411377770492,-0.00021093461103824374
PHM2010,c1,256.0,0.13722818066666667,0.1372911174601354,-6.293679346872083e-05
PHM2010,c1,257.0,0.1376247635,0.1375377808930199,8.698260698009053e-05
PHM2010,c1,258.0,0.13802299026666665,0.13778410586625978,0.0002388844004068691
PHM2010,c1,259.0,0.13842292463333333,0.13803009415344403,0.00039283047988930564
PHM2010,c1,260.0,0.1388246317,0.13827574751206032,0.0005488841879396911
PHM2010,c1,261.0,0.13922817736666665,0.13852106768370256,0.0007071096829640855
PHM2010,c1,262.0,0.13963362883333333,0.13876605639427486,0.0008675724390584671
PHM2010,c1,263.0,0.14004105416666668,0.13901071535419224,0.0010303388124744406
PHM2010,c1,264.0,0.14045052239999997,0.1392550462585779,0.0011954761414220694
PHM2010,c1,265.0,0.14086210363333337,0.13949905078745745,0.0013630528458759283
PHM2010,c1,266.0,0.14127586870000003,0.13974273060594958,0.0015331380940504513
PHM2010,c1,267.0,0.14169188936666668,0.139986087364454,0.0017058020022126807
PHM2010,c1,268.0,0.14211023813333334,0.14022912269883622,0.0018811154344971215
PHM2010,c1,269.0,0.14253098826666666,0.140471838230609,0.0020591500360576664
PHM2010,c1,270.0,0.14295421363333333,0.14071423556711138,0.002239978066221948
PHM2010,c1,271.0,0.14337998883333333,0.1409563163016844,0.002423672531648935
PHM2010,c1,272.0,0.14380838903333334,0.1411980820138444,0.0026103070194889444
PHM2010,c1,273.0,0.14423948986666668,0.1414395342694531,0.002799955597213577
PHM2010,c1,274.0,0.1446733675,0.14168067462088527,0.0029926928791147445
PHM2010,c1,275.0,0.14511009846666664,0.14192150460719372,0.003188593859472927
PHM2010,c1,276.0,0.1455497597,0.14216202575427153,0.0033877339457284716
PHM2010,c1,277.0,0.14599242843333335,0.1424022395750119,0.003590188858321436
PHM2010,c1,278.0,0.14643818206666664,0.14264214756946536,0.003796034497201284
PHM2010,c1,279.0,0.14688709830000002,0.14288175122499452,0.004005347075005494
PHM2010,c1,280.0,0.14733925486666669,0.14312105201642664,0.004218202850240049
PHM2010,c1,281.0,0.14779472966666665,0.1433600514062033,0.004434678260463343
PHM2010,c1,282.0,0.14825360049999997,0.1435987508445285,0.004654849655471471
PHM2010,c1,283.0,0.1487159452,0.14383715176951373,0.004878793430486278
PHM2010,c1,284.0,0.1491818414,0.14407525560732135,0.005106585792678642
PHM2010,c1,285.0,0.1496513666,0.14431306377230552,0.0053383028276944855
PHM2010,c1,286.0,0.15012459803333333,0.144550577667151,0.005574020366182347
PHM2010,c1,287.0,0.1506016127,0.1447877986830099,0.005813814016990104
PHM2010,c1,288.0,0.15108248709999997,0.14502472819963638,0.006057758900363586
PHM2010,c1,289.0,0.1515672974,0.14526136758551914,0.0063059298144808595
PHM2010,c1,290.0,0.15205611913333333,0.14549771819801213,0.006558400935321201
PHM2010,c1,291.0,0.15254902746666668,0.1457337813834632,0.006815246083203469
PHM2010,c1,292.0,0.15304609670000002,0.1459695584773409,0.0070765382226591345
PHM2010,c1,293.0,0.15354740059999997,0.14620505080435903,0.00734234979564094
PHM2010,c1,294.0,0.15405301213333333,0.14644025967860014,0.007612752454733196
PHM2010,c1,295.0,0.1545630033,0.1466751864036362,0.007887816896363808
PHM2010,c1,296.0,0.1550774454,0.1469098322726483,0.008167613127351703
PHM2010,c1,297.0,0.15559640856666668,0.14714419856854427,0.008452209998122406
PHM2010,c1,298.0,0.15611996196666666,0.14737828656407428,0.00874167540259238
PHM2010,c1,299.0,0.1566481737,0.1476120975219455,0.009036076178054492
PHM2010,c1,300.0,0.15718111053333333,0.1478456326949344,0.009335477838398942
PHM2010,c1,301.0,0.15771883819999996,0.14807889332599766,0.009639944874002299
PHM2010,c1,302.0,0.15826142089999998,0.14831188064838155,0.009949540251618427
PHM2010,c1,303.0,0.15880892159999999,0.1485445958857297,0.010264325714270273
PHM2010,c1,304.0,0.15936140173333332,0.1487770402521893,0.010584361481144028
PHM2010,c1,305.0,0.15991892116666667,0.14900921495251565,0.010909706214151021
PHM2010,c1,306.0,0.16048153826666667,0.14924112118217556,0.011240417084491111
PHM2010,c1,307.0,0.16104930963333333,0.14947276012744887,0.011576549505884465
PHM2010,c1,308.0,0.1616222903,0.14970413296552887,0.01191815733447113
PHM2010,c1,309.0,0.16220053316666666,0.149935240864621,0.01226529230204565
PHM2010,c1,310.0,0.16278408970000002,0.15016608498404055,0.012618004715959474
PHM2010,c1,311.0,0.16337300896666668,0.15039666647430852,0.012976342492358156
PHM2010,c1,312.0,0.1639673384,0.1506269864772466,0.013340351922753402
PHM2010,c1,313.0,0.16456712313333335,0.15085704612607032,0.013710077007263038
PHM2010,c1,314.0,0.16517240626666668,0.15108684654548155,0.014085559721185137
PHM2010,c4,0.0,0.02421603668333333,0.024216041368254795,-4.684921464659375e-09
PHM2010,c4,1.0,0.02776392575666667,0.027340284303122245,0.00042364145354442315
PHM2010,c4,2.0,0.03105812474,0.02910871592986143,0.0019494088101385705
PHM2010,c4,3.0,0.03411272657,0.03057663836196091,0.0035360882080390926
PHM2010,c4,4.0,0.03694126062333333,0.03187814069128138,0.005063119932051954
PHM2010,c4,5.0,0.03955670907333333,0.033068416790695804,0.006488292282637524
PHM2010,c4,6.0,0.04197152295666667,0.0341769577163965,0.007794565240270168
PHM2010,c4,7.0,0.04419763785333333,0.03522184208083246,0.00897579577250087
PHM2010,c4,8.0,0.04624648926666666,0.03621515513571772,0.010031334130948942
PHM2010,c4,9.0,0.04812902763333333,0.03716547560037198,0.01096355203296135
PHM2010,c4,10.0,0.04985573305333333,0.03807916845283016,0.011776564600503171
PHM2010,c4,11.0,0.051436629633333335,0.038961119498751695,0.01247551013458164
PHM2010,c4,12.0,0.05288129959,0.03981518167622162,0.013066117913778381
PHM2010,c4,13.0,0.05419889697333333,0.04064446082058411,0.013554436152749219
PHM2010,c4,14.0,0.05539816113333334,0.04145150653489045,0.013946654598442888
PHM2010,c4,15.0,0.05648742985000001,0.04223844419485553,0.014248985655144479
PHM2010,c4,16.0,0.05747465217666667,0.04300706894875281,0.01446758322791386
PHM2010,c4,17.0,0.05836740101666667,0.043758914339714516,0.014608486676952151
PHM2010,c4,18.0,0.05917288535999999,0.04449530348737077,0.014677581872629221
PHM2010,c4,19.0,0.05989796229,0.045217387981196996,0.014680574308803006
PHM2010,c4,20.0,0.06054914868333334,0.04592617792530192,0.014622970758031421
PHM2010,c4,21.0,0.06113263262666666,0.046622565488086354,0.014510067138580308
PHM2010,c4,22.0,0.061654284590000004,0.047307343602280366,0.014346940987719638
PHM2010,c4,23.0,0.06211966834333333,0.04798122098833197,0.01413844735500136
PHM2010,c4,24.0,0.06253405155,0.048644834351888114,0.013889217198111883
PHM2010,c4,25.0,0.06290241619333332,0.04929875838210872,0.013603657811224606
PHM2010,c4,26.0,0.06322946866333333,0.0499435140191147,0.013285954644218632
PHM2010,c4,27.0,0.06351964967666666,0.05057957534502437,0.012940074331642293
PHM2010,c4,28.0,0.06377986481666667,0.05120737537004465,0.012572489446622023
PHM2010,c4,29.0,0.06402124680666667,0.05182731092378773,0.01219393588287894
PHM2010,c4,30.0,0.06424612442666666,0.05243974681616026,0.011806377610506402
PHM2010,c4,31.0,0.06445667649333335,0.05304501939752958,0.011411657095803773
PHM2010,c4,32.0,0.06465493779666667,0.05364343962141077,0.011011498175255902
PHM2010,c4,33.0,0.06484280487333334,0.05423529569251177,0.010607509180821567
PHM2010,c4,34.0,0.06502204164666667,0.054820855367095085,0.010201186279571582
PHM2010,c4,35.0,0.06519428489,0.055400367960156495,0.0097939169298435
PHM2010,c4,36.0,0.06536104955000001,0.05597406610406914,0.00938698344593087
PHM2010,c4,37.0,0.06552373394,0.056542167295494286,0.008981566644505709
PHM2010,c4,38.0,0.06568362477666666,0.05710487526106613,0.008578749515600524
PHM2010,c4,39.0,0.06584190206666667,0.05766238116727762,0.008179520899389045
PHM2010,c4,40.0,0.06599964387333335,0.058214864695867806,0.007784779177465541
PHM2010,c4,41.0,0.06615783094333334,0.0587624950026411,0.007395335940692242
PHM2010,c4,42.0,0.06631735118666666,0.059305431574880385,0.00701191961178628
PHM2010,c4,43.0,0.06647900406,0.05984382500023091,0.0066351790597690904
PHM2010,c4,44.0,0.06664350478,0.06037781765803601,0.006265687121963993
PHM2010,c4,45.0,0.06681148843666666,0.06090754434252564,0.005903944094141023
PHM2010,c4,46.0,0.066983514,0.06143313282593619,0.005550381174063805
PHM2010,c4,47.0,0.06716006815666667,0.061954704368527735,0.005205363788138934
PHM2010,c4,48.0,0.06734156906666666,0.062472374181526694,0.0048691948851399686
PHM2010,c4,49.0,0.06752837001999999,0.06298625184822629,0.004542118171773704
PHM2010,c4,50.0,0.06772076293,0.06349644170780125,0.004224321222198749
PHM2010,c4,51.0,0.06791898174666668,0.06400304320581568,0.003915938540850997
PHM2010,c4,52.0,0.06812320577333333,0.06450615121490948,0.0036170545584238573
PHM2010,c4,53.0,0.06833356282999999,0.06500585632872327,0.0033277065012767143
PHM2010,c4,54.0,0.06855013238666667,0.0655022451317571,0.003047887254909565
PHM2010,c4,55.0,0.06877294850666667,0.06599540044754124,0.0027775480591254315
PHM2010,c4,56.0,0.06900200277333333,0.06648540156722366,0.002516601206109678
PHM2010,c4,57.0,0.06923724705,0.06697232446044117,0.002264922589558835
PHM2010,c4,58.0,0.06947859619333333,0.06745624197013275,0.002022354223200573
PHM2010,c4,59.0,0.06972593064333334,0.06793722399277347,0.0017887066505598709
PHM2010,c4,60.0,0.06997909895,0.06841533764534766,0.0015637613046523419
PHM2010,c4,61.0,0.07023792017333333,0.06889064742024187,0.0013472727530914608
PHM2010,c4,62.0,0.07050218622999999,0.06936321532911405,0.0011389709008859383
PHM2010,c4,63.0,0.07077166412666666,0.069833101036689,0.0009385630899776676
PHM2010,c4,64.0,0.07104609813666665,0.07030036198533332,0.0007457361513333316
PHM2010,c4,65.0,0.07132521188666666,0.0707650535111794,0.0005601583754872574
PHM2010,c4,66.0,0.07162235331999998,0.07122722895249234,0.000395124367507646
PHM2010,c4,67.0,0.07201186156,0.07168693975090788,0.00032492180909211854
PHM2010,c4,68.0,0.07241093197333333,0.07214423554610898,0.00026669642722434994
PHM2010,c4,69.0,0.07281906332333334,0.07259916426445669,0.00021989905887664918
PHM2010,c4,70.0,0.07323573248999998,0.07305177220204306,0.0001839602879569191
PHM2010,c4,71.0,0.07366039698333333,0.0735021041025917,0.00015829288074163672
PHM2010,c4,72.0,0.07409249736,0.07395020323059345,0.00014229412940654218
PHM2010,c4,73.0,0.07453145955666668,0.07439611144003082,0.0001353481166358611
PHM2010,c4,74.0,0.07497669714333334,0.07483986923901359,0.00013682790431975012
PHM2010,c4,75.0,0.07542761341666666,0.07528151585062104,0.00014609756604562485
PHM2010,c4,76.0,0.07588360346999999,0.0757210892702208,0.00016251419977919568
PHM2010,c4,77.0,0.07634405615999999,0.07615862631951184,0.00018542984048815214
PHM2010,c4,78.0,0.07680835594,0.07659416269751915,0.00021419324248085625
PHM2010,c4,79.0,0.07727588467,0.07702773302874835,0.000248151641251651
PHM2010,c4,80.0,0.07774602330333334,0.07745937090869301,0.00028665239464033265
PHM2010,c4,81.0,0.07821815350666667,0.07788910894687068,0.0003290445597959879
PHM2010,c4,82.0,0.07869165919333333,0.07831697880755109,0.0003746803857822417
PHM2010,c4,83.0,0.07916592799333334,0.07874301124832672,0.00042291674500662124
PHM2010,c4,84.0,0.07964035262333333,0.0791672361566647,0.00047311646666862994
PHM2010,c4,85.0,0.08011433222333333,0.07958968258456822,0.0005246496387651123
PHM2010,c4,86.0,0.08058727356999999,0.08001037878146654,0.0005768947885334552
PHM2010,c4,87.0,0.08105859228000001,0.0804293522254434,0.0006292400545566124
PHM2010,c4,88.0,0.08152771388666666,0.08084662965290607,0.0006810842337605927
PHM2010,c4,89.0,0.0819940749,0.08126223708678965,0.0007318378132103592
PHM2010,c4,90.0,0.08245712375666667,0.08167619986338434,0.0007809238932823259
PHM2010,c4,91.0,0.08291632177000001,0.08208854265786794,0.0008277791121320682
PHM2010,c4,92.0,0.08337114395333332,0.08249928950861891,0.0008718544447144094
PHM2010,c4,93.0,0.08382107982333334,0.08290846384038149,0.0009126159829518504
PHM2010,c4,94.0,0.08426563414333332,0.08331608848634837,0.0009495456569849486
PHM2010,c4,95.0,0.08470432760000002,0.08372218570922269,0.0009821418907773327
PHM2010,c4,96.0,0.08513669742666666,0.08412677722131659,0.0010099202053500678
PHM2010,c4,97.0,0.08556229800333334,0.08452988420374007,0.0010324137995932764
PHM2010,c4,98.0,0.08598070135666668,0.08493152732473037,0.0010491740319363008
PHM2010,c4,99.0,0.08639149765666668,0.08533172675716844,0.0010597708994982413
PHM2010,c4,100.0,0.08679429563333334,0.0857305021953266,0.0010637934380067354
PHM2010,c4,101.0,0.08718872298000001,0.0861278728708885,0.0010608501091115136
PHM2010,c4,102.0,0.08757442667333333,0.08652385756827966,0.0010505691050536753
PHM2010,c4,103.0,0.08795107328666667,0.08691847463934503,0.0010325986473216364
PHM2010,c4,104.0,0.08831834924000002,0.08731174201740714,0.0010066072225928813
PHM2010,c4,105.0,0.08867596103,0.08770367723073691,0.0009722837992630906
PHM2010,c4,106.0,0.08902363537333334,0.08809429741546675,0.0009293379578665939
PHM2010,c4,107.0,0.08936111939666666,0.08848361932797448,0.0008775000686921802
PHM2010,c4,108.0,0.0896881807,0.08887165935676404,0.0008165213432359542
PHM2010,c4,109.0,0.09000460745,0.08925843353386818,0.000746173916131812
PHM2010,c4,110.0,0.09031020840333333,0.08964395754579652,0.0006662508575368126
PHM2010,c4,111.0,0.09060481292666667,0.090028246744051,0.0005765661826156732
PHM2010,c4,112.0,0.09088827096,0.09041131615522958,0.00047695480477041863
PHM2010,c4,113.0,0.09116045296333335,0.090793180490738,0.0003672724725953397
PHM2010,c4,114.0,0.09142124983000001,0.09117385415612776,0.00024739567387224715
PHM2010,c4,115.0,0.09167057278666665,0.09155335126007824,0.00011722152658841245
PHM2010,c4,116.0,0.09190835322666667,0.09193168562303934,-2.3332396372671704e-05
PHM2010,c4,117.0,0.09213454258,0.0923088707855501,-0.0001743282055500922
PHM2010,c4,118.0,0.09234911212,0.09268492001624862,-0.0003358078962486244
PHM2010,c4,119.0,0.09255205274,0.09305984631958653,-0.000507793579586524
PHM2010,c4,120.0,0.09274337472666666,0.093433662443262,-0.0006902877165953364
PHM2010,c4,121.0,0.09292310751,0.09380638088538333,-0.0008832733753833255
PHM2010,c4,122.0,0.09309420879666667,0.09417801390137527,-0.0010838051047085961
PHM2010,c4,123.0,0.09325737267333334,0.0945485735106392,-0.0012912008373058559
PHM2010,c4,124.0,0.09341259972999999,0.09491807150297803,-0.001505471772978037
PHM2010,c4,125.0,0.09355990376666666,0.0952865194447958,-0.001726615678129137
PHM2010,c4,126.0,0.09369931160999999,0.09565392868508174,-0.001954617075081752
PHM2010,c4,127.0,0.09383086290333334,0.09602031036118783,-0.0021894474578544876
PHM2010,c4,128.0,0.09395460987333333,0.09638567540440857,-0.0024310655310752355
PHM2010,c4,129.0,0.09407061710666666,0.0967500345453714,-0.0026794174387047426
PHM2010,c4,130.0,0.09417896128666667,0.0971133983192453,-0.0029344370325786323
PHM2010,c4,131.0,0.09427973097,0.09747577707077533,-0.0031960461007753266
PHM2010,c4,132.0,0.0943730263,0.09783718095915,-0.0034641546591500094
PHM2010,c4,133.0,0.09445895874333332,0.0981976199627085,-0.003738661219375175
PHM2010,c4,134.0,0.09453765081333335,0.09855710388349381,-0.004019453070160467
PHM2010,c4,135.0,0.09460923579,0.0989156423516584,-0.004306406561658399
PHM2010,c4,136.0,0.09467537071666668,0.09927324482972781,-0.004597874113061132
PHM2010,c4,137.0,0.09473773812666667,0.09962992061672808,-0.004892182490061417
PHM2010,c4,138.0,0.09479638462000001,0.09998567885218211,-0.005189294232182104
PHM2010,c4,139.0,0.09485136200666666,0.10034052851998017,-0.0054891665133135065
PHM2010,c4,140.0,0.09490272718,0.10069447845212942,-0.005791751272129428
PHM2010,c4,141.0,0.09495054198333333,0.10104753733238679,-0.006096995349053461
PHM2010,c4,142.0,0.09499487307666668,0.1013997136997801,-0.006404840623113417
PHM2010,c4,143.0,0.09503579180999999,0.10175101595202111,-0.006715224142021123
PHM2010,c4,144.0,0.09507337407333334,0.10210145234881511,-0.0070280782754817694
PHM2010,c4,145.0,0.09510770015666667,0.10245103101507025,-0.0073433308584035795
PHM2010,c4,146.0,0.09513885462666667,0.10279975994401083,-0.0076609053173441605
PHM2010,c4,147.0,0.09516692615333333,0.10314764700019795,-0.007980720846864617
PHM2010,c4,148.0,0.09519200739,0.10349469992246062,-0.008302692532460618
PHM2010,c4,149.0,0.09521419481,0.10384092632674091,-0.008626731516740913
PHM2010,c4,150.0,0.09523358857,0.10418633370885597,-0.008952745138855966
PHM2010,c4,151.0,0.09525029235666667,0.10453092944718011,-0.009280637090513438
PHM2010,c4,152.0,0.09526441322666666,0.10487472080524957,-0.009610307578582902
PHM2010,c4,153.0,0.09527606147666667,0.10521771493429277,-0.009941653457626098
PHM2010,c4,154.0,0.09528535047333334,0.10555991887568873,-0.010274568402355397
PHM2010,c4,155.0,0.09529239651,0.10590133956335597,-0.010608943053355968
PHM2010,c4,156.0,0.09529731865,0.10624198382607451,-0.010944665176074508
PHM2010,c4,157.0,0.09530023858,0.10658185838974313,-0.011281619809743126
PHM2010,c4,158.0,0.09530128046,0.10692096987957396,-0.011619689419573961
PHM2010,c4,159.0,0.09530128046,0.1072593248222269,-0.011958044362226902
PHM2010,c4,160.0,0.09530128046,0.10759692964788557,-0.012295649187885574
PHM2010,c4,161.0,0.09530128046,0.10793379069227681,-0.012632510232276808
PHM2010,c4,162.0,0.09530128046,0.10826991419863564,-0.012968633738635646
PHM2010,c4,163.0,0.09530128046,0.10860530631961755,-0.013304025859617555
PHM2010,c4,164.0,0.09530128046,0.10893997311915977,-0.013638692659159776
PHM2010,c4,165.0,0.09530128046,0.10927392057429305,-0.013972640114293056
PHM2010,c4,166.0,0.09530128046,0.10960715457690592,-0.014305874116905926
PHM2010,c4,167.0,0.09530128046,0.10993968093546246,-0.014638400475462457
PHM2010,c4,168.0,0.09530128046,0.11027150537667568,-0.014970224916675684
PHM2010,c4,169.0,0.09530128046,0.11060263354713722,-0.015301353087137218
PHM2010,c4,170.0,0.09530128046,0.11093307101490545,-0.015631790554905448
PHM2010,c4,171.0,0.09530128046,0.11126282327105268,-0.01596154281105268
PHM2010,c4,172.0,0.09530128046,0.11159189573117322,-0.016290615271173217
PHM2010,c4,173.0,0.09530128046,0.11192029373685315,-0.016619013276853153
PHM2010,c4,174.0,0.09530128046,0.11224802255710337,-0.016946742097103368
PHM2010,c4,175.0,0.09530128046,0.11257508738975651,-0.01727380692975651
PHM2010,c4,176.0,0.09530128046,0.11290149336282945,-0.017600212902829454
PHM2010,c4,177.0,0.09530128046,0.11322724553585202,-0.01792596507585202
PHM2010,c4,178.0,0.09530128046,0.11355234890116299,-0.01825106844116299
PHM2010,c4,179.0,0.09530128046,0.11387680838517455,-0.018575527925174556
PHM2010,c4,180.0,0.09530128046,0.11420062884960604,-0.018899348389606038
PHM2010,c4,181.0,0.09530128046,0.1145238150926877,-0.019222534632687707
PHM2010,c4,182.0,0.09530128046,0.11484637185033579,-0.019545091390335792
PHM2010,c4,183.0,0.09530128046,0.11516830379729934,-0.01986702333729934
PHM2010,c4,184.0,0.09530128046,0.11548961554827987,-0.02018833508827987
PHM2010,c4,185.0,0.09530128046,0.11581031165902453,-0.02050903119902453
PHM2010,c4,186.0,0.09530128046,0.11613039662739358,-0.02082911616739358
PHM2010,c4,187.0,0.09530128046,0.11644987489440287,-0.021148594434402868
PHM2010,c4,188.0,0.09530128046,0.11676875084524213,-0.021467470385242132
PHM2010,c4,189.0,0.09530128046,0.11708702881026974,-0.021785748350269737
PHM2010,c4,190.0,0.09530128046,0.11740471306598445,-0.02210343260598445
PHM2010,c4,191.0,0.09530128046,0.11772180783597505,-0.022420527375975052
PHM2010,c4,192.0,0.09530128046,0.11803831729184824,-0.022737036831848245
PHM2010,c4,193.0,0.09530128046,0.1183542455541357,-0.023052965094135708
PHM2010,c4,194.0,0.09530128046,0.11866959669318047,-0.023368316233180475
PHM2010,c4,195.0,0.09530128046,0.11898437473000362,-0.02368309427000362
PHM2010,c4,196.0,0.09530128046,0.11929858363715158,-0.023997303177151583
PHM2010,c4,197.0,0.09533521880666666,0.11961222733952463,-0.02427700853285797
PHM2010,c4,198.0,0.09537337294333334,0.11992530971518708,-0.024551936771853744
PHM2010,c4,199.0,0.09541511464666666,0.12023783459615973,-0.024822719949493074
PHM2010,c4,200.0,0.09555435079333334,0.12054980576919494,-0.0249954549758616
PHM2010,c4,201.0,0.09571377563666665,0.12086122697653486,-0.025147451339868204
PHM2010,c4,202.0,0.09588296677666666,0.12117210191665327,-0.02528913513998661
PHM2010,c4,203.0,0.09606207811333332,0.12148243424498151,-0.025420356131648184
PHM2010,c4,204.0,0.09625125625333333,0.12179222757461866,-0.025540971321285327
PHM2010,c4,205.0,0.09645064040333334,0.12210148547702687,-0.02565084507369353
PHM2010,c4,206.0,0.09666036230333333,0.12241021148271163,-0.025749849179378295
PHM2010,c4,207.0,0.09697094911,0.12271840908188787,-0.025747459971887876
PHM2010,c4,208.0,0.09736193721666667,0.12302608172513212,-0.02566414450846545
PHM2010,c4,209.0,0.09776950692666667,0.12333323282402077,-0.025563725897354103
PHM2010,c4,210.0,0.09819375768666667,0.12363986575175534,-0.025446108065088666
PHM2010,c4,211.0,0.09863477720333333,0.1239459838437746,-0.025311206640441272
PHM2010,c4,212.0,0.09909264146333333,0.12425159039835419,-0.025158948935020867
PHM2010,c4,213.0,0.09956741467666666,0.12455668867719386,-0.024989274000527195
PHM2010,c4,214.0,0.10005914929666666,0.12486128190599273,-0.024802132609326066
PHM2010,c4,215.0,0.10056788604,0.12516537327501298,-0.024597487235012983
PHM2010,c4,216.0,0.1010936539,0.1254689659396319,-0.02437531203963189
PHM2010,c4,217.0,0.10163647023333333,0.12577206302088303,-0.024135592787549703
PHM2010,c4,218.0,0.1021963406,0.12607466760598646,-0.023878327005986452
PHM2010,c4,219.0,0.1027732591,0.12637678274886827,-0.023603523648868266
PHM2010,c4,220.0,0.10336720813333333,0.12667841147067008,-0.023311203337336744
PHM2010,c4,221.0,0.10397815873333333,0.12697955676024816,-0.023001398026914838
PHM2010,c4,222.0,0.1046060704,0.12728022157466293,-0.022674151174662927
PHM2010,c4,223.0,0.10525089123333334,0.1275804088396587,-0.022329517606325372
PHM2010,c4,224.0,0.10591255826666666,0.12788012145013433,-0.021967563183467667
PHM2010,c4,225.0,0.1065909971,0.12817936227060442,-0.021588365170604418
PHM2010,c4,226.0,0.10728612246666668,0.12847813413565173,-0.02119201166898506
PHM2010,c4,227.0,0.107997838,0.12877643985037107,-0.020778601850371073
PHM2010,c4,228.0,0.10872603643333334,0.1290742821908043,-0.020348245757470962
PHM2010,c4,229.0,0.10947059996666667,0.12937166390436747,-0.019901063937700803
PHM2010,c4,230.0,0.11023139996666667,0.12966858771026937,-0.019437187743602702
PHM2010,c4,231.0,0.11100829746666666,0.1299650562999226,-0.018956758833255954
PHM2010,c4,232.0,0.11180114306666666,0.13026107233734677,-0.018459929270680103
PHM2010,c4,233.0,0.11260977726666666,0.13055663845956383,-0.01794686119289718
PHM2010,c4,234.0,0.11343403046666667,0.13085175727698656,-0.01741772681031989
PHM2010,c4,235.0,0.11427372326666667,0.1311464313737994,-0.01687270810713272
PHM2010,c4,236.0,0.11512866646666667,0.13144066330833237,-0.016311996841665705
PHM2010,c4,237.0,0.11599866140000001,0.13173445561342828,-0.015735794213428272
PHM2010,c4,238.0,0.11688350006666667,0.1320278107968028,-0.01514431073013614
PHM2010,c4,239.0,0.11778296513333333,0.13232073134139852,-0.014537766208065184
PHM2010,c4,240.0,0.11869683046666667,0.1326132197057318,-0.013916389239065144
PHM2010,c4,241.0,0.11962486106666667,0.13290527832423416,-0.013280417257567484
PHM2010,c4,242.0,0.12056681333333334,0.13319690960758682,-0.012630096274253474
PHM2010,c4,243.0,0.12152243523333334,0.1334881159430498,-0.011965680709716459
PHM2010,c4,244.0,0.12249146660000002,0.13377889969478457,-0.011287433094784555
PHM2010,c4,245.0,0.12347363923333335,0.1340692632041715,-0.010595623970838158
PHM2010,c4,246.0,0.12446867726666666,0.1343592087901212,-0.009890531523454538
PHM2010,c4,247.0,0.1254762972,0.13464873874938052,-0.009172441549380517
PHM2010,c4,248.0,0.12649620823333332,0.1349378553568335,-0.008441647123500179
PHM2010,c4,249.0,0.1275281125,0.13522656086579643,-0.0076984483657964176
PHM2010,c4,250.0,0.1285717052333333,0.13551485750830816,-0.006943152274974856
PHM2010,c4,251.0,0.1296266751333333,0.1358027474954154,-0.006176072362082091
PHM2010,c4,252.0,0.1306927044,0.1360902330174527,-0.005397528617452713
PHM2010,c4,253.0,0.1317694691,0.1363773162443181,-0.0046078471443180835
PHM2010,c4,254.0,0.13285663943333334,0.13666399932574344,-0.0038073598924101004
PHM2010,c4,255.0,0.13395387993333335,0.13695028439156082,-0.002996404458227464
PHM2010,c4,256.0,0.1350608497,0.13723617355196366,-0.0021753238519636453
PHM2010,c4,257.0,0.13617720266666666,0.13752166889776396,-0.0013444662310972966
PHM2010,c4,258.0,0.1373025878,0.13780677250064494,-0.0005041847006449496
PHM2010,c4,259.0,0.13843664956666668,0.13809148641340951,0.0003451631532571664
PHM2010,c4,260.0,0.1395790278,0.13837581267022442,0.0012032151297755866
PHM2010,c4,261.0,0.1407293584333333,0.13865975328686048,0.002069605146472836
PHM2010,c4,262.0,0.14188727326666664,0.13894331026092868,0.0029439630057379595
PHM2010,c4,263.0,0.14305240066666666,0.13922648557211256,0.0038259150945541
PHM2010,c4,264.0,0.14422436556666665,0.13950928118239647,0.0047150843842701795
PHM2010,c4,265.0,0.14540278966666664,0.13979169903629018,0.0056110906303764585
PHM2010,c4,266.0,0.146587292,0.14007374106105006,0.006513550938949952
PHM2010,c4,267.0,0.1477774889,0.14035540916689612,0.007422079733103881
PHM2010,c4,268.0,0.1489729945,0.14063670524722605,0.008336289252773965
PHM2010,c4,269.0,0.15017342063333333,0.14091763117882541,0.009255789454507918
PHM2010,c4,270.0,0.15137837766666667,0.14119818882207452,0.010180188844592153
PHM2010,c4,271.0,0.15258747416666668,0.1414783800211522,0.011109094145514475
PHM2010,c4,272.0,0.15380031753333331,0.14175820660423594,0.012042110929097377
PHM2010,c4,273.0,0.1550165141,0.14203767038369913,0.01297884371630087
PHM2010,c4,274.0,0.15623566956666668,0.14231677315630495,0.01391889641036173
PHM2010,c4,275.0,0.15745738903333334,0.14259551670339732,0.014861872329936021
PHM2010,c4,276.0,0.15868127736666668,0.1428739027910888,0.015807374575577876
PHM2010,c4,277.0,0.15990693953333332,0.14315193317044542,0.016755006362887903
PHM2010,c4,278.0,0.16113398073333335,0.14342960957766876,0.01770437115566459
PHM2010,c4,279.0,0.16236200676666668,0.14370693373427512,0.018655073032391556
PHM2010,c4,280.0,0.16359062413333333,0.14398390734727184,0.01960671678606149
PHM2010,c4,281.0,0.1648194404,0.14426053210933093,0.02055890829066906
PHM2010,c4,282.0,0.1660480645,0.1445368096989601,0.02151125480103991
PHM2010,c4,283.0,0.16727610683333333,0.14481274178067094,0.022463365052662387
PHM2010,c4,284.0,0.16850317963333333,0.1450883300051448,0.023414849628188544
PHM2010,c4,285.0,0.16972889706666666,0.14536357600939576,0.024365321057270906
PHM2010,c4,286.0,0.17095287576666668,0.14563848141693153,0.025314394349735148
PHM2010,c4,287.0,0.1721747346666667,0.14591304783791156,0.026261686828755126
PHM2010,c4,288.0,0.17339409556666666,0.14618727686930288,0.02720681869736377
PHM2010,c4,289.0,0.17461058323333337,0.14646117009503368,0.02814941313829969
PHM2010,c4,290.0,0.17582382556666667,0.14673472908614443,0.029089096480522242
PHM2010,c4,291.0,0.17703345403333332,0.14700795540093686,0.030025498632396452
PHM2010,c4,292.0,0.1782391036,0.1472808505851205,0.030958253014879505
PHM2010,c4,293.0,0.17944041319999998,0.14755341617195739,0.031886997028042596
PHM2010,c4,294.0,0.18063702593333336,0.1478256536824043,0.03281137225092906
PHM2010,c4,295.0,0.18182858899999998,0.14809756462525292,0.033731024374747065
PHM2010,c4,296.0,0.18301475433333333,0.14836915049726823,0.0346456038360651
PHM2010,c4,297.0,0.18419517846666666,0.14864041278332452,0.03555476568334215
PHM2010,c4,298.0,0.1853695228,0.14891135295653957,0.036458169843460425
PHM2010,c4,299.0,0.18653745406666666,0.14918197247840687,0.0373554815882598
PHM2010,c4,300.0,0.18769864406666667,0.14945227279892587,0.0382463712677408
PHM2010,c4,301.0,0.18885277020000002,0.14972225535673037,0.039130514843269654
PHM2010,c4,302.0,0.1899995156,0.14999192157921507,0.04000759402078494
PHM2010,c4,303.0,0.1911385693,0.1502612728826603,0.0408772964173397
PHM2010,c4,304.0,0.19226962616666665,0.1505303106723548,0.04173931549431184
PHM2010,c4,305.0,0.1933923874333333,0.15079903634271713,0.04259335109061618
PHM2010,c4,306.0,0.19450656073333333,0.1510674512774148,0.04343910945591853
PHM2010,c4,307.0,0.19561186013333334,0.15133555684948227,0.04427630328385107
PHM2010,c4,308.0,0.19670800646666667,0.1516033544214368,0.04510465204522987
PHM2010,c4,309.0,0.19779472746666668,0.15187084534539302,0.04592388212127366
PHM2010,c4,310.0,0.19887175776666666,0.15213803096317574,0.046733726803490916
PHM2010,c4,311.0,0.19993883903333334,0.15240491260643102,0.04753392642690232
PHM2010,c4,312.0,0.20099572046666667,0.15267149159673607,0.0483242288699306
PHM2010,c4,313.0,0.20204215846666668,0.15293776924570718,0.0491043892209595
PHM2010,c4,314.0,0.2030779170666667,0.15320374685510657,0.049874170211560126
PHM2010,c6,0.0,0.029102065713,0.02910207164718076,-5.934180761363317e-09
PHM2010,c6,1.0,0.037723713736666664,0.03305941062387198,0.004664303112794685
PHM2010,c6,2.0,0.04630597344,0.03529940397586314,0.011006569464136862
PHM2010,c6,3.0,0.05485235886333334,0.03715875575368931,0.017693603109644032
PHM2010,c6,4.0,0.056625520619999994,0.03880731062072394,0.017818209999276052
PHM2010,c6,5.0,0.05836924524666666,0.04031498019041972,0.018054265056246938
PHM2010,c6,6.0,0.06008647039666666,0.04171911946639406,0.0183673509302726
PHM2010,c6,7.0,0.06177995583999999,0.04304262781952829,0.018737328020471698
PHM2010,c6,8.0,0.06399136847333332,0.044300813098363034,0.01969055537497029
PHM2010,c6,9.0,0.06618405450333334,0.04550454158347943,0.020679512919853912
PHM2010,c6,10.0,0.06836028042333334,0.04666187550825322,0.021698404915080113
PHM2010,c6,11.0,0.07052216119666666,0.047779003504481526,0.02274315769218513
PHM2010,c6,12.0,0.07142482968,0.04886080591673948,0.022564023763260513
PHM2010,c6,13.0,0.07231695290333333,0.04991121676793087,0.022405736135402456
PHM2010,c6,14.0,0.07320022768666666,0.050933465526359,0.02226676216030766
PHM2010,c6,15.0,0.07407622308666667,0.05193024431050887,0.0221459787761578
PHM2010,c6,16.0,0.07494638596333335,0.05290382695451553,0.022042559008817818
PHM2010,c6,17.0,0.07581204639000001,0.05385615592896664,0.02195589046103337
PHM2010,c6,18.0,0.07667442292999999,0.05478890717039855,0.02188551575960144
PHM2010,c6,19.0,0.07753462772333333,0.05570353934576239,0.021831088377570945
PHM2010,c6,20.0,0.07806032947666666,0.05660133190881485,0.021458997567851815
PHM2010,c6,21.0,0.07858578435333334,0.057483414929419246,0.021102369423914094
PHM2010,c6,22.0,0.07911181460333333,0.05835079278004726,0.02076102182328607
PHM2010,c6,23.0,0.07963915515666667,0.059204363165234336,0.020434791991432333
PHM2010,c6,24.0,0.08016845805333334,0.06004493257158407,0.02012352548174927
PHM2010,c6,25.0,0.08070029674333333,0.06087322893218601,0.01982706781114732
PHM2010,c6,26.0,0.08123517026666667,0.061689912098622735,0.019545258168043936
PHM2010,c6,27.0,0.08177350730333334,0.062495582569537966,0.019277924733795374
PHM2010,c6,28.0,0.08231567005666666,0.06329078881961975,0.019024881237046917
PHM2010,c6,29.0,0.08286195811666666,0.06407603349521289,0.018785924621453773
PHM2010,c6,30.0,0.08341261208333332,0.06485177868473137,0.018560833398601956
PHM2010,c6,31.0,0.08396781717333333,0.06561845042816188,0.018349366745171458
PHM2010,c6,32.0,0.08443206697,0.06637644259643281,0.018055624373567183
PHM2010,c6,33.0,0.08490108576,0.06712612024557461,0.01777496551442538
PHM2010,c6,34.0,0.08537491275333334,0.06786782253048529,0.01750709022284805
PHM2010,c6,35.0,0.08585354489000001,0.06860186524733394,0.017251679642666065
PHM2010,c6,36.0,0.08633693980666668,0.06932854306115677,0.017008396745509913
PHM2010,c6,37.0,0.08682501875333333,0.0700481314652598,0.016776887288073528
PHM2010,c6,38.0,0.08731766939666666,0.07076088851107083,0.016556780885595826
PHM2010,c6,39.0,0.08781474849,0.07146705634064772,0.016347692149352278
PHM2010,c6,40.0,0.08831608448999999,0.0721668625488236,0.016149221941176392
PHM2010,c6,41.0,0.08882148004,0.07286052139770029,0.01596095864229971
PHM2010,c6,42.0,0.08933071438666668,0.07354823490269533,0.01578247948397135
PHM2010,c6,43.0,0.08984354565,0.0742301938064527,0.015613351843547299
PHM2010,c6,44.0,0.09035971309666667,0.07490657845452703,0.01545313464213964
PHM2010,c6,45.0,0.09087893921,0.07557755958474864,0.015301379625251355
PHM2010,c6,46.0,0.09140093175333334,0.07624329904050221,0.015157632712831132
PHM2010,c6,47.0,0.09192538572,0.07690395041674292,0.015021435303257086
PHM2010,c6,48.0,0.09245198520666667,0.07755965964638518,0.014892325560281486
PHM2010,c6,49.0,0.09298040517666668,0.07821056553369185,0.014769839642974833
PHM2010,c6,50.0,0.09351031313666665,0.07885680024043505,0.014653512896231596
PHM2010,c6,51.0,0.09404137090666666,0.07949848972986899,0.014542881176797667
PHM2010,c6,52.0,0.09457323595000001,0.08013575417292898,0.014437481777071035
PHM2010,c6,53.0,0.09510556295666667,0.0807687083205331,0.014336854636133572
PHM2010,c6,54.0,0.09563800533666665,0.08139746184540014,0.014240543491266508
PHM2010,c6,55.0,0.09617021634999999,0.08202211965639646,0.014148096693603535
PHM2010,c6,56.0,0.09670185044666665,0.08264278218807757,0.014059068258589089
PHM2010,c6,57.0,0.09723256457000001,0.08325954566778906,0.013973018902210949
PHM2010,c6,58.0,0.09776201906666666,0.08387250236242814,0.01388951670423852
PHM2010,c6,59.0,0.09828987883999998,0.08448174080673772,0.013808138033262266
PHM2010,c6,60.0,0.09881581444333334,0.08508734601480403,0.013728468428529317
PHM2010,c6,61.0,0.09933950279333334,0.0856893996762524,0.013650103117080939
PHM2010,c6,62.0,0.09986062827333335,0.08628798033848015,0.013572647934853202
PHM2010,c6,63.0,0.10037888328666668,0.08688316357612917,0.013495719710537507
PHM2010,c6,64.0,0.10079926697666668,0.08747502214887949,0.013324244827787185
PHM2010,c6,65.0,0.10121619256666668,0.08806362614853831,0.01315256641812837
PHM2010,c6,66.0,0.10162938128666667,0.08864904313630363,0.012980338150363036
PHM2010,c6,67.0,0.10203856517666667,0.0892313382709977,0.012807226905668961
PHM2010,c6,68.0,0.10244348759666667,0.08981057442898972,0.012632913167676951
PHM2010,c6,69.0,0.10284390385333332,0.09038681231646051,0.012457091536872814
PHM2010,c6,70.0,0.10323958154,0.090960110574602,0.012279470965397998
PHM2010,c6,71.0,0.10363030086333333,0.09153052587829033,0.012099774985043
PHM2010,c6,72.0,0.10401585514999999,0.09209811302872363,0.011917742121276359
PHM2010,c6,73.0,0.10439605097333333,0.09266292504047198,0.011733125932861355
PHM2010,c6,74.0,0.10477070852999999,0.09322501322334874,0.011545695306651255
PHM2010,c6,75.0,0.10513966195,0.09378442725947649,0.011355234690523519
PHM2010,c6,76.0,0.10550275920666667,0.09434121527589025,0.011161543930776424
PHM2010,c6,77.0,0.10585986242666666,0.09489542391299145,0.010964438513675206
PHM2010,c6,78.0,0.10621084806666665,0.09544709838914044,0.010763749677526219
PHM2010,c6,79.0,0.10655560683333333,0.09599628256165199,0.010559324271681339
PHM2010,c6,80.0,0.10689404383333334,0.09654301898443719,0.010351024848896148
PHM2010,c6,81.0,0.1072260783,0.09708734896251538,0.010138729337484623
PHM2010,c6,82.0,0.10755164413333335,0.09762931260360266,0.009922331529730682
PHM2010,c6,83.0,0.10787068923333333,0.09816894886696766,0.009701740366365674
PHM2010,c6,84.0,0.10818317559999999,0.09870629560972995,0.00947687999027004
PHM2010,c6,85.0,0.10848907953333332,0.09924138963076437,0.009247689902568954
PHM2010,c6,86.0,0.108788391,0.09977426671236113,0.00901412428763887
PHM2010,c6,87.0,0.10908111370000001,0.10030496165978157,0.008776152040218435
PHM2010,c6,88.0,0.10936726503333334,0.10083350833883857,0.00853375669449477
PHM2010,c6,89.0,0.1096468755,0.10135993971162163,0.008286935788378372
PHM2010,c6,90.0,0.10991998869999998,0.10188428787047794,0.008035700829522041
PHM2010,c6,91.0,0.11018666103333334,0.10240658407035298,0.007780076962980359
PHM2010,c6,92.0,0.1104469615,0.10292685875958707,0.007520102740412926
PHM2010,c6,93.0,0.11070097109999999,0.10344514160925744,0.007255829490742549
PHM2010,c6,94.0,0.11094878286666666,0.10396146154114941,0.006987321325517257
PHM2010,c6,95.0,0.1111905014,0.10447584675443462,0.006714654645565379
PHM2010,c6,96.0,0.11135809906666667,0.10498832475112904,0.006369774315537632
PHM2010,c6,97.0,0.11151984563333334,0.10549892236039866,0.006020923272934672
PHM2010,c6,98.0,0.11167587816666666,0.10600766576177642,0.005668212404890238
PHM2010,c6,99.0,0.11182634356666665,0.10651458050734951,0.0053117630593171455
PHM2010,c6,100.0,0.11197139846666665,0.10701969154297306,0.004951706923693594
PHM2010,c6,101.0,0.11211120870000002,0.10752302322856168,0.004588185471438341
PHM2010,c6,102.0,0.11224594886666667,0.10802459935750819,0.0042213495091584785
PHM2010,c6,103.0,0.11237821549999999,0.10852444317527488,0.0038537723247251132
PHM2010,c6,104.0,0.1125104821,0.10902257739720035,0.003487904702799652
PHM2010,c6,105.0,0.11264274870000002,0.10951902422556245,0.003123724474437567
PHM2010,c6,106.0,0.11277501529999999,0.11001380536593472,0.00276120993406527
PHM2010,c6,107.0,0.1129072819,0.1105069420428725,0.002400339857127509
PHM2010,c6,108.0,0.11303954853333334,0.11099845501496167,0.0020410935183716727
PHM2010,c6,109.0,0.11317181513333334,0.11148836458926206,0.0016834505440712771
PHM2010,c6,110.0,0.11330408173333333,0.11197669063517471,0.0013273910981586173
PHM2010,c6,111.0,0.11343634833333334,0.11246345259776144,0.0009728957355718965
PHM2010,c6,112.0,0.11356861493333334,0.11294866951054275,0.000619945422790591
PHM2010,c6,113.0,0.11370088156666668,0.11343236000779913,0.00026852155886754325
PHM2010,c6,114.0,0.11383314816666666,0.11391454233639924,-8.139416973257374e-05
PHM2010,c6,115.0,0.11396541480000001,0.11439523436717705,-0.0004298195671770394
PHM2010,c6,116.0,0.1140976814,0.11487445360587914,-0.0007767722058791421
PHM2010,c6,117.0,0.114229948,0.11535221720370153,-0.001122269203701537
PHM2010,c6,118.0,0.11436221463333333,0.11582854196743542,-0.0014663273341020827
PHM2010,c6,119.0,0.11449448123333333,0.11630344436923881,-0.001808963135905478
PHM2010,c6,120.0,0.11462674783333333,0.11677694055605163,-0.002150192722718297
PHM2010,c6,121.0,0.11475901443333333,0.11724904635866935,-0.00249003192533602
PHM2010,c6,122.0,0.11489128103333333,0.11771977730049114,-0.0028284962671578096
PHM2010,c6,123.0,0.11502354766666667,0.11818914860595583,-0.003165600939289165
PHM2010,c6,124.0,0.11515581426666667,0.1186571752086802,-0.0035013609420135317
PHM2010,c6,125.0,0.11528808086666667,0.11912387175931159,-0.003835790892644922
PHM2010,c6,126.0,0.11542034746666666,0.11958925263310775,-0.0041689051664410975
PHM2010,c6,127.0,0.11555261406666667,0.12005333193725494,-0.0045007178705882694
PHM2010,c6,128.0,0.11564751589999998,0.12051612351793567,-0.004868607617935686
PHM2010,c6,129.0,0.11574241773333334,0.12097764096715641,-0.005235223233823069
PHM2010,c6,130.0,0.11583731953333334,0.12143789762934513,-0.005600578096011791
PHM2010,c6,131.0,0.11593222136666667,0.12189690660772835,-0.005964685241061682
PHM2010,c6,132.0,0.11602712316666669,0.12235468077049638,-0.006327557603829692
PHM2010,c6,133.0,0.116122025,0.12281123275676574,-0.006689207756765736
PHM2010,c6,134.0,0.11621692683333333,0.1232665749823465,-0.0070496481490131685
PHM2010,c6,135.0,0.11631182863333334,0.12372071964532261,-0.0074088910119892715
PHM2010,c6,136.0,0.11640673046666666,0.12417367873145255,-0.007766948264785883
PHM2010,c6,137.0,0.11650163229999999,0.12462546401939721,-0.00812383171939722
PHM2010,c6,138.0,0.1165965341,0.12507608708578205,-0.008479552985782055
PHM2010,c6,139.0,0.1166914359,0.12552555931009957,-0.008834123410099565
PHM2010,c6,140.0,0.11678633773333333,0.12597389187945876,-0.009187554146125432
PHM2010,c6,141.0,0.11688123956666668,0.12642109579318667,-0.009539856226519983
PHM2010,c6,142.0,0.11697614136666667,0.12686718186728838,-0.0098910405006217
PHM2010,c6,143.0,0.1170710432,0.12731216073877036,-0.010241117538770356
PHM2010,c6,144.0,0.11716594503333333,0.12775604286983228,-0.010590097836498946
PHM2010,c6,145.0,0.11726084683333333,0.1281988385519324,-0.010937991718599063
PHM2010,c6,146.0,0.11735574863333334,0.12864055790973097,-0.011284809276397634
PHM2010,c6,147.0,0.11745065049999999,0.1290812109049162,-0.01163056040491621
PHM2010,c6,148.0,0.1175455523,0.12952080733991717,-0.011975255039917171
PHM2010,c6,149.0,0.11764045410000001,0.12995935686150747,-0.012318902761507461
PHM2010,c6,150.0,0.11773535596666666,0.1303968689643039,-0.01266151299763725
PHM2010,c6,151.0,0.11783025776666667,0.13083335299416368,-0.013003095227497014
PHM2010,c6,152.0,0.11792515956666666,0.13126881815148364,-0.01334365858481698
PHM2010,c6,153.0,0.11802006140000001,0.13170327349440547,-0.013683212094405456
PHM2010,c6,154.0,0.11811496323333334,0.13213672794192943,-0.01402176470859609
PHM2010,c6,155.0,0.11820986503333332,0.1325691902769404,-0.014359325243607071
PHM2010,c6,156.0,0.11830476683333335,0.13300066914914901,-0.014695902315815662
PHM2010,c6,157.0,0.1183996687,0.1334311730779508,-0.015031504377950797
PHM2010,c6,158.0,0.11849457050000001,0.13386071045520612,-0.01536613995520611
PHM2010,c6,159.0,0.11858947230000001,0.13428928954794347,-0.015699817247943462
PHM2010,c6,160.0,0.11874307913333332,0.13471691850098927,-0.01597383936765595
PHM2010,c6,161.0,0.11889668593333333,0.1351436053395257,-0.016246919406192384
PHM2010,c6,162.0,0.11905029276666669,0.1355693579715797,-0.016519065204913017
PHM2010,c6,163.0,0.1192038996,0.13599418419044515,-0.016790284590445154
PHM2010,c6,164.0,0.1193575064,0.13641809167704053,-0.017060585277040533
PHM2010,c6,165.0,0.11951111323333333,0.13684108800220363,-0.0173299747688703
PHM2010,c6,166.0,0.11966472003333332,0.13726318062892653,-0.01759846059559321
PHM2010,c6,167.0,0.11981832686666667,0.13768437691453128,-0.01786605004786461
PHM2010,c6,168.0,0.1199719337,0.1381046841127894,-0.01813275041278939
PHM2010,c6,169.0,0.12012554046666667,0.13852410937598633,-0.018398568909319665
PHM2010,c6,170.0,0.12034109536666665,0.13894265975693287,-0.018601564390266223
PHM2010,c6,171.0,0.12061999259999999,0.1393603422109251,-0.01874034961092512
PHM2010,c6,172.0,0.12090316990000001,0.1397771635976544,-0.018873993697654398
PHM2010,c6,173.0,0.12119050156666666,0.1401931306830693,-0.01900262911640263
PHM2010,c6,174.0,0.1214818542,0.1406082501411905,-0.01912639594119049
PHM2010,c6,175.0,0.12177708726666667,0.1410225285558805,-0.01924544128921382
PHM2010,c6,176.0,0.12207605306666666,0.14143597242256917,-0.019359919355902505
PHM2010,c6,177.0,0.12237859710000003,0.14184858814993698,-0.01946999104993695
PHM2010,c6,178.0,0.12268455853333335,0.14226038206155645,-0.019575823528223096
PHM2010,c6,179.0,0.12299377023333334,0.1426713603974939,-0.019677590164160555
PHM2010,c6,180.0,0.12330605943333335,0.14308152931587198,-0.01977546988253863
PHM2010,c6,181.0,0.12362124773333333,0.14349089489439468,-0.01986964716106135
PHM2010,c6,182.0,0.12393915166666666,0.14389946313183555,-0.019960311465168884
PHM2010,c6,183.0,0.12425958296666666,0.1443072399494904,-0.02004765698282375
PHM2010,c6,184.0,0.12458234903333333,0.14471423119259555,-0.020131882159262218
PHM2010,c6,185.0,0.12490725326666666,0.1451204426317124,-0.020213189365045736
PHM2010,c6,186.0,0.1252340953666667,0.14552587996407962,-0.020291784597412932
PHM2010,c6,187.0,0.12556267186666667,0.14593054881493364,-0.020367876948266972
PHM2010,c6,188.0,0.12589277656666667,0.14633445473879844,-0.020441678172131772
PHM2010,c6,189.0,0.12622420073333335,0.14673760322074553,-0.02051340248741218
PHM2010,c6,190.0,0.12655673393333333,0.14713999967762487,-0.020583265744291535
PHM2010,c6,191.0,0.12689016399999997,0.14754164945926773,-0.02065148545926776
PHM2010,c6,192.0,0.12753504763333334,0.14794255784966198,-0.02040751021632864
PHM2010,c6,193.0,0.12818040123333332,0.14834273006810103,-0.020162328834767707
PHM2010,c6,194.0,0.12882601076666667,0.14874217127030664,-0.01991616050363998
PHM2010,c6,195.0,0.1294716627,0.14914088654952656,-0.019669223849526574
PHM2010,c6,196.0,0.1301171441,0.14953888093760798,-0.019421736837607978
PHM2010,c6,197.0,0.1307622433,0.14993615940604668,-0.019173916106046685
PHM2010,c6,198.0,0.13140675033333332,0.15033272686701357,-0.01892597653368025
PHM2010,c6,199.0,0.13205045746666666,0.1507285881743582,-0.01867813070769153
PHM2010,c6,200.0,0.13269315953333333,0.15112374812459065,-0.01843058859125732
PHM2010,c6,201.0,0.1333346546,0.1515182114578419,-0.018183556857841898
PHM2010,c6,202.0,0.1339747441,0.1519119828588035,-0.017937238758803514
PHM2010,c6,203.0,0.13461323396666666,0.15230506695764703,-0.017691832990980372
PHM2010,c6,204.0,0.13524993429999999,0.15269746833092376,-0.017447534030923778
PHM2010,c6,205.0,0.1358846604,0.1530891915024452,-0.017204531102445214
PHM2010,c6,206.0,0.13651723313333336,0.153480240944145,-0.016963007810811642
PHM2010,c6,207.0,0.13714747926666668,0.15387062107692254,-0.01672314181025586
PHM2010,c6,208.0,0.13777523196666666,0.15426033627146896,-0.016485104304802295
PHM2010,c6,209.0,0.1384003314,0.15464939084907567,-0.016249059449075676
PHM2010,c6,210.0,0.13902262506666668,0.15503778908242638,-0.016015164015759698
PHM2010,c6,211.0,0.1396419683,0.1554255351963724,-0.015783566896372392
PHM2010,c6,212.0,0.14025822449999997,0.15581263336869214,-0.015554408868692166
PHM2010,c6,213.0,0.14087126600000002,0.15619908773083505,-0.015327821730835023
PHM2010,c6,214.0,0.1414809741,0.15658490236865005,-0.015103928268650063
PHM2010,c6,215.0,0.1420872396,0.1569700813230998,-0.01488284172309981
PHM2010,c6,216.0,0.14268996326666666,0.15735462859095972,-0.014664665324293058
PHM2010,c6,217.0,0.1432890561,0.15773854812550367,-0.014449492025503663
PHM2010,c6,218.0,0.14388443983333332,0.15812184383717534,-0.014237404003842019
PHM2010,c6,219.0,0.14447604726666666,0.15850451959424658,-0.014028472327579922
PHM2010,c6,220.0,0.14506382250000002,0.15888657922346247,-0.013822756723462448
PHM2010,c6,221.0,0.14564772130000003,0.1592680265106738,-0.013620305210673755
PHM2010,c6,222.0,0.14622771173333335,0.15964886520145688,-0.013421153468123531
PHM2010,c6,223.0,0.14680377386666665,0.16002909900172135,-0.0132253251350547
PHM2010,c6,224.0,0.14772314246666668,0.16040873157830632,-0.012685589111639639
PHM2010,c6,225.0,0.1486385812,0.16078776655956442,-0.012149185359564413
PHM2010,c6,226.0,0.14955010886666664,0.16116620753593516,-0.01161609866926852
PHM2010,c6,227.0,0.15045775740000003,0.16154405806050667,-0.011086300660506643
PHM2010,c6,228.0,0.1513615723,0.1619213216495673,-0.010559749349567299
PHM2010,c6,229.0,0.15226161273333333,0.16229800178314616,-0.010036389049812827
PHM2010,c6,230.0,0.15315795163333334,0.16267410190554363,-0.009516150272210283
PHM2010,c6,231.0,0.15405067576666667,0.16304962542585186,-0.008998949659185185
PHM2010,c6,232.0,0.15493988586666668,0.16342457571846536,-0.008484689851798677
PHM2010,c6,233.0,0.15582569670000002,0.1637989561235822,-0.00797325942358218
PHM2010,c6,234.0,0.15670823706666667,0.16417276994769556,-0.007464532881028885
PHM2010,c6,235.0,0.15758764976666667,0.16454602046407646,-0.006958370697409788
PHM2010,c6,236.0,0.15846409153333335,0.1649187109132473,-0.006454619379913956
PHM2010,c6,237.0,0.15933773310000002,0.16529084450344692,-0.005953111403446898
PHM2010,c6,238.0,0.1602087588,0.16566242441108678,-0.005453665611086789
PHM2010,c6,239.0,0.1610773667333333,0.16603345378119924,-0.004956087047865931
PHM2010,c6,240.0,0.16194376823333334,0.1664039357278773,-0.0044601674945439485
PHM2010,c6,241.0,0.162808188,0.16677387333470647,-0.003965685334706481
PHM2010,c6,242.0,0.16367086356666666,0.16714326965518914,-0.0034724060885224783
PHM2010,c6,243.0,0.16453204496666665,0.16751212771316085,-0.002980082746494195
PHM2010,c6,244.0,0.1653919945,0.1678804505031994,-0.002488456003199413
PHM2010,c6,245.0,0.16625098633333332,0.16824824099102664,-0.0019972546576933203
PHM2010,c6,246.0,0.16710930586666667,0.16861550211390308,-0.0015061962472364132
PHM2010,c6,247.0,0.16796724943333333,0.16898223678101545,-0.001014987347682128
PHM2010,c6,248.0,0.16882512360000002,0.16934844787385767,-0.0005233242738576505
PHM2010,c6,249.0,0.16968324466666668,0.16971413824660486,-3.089357993818487e-05
PHM2010,c6,250.0,0.17054193783333332,0.17007931072648097,0.00046262710685235353
PHM2010,c6,251.0,0.17140153666666666,0.17044396811412005,0.0009575685525466116
PHM2010,c6,252.0,0.17226238226666668,0.17080811318392108,0.0014542690827455962
PHM2010,c6,253.0,0.17312482246666663,0.1711717486843969,0.0019530737822697208
PHM2010,c6,254.0,0.1739892108,0.17153487733851697,0.0024543334614830215
PHM2010,c6,255.0,0.17485590573333332,0.17189750184404434,0.002958403889288974
PHM2010,c6,256.0,0.17549241359999998,0.1722596248738668,0.003232788726133168
PHM2010,c6,257.0,0.17613195536666662,0.17262124907632256,0.0035107062903440567
PHM2010,c6,258.0,0.17677489773333332,0.17298237707552022,0.003792520657813103
PHM2010,c6,259.0,0.17742160773333332,0.17334301147165349,0.004078596261679834
PHM2010,c6,260.0,0.17807245163333335,0.17370315484131052,0.004369296792022831
PHM2010,c6,261.0,0.17872779326666668,0.17406280973777818,0.0046649835288885
PHM2010,c6,262.0,0.1793879930666667,0.1744219786913411,0.004966014375325595
PHM2010,c6,263.0,0.18005340616666668,0.174780664209576,0.005272741957090682
PHM2010,c6,264.0,0.18072438103333333,0.1751388687776408,0.005585512255692537
PHM2010,c6,265.0,0.18140125780000002,0.17549659485855917,0.005904662941440847
PHM2010,c6,266.0,0.18208436636666667,0.17585384489350067,0.006230521473165995
PHM2010,c6,267.0,0.18277402486666666,0.17621062130205573,0.006563403564610937
PHM2010,c6,268.0,0.18347053756666665,0.17656692648250652,0.006903611084160127
PHM2010,c6,269.0,0.18417419293333334,0.17692276281209354,0.007251430121239799
PHM2010,c6,270.0,0.18488526156666668,0.1772781326472775,0.0076071289193891944
PHM2010,c6,271.0,0.18560399406666667,0.17763303832399718,0.007970955742669483
PHM2010,c6,272.0,0.18633061869999998,0.17798748215792348,0.008343136542076496
PHM2010,c6,273.0,0.1870653393,0.1783414664447088,0.008723872855291193
PHM2010,c6,274.0,0.1878083325,0.1786949934602328,0.009113339039767215
PHM2010,c6,275.0,0.18855974543333331,0.17904806546084423,0.009511679972489084
PHM2010,c6,276.0,0.18931969313333333,0.17940068468359904,0.009919008449734285
PHM2010,c6,277.0,0.19008825543333333,0.17975285334649427,0.010335402086839057
PHM2010,c6,278.0,0.19086547469999995,0.18010457364869897,0.01076090105130098
PHM2010,c6,279.0,0.19165135246666667,0.18045584777078094,0.011195504695885733
PHM2010,c6,280.0,0.19244584663333333,0.1808066778749301,0.011639168758403234
PHM2010,c6,281.0,0.19324886813333333,0.18115706610517854,0.012091802028154797
PHM2010,c6,282.0,0.1940602778,0.18150701458761695,0.012553263212383037
PHM2010,c6,283.0,0.19487988293333333,0.18185652543060787,0.013023357502725458
PHM2010,c6,284.0,0.19570743389999998,0.18220560072499556,0.013501833175004418
PHM2010,c6,285.0,0.19654262043333331,0.18255424254431268,0.013988377889020631
PHM2010,c6,286.0,0.19738506799999997,0.18290245294498395,0.014482615055016024
PHM2010,c6,287.0,0.19823433380000002,0.18325023396652634,0.01498409983347368
PHM2010,c6,288.0,0.19895385606666666,0.18359758763174674,0.015356268434919912
PHM2010,c6,289.0,0.19967909069999995,0.1839445159469362,0.01573457475306375
PHM2010,c6,290.0,0.2004093662333333,0.18429102090206156,0.01611834533127174
PHM2010,c6,291.0,0.20114392643333334,0.18463710447095394,0.016506821962379403
PHM2010,c6,292.0,0.20188192573333333,0.18498276861149465,0.016899157121838676
PHM2010,c6,293.0,0.20262242486666665,0.18532801526579815,0.017294409600868504
PHM2010,c6,294.0,0.2033643859,0.18567284636039247,0.01769153953960753
PHM2010,c6,295.0,0.2041066673,0.18601726380639666,0.01808940349360333
PHM2010,c6,296.0,0.20484801930000002,0.1863612694996961,0.01848674980030393
PHM2010,c6,297.0,0.20558707816666666,0.18670486532111463,0.018882212845552027
PHM2010,c6,298.0,0.20632236133333334,0.18704805313658485,0.019274308196748496
PHM2010,c6,299.0,0.20705226176666666,0.1873908347973152,0.01966142696935147
PHM2010,c6,300.0,0.2077750424,0.18773321213995528,0.02004183026004472
PHM2010,c6,301.0,0.20848883026666667,0.18807518698675826,0.02041364327990841
PHM2010,c6,302.0,0.2091916107333333,0.1884167611457412,0.020774849587592098
PHM2010,c6,303.0,0.20988122139999998,0.18875793641084318,0.021123284989156804
PHM2010,c6,304.0,0.2105553457,0.18909871456208072,0.02145663113791929
PHM2010,c6,305.0,0.21121150676666664,0.18943909736570136,0.02177240940096528
PHM2010,c6,306.0,0.21184706073333334,0.1897790865743351,0.02206797415899825
PHM2010,c6,307.0,0.2124591899333333,0.1901186839271433,0.022340506006190003
PHM2010,c6,308.0,0.2130448962,0.1904578911499657,0.022587005050034303
PHM2010,c6,309.0,0.21360099363333332,0.19079670995546555,0.02280428367786777
PHM2010,c6,310.0,0.2141241014666667,0.19113514204327237,0.022988959423394323
PHM2010,c6,311.0,0.21461063663333335,0.19147318910012276,0.023137447533210592
PHM2010,c6,312.0,0.2150568061,0.1918108527999995,0.02324595330000051
PHM2010,c6,313.0,0.2154995218666667,0.19214813480426843,0.023351387062398282
PHM2010,c6,314.0,0.2159422376333333,0.19248503676181353,0.023457200871519784
NASA,1,0.0,0.0,1.0733582227395117e-14,-1.0733582227395117e-14
NASA,1,5.0,0.11,0.032828469481832226,0.07717153051816777
NASA,1,13.0,0.2,0.11231732766386904,0.08768267233613097
NASA,1,17.0,0.24,0.15864436237842813,0.08135563762157186
NASA,1,20.0,0.29,0.19556170704784992,0.09443829295215006
NASA,1,24.0,0.28,0.24729424865555966,0.03270575134444037
NASA,1,27.0,0.29,0.28778143477562523,0.0022185652243747467
NASA,1,30.0,0.38,0.3295842838087646,0.050415716191235416
NASA,1,33.0,0.4,0.3726073274010584,0.027392672598941625
NASA,1,36.0,0.43,0.4167702310617833,0.013229768938216702
NASA,1,39.0,0.45,0.4620043115030456,-0.012004311503045595
NASA,1,42.0,0.5,0.508250066265544,-0.008250066265544032
NASA,1,46.0,0.44,0.5713955820812199,-0.13139558208121987
NASA,2,0.0,0.08,0.08000000000000508,-5.079270337660091e-15
NASA,2,6.0,0.14,0.0996297464448741,0.04037025355512591
NASA,2,9.0,0.14,0.11308242713282557,0.026917572867174444
NASA,2,12.0,0.14,0.12791056383113192,0.012089436168868095
NASA,2,19.0,0.15,0.16656477890761107,-0.016564778907611072
NASA,2,24.0,0.18,0.19693590302162906,-0.016935903021629062
NASA,2,30.0,0.22,0.235847683714614,-0.015847683714614008
NASA,2,36.0,0.26,0.2770745522255273,-0.017074552225527284
NASA,2,42.0,0.31,0.32033183457632364,-0.01033183457632364
NASA,2,48.0,0.38,0.36540689822979233,0.014593101770207673
NASA,2,56.0,0.43,0.4280528697272323,0.0019471302727677164
NASA,2,63.0,0.48,0.48503632725962637,-0.005036327259626383
NASA,2,69.0,0.55,0.5353584610014315,0.01464153899856857
NASA,3,0.0,0.0,4.550911175849607e-15,-4.550911175849607e-15
NASA,3,3.0,0.13,0.007211372205097034,0.12278862779490297
NASA,3,9.0,0.13,0.029663143879088326,0.10033685612091167
NASA,3,21.0,0.17,0.08829061122774956,0.08170938877225045
NASA,3,27.0,0.19,0.12201590484673307,0.06798409515326694
NASA,3,33.0,0.2,0.15798107421630594,0.04201892578369407
NASA,3,39.0,0.23,0.19588433199343638,0.034115668006563626
NASA,3,45.0,0.23,0.23550646862565194,-0.0055064686256519335
NASA,3,51.0,0.26,0.2766798818613609,-0.01667988186136088
NASA,3,57.0,0.28,0.3192716115979678,-0.03927161159796777
NASA,3,63.0,0.33,0.3631731977681419,-0.03317319776814187
NASA,3,69.0,0.36,0.4082942128464088,-0.048294212846408835
NASA,3,75.0,0.44,0.45455792697020836,-0.014557926970208357
NASA,3,81.0,0.55,0.5018982848295642,0.04810171517043582
NASA,4,0.0,0.08,0.08000000000001092,-1.0921819004749977e-14
NASA,4,6.0,0.13,0.122247108805801,0.007752891194199002
NASA,4,12.0,0.2,0.18311303861235817,0.01688696138764184
NASA,4,18.0,0.31,0.25377858628573063,0.056221413714269364
NASA,4,24.0,0.35,0.33166926287778864,0.018330737122211338
NASA,4,31.0,0.4,0.4298762029289428,-0.029876202928942774
NASA,4,36.0,0.49,0.5041435351244936,-0.014143535124493622
NASA,5,0.0,0.0,6.037652716567318e-14,-6.037652716567318e-14
NASA,5,3.0,0.16,0.09567262313387985,0.06432737686612015
NASA,5,6.0,0.29,0.23350934921243077,0.05649065078756921
NASA,5,9.0,0.44,0.3935382482829266,0.046461751717073396
NASA,5,12.0,0.53,0.5699291436099846,-0.03992914360998456
NASA,5,15.0,0.74,0.7595796895384705,-0.019579689538470557
NASA,6,0.0,0.0,6.043408916129196e-18,-6.043408916129196e-18
NASA,7,0.0,0.0,2.922389049061456e-14,-2.922389049061456e-14
NASA,7,2.0,0.09,0.02747735404689864,0.06252264595310136
NASA,7,5.0,0.13,0.089380746966558,0.04061925303344201
NASA,7,9.0,0.22,0.19048327572949933,0.02951672427050067
NASA,7,12.0,0.24,0.2758612934885293,-0.03586129348852929
NASA,7,14.0,0.34,0.3364120329286644,0.0035879670713356293
NASA,7,18.0,0.46,0.46491487631947404,-0.004914876319474015
NASA,8,0.0,0.0,6.820064943285672e-14,-6.820064943285672e-14
NASA,8,3.0,0.18,0.10807072445175817,0.07192927554824183
NASA,8,6.0,0.3,0.26376954774546685,0.03623045225453314
NASA,8,9.0,0.44,0.44453640130570354,-0.004536401305703541
NASA,8,12.0,0.62,0.6437855827357345,-0.0237855827357345
NASA,9,0.0,0.0,1.4879271232838784e-14,-1.4879271232838784e-14
NASA,9,2.0,0.1,0.013990026542011846,0.08600997345798816
NASA,9,8.0,0.14,0.08333965961205292,0.056660340387947095
NASA,9,15.0,0.19,0.18719182361359932,0.002808176386400685
NASA,9,21.0,0.27,0.28866745603435184,-0.018667456034351826
NASA,9,27.0,0.38,0.3989328010990795,-0.01893280109907952
NASA,9,33.0,0.47,0.5165214529771193,-0.04652145297711929
NASA,9,39.0,0.64,0.6404467134979077,-0.00044671349790770254
NASA,9,45.0,0.81,0.7699918737954541,0.04000812620454597
NASA,10,0.0,0.0,1.0772102469582765e-14,-1.0772102469582765e-14
NASA,10,4.0,0.04,0.02472031188818564,0.01527968811181436
NASA,10,9.0,0.08,0.07021328544736154,0.009786714552638465
NASA,10,15.0,0.16,0.13552071696787266,0.024479283032127347
NASA,10,21.0,0.25,0.20898573373492768,0.04101426626507232
NASA,10,27.0,0.36,0.28881421305316735,0.07118578694683264
NASA,10,33.0,0.43,0.3739445253828979,0.056055474617102086
NASA,10,39.0,0.47,0.4636623337358667,0.00633766626413329
NASA,10,45.0,0.53,0.5574487644908799,-0.02744876449087985
NASA,10,57.0,0.7,0.7557226196839737,-0.05572261968397374
NASA,11,0.0,0.0,4.804981124649899e-15,-4.804981124649899e-15
NASA,11,2.0,0.04,0.004517816256978932,0.03548218374302107
NASA,11,9.0,0.07,0.03131918882380397,0.03868081117619604
NASA,11,11.0,0.07,0.04055077164065591,0.029449228359344097
NASA,11,13.0,0.08,0.050279825314850334,0.029720174685149668
NASA,11,16.0,0.09,0.06568683545136628,0.02431316454863372
NASA,11,20.0,0.12,0.08754489332283953,0.032455106677160464
NASA,11,26.0,0.16,0.12271858869549189,0.037281411304508114
NASA,11,32.0,0.18,0.16032266802812117,0.01967733197187882
NASA,11,38.0,0.2,0.20001886412819736,-1.886412819734895e-05
NASA,11,44.0,0.23,0.24156405246193072,-0.011564052461930707
NASA,11,50.0,0.26,0.2847737065565896,-0.024773706556589614
NASA,11,56.0,0.31,0.3295022310149044,-0.019502231014904392
NASA,11,62.0,0.37,0.3756313523769671,-0.0056313523769671026
NASA,11,71.0,0.42,0.44724038942047034,-0.027240389420470357
NASA,11,79.0,0.47,0.5131349594481505,-0.04313495944815049
NASA,11,85.0,0.57,0.5638418455129941,0.006158154487005851
NASA,11,92.0,0.65,0.6243102545111866,0.02568974548881342
NASA,11,99.0,0.68,0.6861161722412159,-0.006116172241215856
NASA,11,104.0,0.76,0.7310440319209768,0.02895596807902323
NASA,12,0.0,0.05,0.050000000000006345,-6.342149028171207e-15
NASA,12,3.0,0.08,0.060045038324009294,0.019954961675990708
NASA,12,16.0,0.12,0.13666000288141555,-0.01666000288141556
NASA,12,21.0,0.17,0.17298388548105953,-0.0029838854810595172
NASA,12,27.0,0.2,0.2199613340520416,-0.01996133405204159
NASA,12,33.0,0.24,0.27005880432149965,-0.030058804321499655
NASA,12,39.0,0.32,0.3228559233922598,-0.002855923392259818
NASA,12,46.0,0.4,0.3874615026076467,0.012538497392353298
NASA,12,52.0,0.45,0.44515483800208006,0.004845161997919956
NASA,12,58.0,0.49,0.504796550736129,-0.014796550736128955
NASA,12,64.0,0.58,0.5662402744861484,0.013759725513851517
NASA,12,71.0,0.65,0.6400398941361578,0.009960105863842217
NASA,13,0.0,0.1,0.10000000000002754,-2.7533531010703882e-14
NASA,13,3.0,0.13,0.14362020149955834,-0.013620201499558338
NASA,13,7.0,0.17,0.22983297616638093,-0.05983297616638092
NASA,13,12.0,0.32,0.35984888122017644,-0.039848881220176435
NASA,13,15.0,0.38,0.44631661626205477,-0.06631661626205476
NASA,13,18.0,0.49,0.5379288190325816,-0.047928819032581615
NASA,13,21.0,0.56,0.6340529018251918,-0.07405290182519175
NASA,13,25.0,0.68,0.768435835678231,-0.08843583567823099
NASA,13,28.0,0.83,0.8734249829786208,-0.04342498297862085
NASA,13,31.0,0.92,0.9817016850646176,-0.061701685064617595
NASA,13,34.0,1.07,1.0930352445922473,-0.02303524459224726
NASA,13,38.0,1.3,1.245901757589357,0.054098242410643094
NASA,13,41.0,1.53,1.3636555081783308,0.16634449182166922
NASA,14,0.0,0.09,0.09000000000004794,-4.794775687599895e-14
NASA,14,3.0,0.17,0.16597311715706986,0.004026882842930152
NASA,14,6.0,0.24,0.27542852243281757,-0.03542852243281758
NASA,14,9.0,0.35,0.40250661331558235,-0.05250661331558237
NASA,14,15.0,0.6,0.6931781595732311,-0.09317815957323117
NASA,14,18.0,0.81,0.8527387387276615,-0.04273873872766143
NASA,14,21.0,1.14,1.020157639891903,0.1198423601080969
NASA,15,0.0,0.15,0.15000000000004146,-4.1466829969749597e-14
NASA,15,3.0,0.28,0.21572649112885675,0.06427350887114328
NASA,15,6.0,0.37,0.3104194561284163,0.05958054387158368
NASA,15,10.0,0.48,0.4596302867983244,0.020369713201675577
NASA,15,13.0,0.56,0.5840332185127886,-0.0240332185127885
NASA,15,16.0,0.7,0.7170319740839638,-0.01703197408396384
NASA,16,0.0,0.24,0.24000000000009863,-9.864331573794516e-14
NASA,16,3.0,0.4,0.39631142978114764,0.003688570218852383
NASA,16,6.0,0.62,0.6215112311866238,-0.0015112311866237738
