model,speed_rpm,feed_mm_tooth,depth_mm,life_min,event
Ridge,1750.0,0.045,2.5,80.0,0
Ridge,1750.0,0.045,2.75,80.0,0
Ridge,1750.0,0.045,3.0,80.0,0
Ridge,1750.0,0.045,3.25,80.0,0
Ridge,1750.0,0.045,3.5,80.0,0
Ridge,1750.0,0.04625,2.5,80.0,0
Ridge,1750.0,0.04625,2.75,80.0,0
Ridge,1750.0,0.04625,3.0,80.0,0
Ridge,1750.0,0.04625,3.25,80.0,0
Ridge,1750.0,0.04625,3.5,80.0,0
Ridge,1750.0,0.0475,2.5,80.0,0
Ridge,1750.0,0.0475,2.75,80.0,0
Ridge,1750.0,0.0475,3.0,80.0,0
Ridge,1750.0,0.0475,3.25,80.0,0
Ridge,1750.0,0.0475,3.5,80.0,0
Ridge,1750.0,0.04875,2.5,80.0,0
Ridge,1750.0,0.04875,2.75,80.0,0
Ridge,1750.0,0.04875,3.0,80.0,0
Ridge,1750.0,0.04875,3.25,80.0,0
Ridge,1750.0,0.04875,3.5,80.0,0
Ridge,1750.0,0.05,2.5,73.81380063493881,1
Ridge,1750.0,0.05,2.75,72.99960596473966,1
Ridge,1750.0,0.05,3.0,72.24044090461548,1
Ridge,1750.0,0.05,3.25,71.5286311005636,1
Ridge,1750.0,0.05,3.5,70.8579540584249,1
Ridge,1750.0,0.05125,2.5,61.33652333492667,1
Ridge,1750.0,0.05125,2.75,60.54977653658427,1
Ridge,1750.0,0.05125,3.0,59.82099374652953,1
Ridge,1750.0,0.05125,3.25,59.14166462793848,1
Ridge,1750.0,0.05125,3.5,58.50527611411721,1
Ridge,1750.0,0.0525,2.5,52.39955717867285,1
Ridge,1750.0,0.0525,2.75,51.65636615901987,1
Ridge,1750.0,0.0525,3.0,50.970663349878016,1
Ridge,1750.0,0.0525,3.25,50.333691390274964,1
Ridge,1750.0,0.0525,3.5,49.7387925797687,1
Ridge,1750.0,0.05375,2.5,45.54895935375316,1
Ridge,1750.0,0.05375,2.75,44.850455802084426,1
Ridge,1750.0,0.05375,3.0,44.207638248834066,1
Ridge,1750.0,0.05375,3.25,43.61187706328579,1
Ridge,1750.0,0.05375,3.5,43.05682908137395,1
Ridge,1750.0,0.055,2.5,40.07701028179857,1
Ridge,1750.0,0.055,2.75,39.420818382611856,1
Ridge,1750.0,0.055,3.0,38.8180298038435,1
Ridge,1750.0,0.055,3.25,38.26050783419874,1
Ridge,1750.0,0.055,3.5,37.74175111540116,1
Ridge,1762.5,0.045,2.5,80.0,0
Ridge,1762.5,0.045,2.75,80.0,0
Ridge,1762.5,0.045,3.0,80.0,0
Ridge,1762.5,0.045,3.25,80.0,0
Ridge,1762.5,0.045,3.5,80.0,0
Ridge,1762.5,0.04625,2.5,80.0,0
Ridge,1762.5,0.04625,2.75,80.0,0
Ridge,1762.5,0.04625,3.0,80.0,0
Ridge,1762.5,0.04625,3.25,80.0,0
Ridge,1762.5,0.04625,3.5,80.0,0
Ridge,1762.5,0.0475,2.5,80.0,0
Ridge,1762.5,0.0475,2.75,80.0,0
Ridge,1762.5,0.0475,3.0,80.0,0
Ridge,1762.5,0.0475,3.25,80.0,0
Ridge,1762.5,0.0475,3.5,80.0,0
Ridge,1762.5,0.04875,2.5,76.56779759271967,1
Ridge,1762.5,0.04875,2.75,75.8137544359864,1
Ridge,1762.5,0.04875,3.0,75.11002524563928,1
Ridge,1762.5,0.04875,3.25,74.4494452478354,1
Ridge,1762.5,0.04875,3.5,73.8266618221397,1
Ridge,1762.5,0.05,2.5,63.7300222750928,1
Ridge,1762.5,0.05,2.75,62.984379387585285,1
Ridge,1762.5,0.05,3.0,62.29320938165151,1
Ridge,1762.5,0.05,3.25,61.6484216200102,1
Ridge,1762.5,0.05,3.5,61.04397515128631,1
Ridge,1762.5,0.05125,2.5,54.514679655436325,1
Ridge,1762.5,0.05125,2.75,53.80190882894237,1
Ridge,1762.5,0.05125,3.0,53.143606408273264,1
Ridge,1762.5,0.05125,3.25,52.53194620188502,1
Ridge,1762.5,0.05125,3.5,51.96018026076794,1
Ridge,1762.5,0.0525,2.5,47.442551016391455,1
Ridge,1762.5,0.0525,2.75,46.76765544752077,1
Ridge,1762.5,0.0525,3.0,46.14586149012798,1
Ridge,1762.5,0.0525,3.25,45.56959053736939,1
Ridge,1762.5,0.0525,3.5,45.03214650838839,1
Ridge,1762.5,0.05375,2.5,41.7901089039148,1
Ridge,1762.5,0.05375,2.75,41.15247592842515,1
Ridge,1762.5,0.05375,3.0,40.566500171849334,1
Ridge,1762.5,0.05375,3.25,40.02413839293916,1
Ridge,1762.5,0.05375,3.5,39.519206819128826,1
Ridge,1762.5,0.055,2.5,37.144962119009556,1
Ridge,1762.5,0.055,2.75,36.54285795418993,1
Ridge,1762.5,0.055,3.0,35.99022986872174,1
Ridge,1762.5,0.055,3.25,35.47945573070989,1
Ridge,1762.5,0.055,3.5,35.00458753224115,1
Ridge,1775.0,0.045,2.5,80.0,0
Ridge,1775.0,0.045,2.75,80.0,0
Ridge,1775.0,0.045,3.0,80.0,0
Ridge,1775.0,0.045,3.25,80.0,0
Ridge,1775.0,0.045,3.5,80.0,0
Ridge,1775.0,0.04625,2.5,80.0,0
Ridge,1775.0,0.04625,2.75,80.0,0
Ridge,1775.0,0.04625,3.0,80.0,0
Ridge,1775.0,0.04625,3.25,80.0,0
Ridge,1775.0,0.04625,3.5,80.0,0
Ridge,1775.0,0.0475,2.5,79.61676535260462,1
Ridge,1775.0,0.0475,2.75,78.92137503748526,1
Ridge,1775.0,0.0475,3.0,78.27172492968,1
Ridge,1775.0,0.0475,3.25,77.6615713533821,1
Ridge,1775.0,0.0475,3.5,77.0856297166038,1
Ridge,1775.0,0.04875,2.5,66.31424991024066,1
Ridge,1775.0,0.04875,2.75,65.6082564383757,1
Ridge,1775.0,0.04875,3.0,64.95318521318791,1
Ridge,1775.0,0.04875,3.25,64.34199561394037,1
Ridge,1775.0,0.04875,3.5,63.76839983304061,1
Ridge,1775.0,0.05,2.5,56.76417504352647,1
Ridge,1775.0,0.05,2.75,56.080607680738765,1
Ridge,1775.0,0.05,3.0,55.44888305596371,1
Ridge,1775.0,0.05,3.25,54.8614949355187,1
Ridge,1775.0,0.05,3.5,54.312216052852456,1
Ridge,1775.0,0.05125,2.5,49.43599455094637,1
Ridge,1775.0,0.05125,2.75,48.783666215063846,1
Ridge,1775.0,0.05125,3.0,48.18234391070652,1
Ridge,1775.0,0.05125,3.25,47.624532765022394,1
Ridge,1775.0,0.05125,3.5,47.10414454090367,1
Ridge,1775.0,0.0525,2.5,43.57974148598822,1
Ridge,1775.0,0.0525,2.75,42.96014847934505,1
Ridge,1775.0,0.0525,3.0,42.39014757672409,1
Ridge,1775.0,0.0525,3.25,41.862420196317004,1
Ridge,1775.0,0.0525,3.5,41.370837228041076,1
Ridge,1775.0,0.05375,2.5,38.76786372361341,1
Ridge,1775.0,0.05375,2.75,38.18018007092578,1
Ridge,1775.0,0.05375,3.0,37.64047572484285,1
Ridge,1775.0,0.05375,3.25,37.14146524678239,1
Ridge,1775.0,0.05375,3.5,36.67735227401947,1
Ridge,1775.0,0.055,2.5,34.73266019293628,1
Ridge,1775.0,0.055,2.75,34.17525986209887,1
Ridge,1775.0,0.055,3.0,33.664082303975924,1
Ridge,1775.0,0.055,3.25,33.191998081168926,1
Ridge,1775.0,0.055,3.5,32.7533362329794,1
Ridge,1787.5,0.045,2.5,80.0,0
Ridge,1787.5,0.045,2.75,80.0,0
Ridge,1787.5,0.045,3.0,80.0,0
Ridge,1787.5,0.045,3.25,80.0,0
Ridge,1787.5,0.045,3.5,80.0,0
Ridge,1787.5,0.04625,2.5,80.0,0
Ridge,1787.5,0.04625,2.75,80.0,0
Ridge,1787.5,0.04625,3.0,80.0,0
Ridge,1787.5,0.04625,3.25,80.0,0
Ridge,1787.5,0.04625,3.5,80.0,0
Ridge,1787.5,0.0475,2.5,69.11590873240957,1
Ridge,1787.5,0.0475,2.75,68.44879846439962,1
Ridge,1787.5,0.0475,3.0,67.82964907346268,1
Ridge,1787.5,0.0475,3.25,67.25117262312561,1
Ridge,1787.5,0.0475,3.5,66.70802609521942,1
Ridge,1787.5,0.04875,2.5,59.16761529221647,1
Ridge,1787.5,0.04875,2.75,58.51253686813154,1
Ridge,1787.5,0.04875,3.0,57.90669704287205,1
Ridge,1787.5,0.04875,3.25,57.3430532437357,1
Ridge,1787.5,0.04875,3.5,56.81562424642156,1
Ridge,1787.5,0.05,2.5,51.544210913973316,1
Ridge,1787.5,0.05,2.75,50.913516032411756,1
Ridge,1787.5,0.05,3.0,50.332169368586115,1
Ridge,1787.5,0.05,3.25,49.792455359698195,1
Ridge,1787.5,0.05,3.5,49.288620932898894,1
Ridge,1787.5,0.05125,2.5,45.457697427503255,1
Ridge,1787.5,0.05125,2.75,44.85537554859425,1
Ridge,1787.5,0.05125,3.0,44.30118638180321,1
Ridge,1787.5,0.05125,3.25,43.78765769198915,1
Ridge,1787.5,0.05125,3.5,43.3090810010213,1
Ridge,1787.5,0.0525,2.5,40.460287557545335,1
Ridge,1787.5,0.0525,2.75,39.88658394638463,1
Ridge,1787.5,0.0525,3.0,39.35956782656001,1
Ridge,1787.5,0.0525,3.25,38.87194320743065,1
Ridge,1787.5,0.0525,3.5,38.418265746657944,1
Ridge,1787.5,0.05375,2.5,36.2718506201741,1
Ridge,1787.5,0.05375,2.75,35.726040646098255,1
Ridge,1787.5,0.05375,3.0,35.225199462290924,1
Ridge,1787.5,0.05375,3.25,34.76237531442636,1
Ridge,1787.5,0.05375,3.5,34.33204213314681,1
Ridge,1787.5,0.055,2.5,32.70546046698827,1
Ridge,1787.5,0.055,2.75,32.185995313170494,1
Ridge,1787.5,0.055,3.0,31.709896784413147,1
Ridge,1787.5,0.055,3.25,31.270360624913394,1
Ridge,1787.5,0.055,3.5,30.86206660802501,1
Ridge,1800.0,0.045,2.5,80.0,0
Ridge,1800.0,0.045,2.75,80.0,0
Ridge,1800.0,0.045,3.0,80.0,0
Ridge,1800.0,0.045,3.25,80.0,0
Ridge,1800.0,0.045,3.5,80.0,0
Ridge,1800.0,0.04625,2.5,72.16712808852631,1
Ridge,1800.0,0.04625,2.75,71.53918639632606,1
Ridge,1800.0,0.04625,3.0,70.95569226208794,1
Ridge,1800.0,0.04625,3.25,70.41038749072402,1
Ridge,1800.0,0.04625,3.5,69.89798993322127,1
Ridge,1800.0,0.0475,2.5,61.747700357159566,1
Ridge,1800.0,0.0475,2.75,61.12059306906541,1
Ridge,1800.0,0.0475,3.0,60.540397220099045,1
Ridge,1800.0,0.0475,3.25,60.00010944579957,1
Ridge,1800.0,0.0475,3.5,59.49431884237672,1
Ridge,1800.0,0.04875,2.5,53.78374982889081,1
Ridge,1800.0,0.04875,2.75,53.17442978472395,1
Ridge,1800.0,0.04875,3.0,52.612430144102426,1
Ridge,1800.0,0.04875,3.25,52.09043048871269,1
Ridge,1800.0,0.04875,3.5,51.60286702603263,1
Ridge,1800.0,0.05,2.5,47.436814931315055,1
Ridge,1800.0,0.05,2.75,46.85142470540051,1
Ridge,1800.0,0.05,3.0,46.31246634527667,1
Ridge,1800.0,0.05,3.25,45.812811891158205,1
Ridge,1800.0,0.05,3.5,45.346926319276115,1
Ridge,1800.0,0.05125,2.5,42.232626250386375,1
Ridge,1800.0,0.05125,2.75,41.67262978273238,1
Ridge,1800.0,0.05125,3.0,41.15787784102355,1
Ridge,1800.0,0.05125,3.25,40.68146502795833,1
Ridge,1800.0,0.05125,3.5,40.237903814162635,1
Ridge,1800.0,0.0525,2.5,37.875201073016676,1
Ridge,1800.0,0.0525,2.75,37.3406439043486,1
Ridge,1800.0,0.0525,3.0,36.84983441637416,1
Ridge,1800.0,0.0525,3.25,36.39612928565897,1
Ridge,1800.0,0.0525,3.5,35.97422845015854,1
Ridge,1800.0,0.05375,2.5,34.168109704227525,1
Ridge,1800.0,0.05375,2.75,33.65796137817915,1
Ridge,1800.0,0.05375,3.0,33.19019574111964,1
Ridge,1800.0,0.05375,3.25,32.75815609307391,1
Ridge,1800.0,0.05375,3.5,32.35658372268445,1
Ridge,1800.0,0.055,2.5,30.973504135277544,1
Ridge,1800.0,0.055,2.75,30.486634576042203,1
Ridge,1800.0,0.055,3.0,30.040550920250528,1
Ridge,1800.0,0.055,3.25,29.628956066544422,1
Ridge,1800.0,0.055,3.5,29.24696001131803,1
Ridge,1812.5,0.045,2.5,75.50658674201891,1
Ridge,1812.5,0.045,2.75,74.91873729583386,1
Ridge,1812.5,0.045,3.0,74.37208823117257,1
Ridge,1812.5,0.045,3.25,73.8606762778727,1
Ridge,1812.5,0.045,3.5,73.3797981658088,1
Ridge,1812.5,0.04625,2.5,64.53046289846112,1
Ridge,1812.5,0.04625,2.75,63.93137188407164,1
Ridge,1812.5,0.04625,3.0,63.376866984529656,1
Ridge,1812.5,0.04625,3.25,62.86018045768366,1
Ridge,1812.5,0.04625,3.5,62.37615753097172,1
Ridge,1812.5,0.0475,2.5,56.17363651835081,1
Ridge,1812.5,0.0475,2.75,55.58567828838165,1
Ridge,1812.5,0.0475,3.0,55.042823944804034,1
Ridge,1812.5,0.0475,3.25,54.53837244679404,1
Ridge,1812.5,0.0475,3.5,54.0669921995825,1
Ridge,1812.5,0.04875,2.5,49.531742666180804,1
Ridge,1812.5,0.04875,2.75,48.96288538713837,1
Ridge,1812.5,0.04875,3.0,48.43885592322579,1
Ridge,1812.5,0.04875,3.25,47.95289355137945,1
Ridge,1812.5,0.04875,3.5,47.499624911577456,1
Ridge,1812.5,0.05,2.5,44.09617392036458,1
Ridge,1812.5,0.05,2.75,43.54963831703673,1
Ridge,1812.5,0.05,3.0,43.04694500063825,1
Ridge,1812.5,0.05,3.25,42.58138493352603,1
Ridge,1812.5,0.05,3.5,42.14770269480169,1
Ridge,1812.5,0.05125,2.5,39.552194697966904,1
Ridge,1812.5,0.05125,2.75,39.02856978428439,1
Ridge,1812.5,0.05125,3.0,38.547599187553345,1
Ridge,1812.5,0.05125,3.25,38.102665113972684,1
Ridge,1812.5,0.05125,3.5,37.688859198545494,1
Ridge,1812.5,0.0525,2.5,35.69078280525675,1
Ridge,1812.5,0.0525,2.75,35.18974087738306,1
Ridge,1812.5,0.0525,3.0,34.730083041553925,1
Ridge,1812.5,0.0525,3.25,34.30530171777921,1
Ridge,1812.5,0.0525,3.5,33.91051242364864,1
Ridge,1812.5,0.05375,2.5,32.366308166696086,1
Ridge,1812.5,0.05375,2.75,31.887091985525135,1
Ridge,1812.5,0.05375,3.0,31.447902125515828,1
Ridge,1812.5,0.05375,3.25,31.042356614752688,1
Ridge,1812.5,0.05375,3.5,30.665772852974833,1
Ridge,1812.5,0.055,2.5,29.47379217779806,1
Ridge,1812.5,0.055,2.75,29.01526333062555,1
Ridge,1812.5,0.055,3.0,28.59525693624222,1
Ridge,1812.5,0.055,3.25,28.20813447167968,1
Ridge,1812.5,0.055,3.5,27.84856400193751,1
Ridge,1825.0,0.045,2.5,67.54685722460087,1
Ridge,1825.0,0.045,2.75,66.97644479162187,1
Ridge,1825.0,0.045,3.0,66.44806236553075,1
Ridge,1825.0,0.045,3.25,65.95544658312099,1
Ridge,1825.0,0.045,3.5,65.49379133817578,1
Ridge,1825.0,0.04625,2.5,58.7361902319471,1
Ridge,1825.0,0.04625,2.75,58.16926739702512,1
Ridge,1825.0,0.04625,3.0,57.645716731425935,1
Ridge,1825.0,0.04625,3.25,57.15890154961429,1
Ridge,1825.0,0.04625,3.5,56.70380756745564,1
Ridge,1825.0,0.0475,2.5,51.75877319245084,1
Ridge,1825.0,0.0475,2.75,51.206352133631064,1
Ridge,1825.0,0.0475,3.0,50.69723677867699,1
Ridge,1825.0,0.0475,3.25,50.224879230827014,1
Ridge,1825.0,0.0475,3.5,49.78407752075054,1
Ridge,1825.0,0.04875,2.5,46.06385067368039,1
Ridge,1825.0,0.04875,2.75,45.530438946315634,1
Ridge,1825.0,0.04875,3.0,45.03961354535171,1
Ridge,1825.0,0.04875,3.25,44.5848453333366,1
Ridge,1825.0,0.04875,3.5,44.161051924819446,1
Ridge,1825.0,0.05,2.5,41.312622088027055,1
Ridge,1825.0,0.05,2.75,40.79973795027692,1
Ridge,1825.0,0.05,3.0,40.328410516480425,1
Ridge,1825.0,0.05,3.25,39.892263749890134,1
Ridge,1825.0,0.05,3.5,39.48645684623916,1
Ridge,1825.0,0.05125,2.5,37.28161986761197,1
Ridge,1825.0,0.05125,2.75,36.78947457049978,1
Ridge,1825.0,0.05125,3.0,36.3376967936879,1
Ridge,1825.0,0.05125,3.25,35.92021376885149,1
Ridge,1825.0,0.05125,3.5,35.5319780875253,1
Ridge,1825.0,0.0525,2.5,33.81567048505024,1
Ridge,1825.0,0.0525,2.75,33.34379561218238,1
Ridge,1825.0,0.0525,3.0,32.911256190619,1
Ridge,1825.0,0.0525,3.25,32.511753304887506,1
Ridge,1825.0,0.0525,3.5,32.14047848174144,1
Ridge,1825.0,0.05375,2.5,30.803068190950906,1
Ridge,1825.0,0.05375,2.75,30.350746684367532,1
Ridge,1825.0,0.05375,3.0,29.936571196650235,1
Ridge,1825.0,0.05375,3.25,29.554179333384585,1
Ridge,1825.0,0.05375,3.5,29.199308069259025,1
Ridge,1825.0,0.055,2.5,28.160633584292462,1
Ridge,1825.0,0.055,2.75,27.72711099916799,1
Ridge,1825.0,0.055,3.0,27.330062643009967,1
Ridge,1825.0,0.055,3.25,26.96426107682819,1
Ridge,1825.0,0.055,3.5,26.62463649098472,1
Ridge,1837.5,0.045,2.5,61.49682164538262,1
Ridge,1837.5,0.045,2.75,60.95148903445967,1
Ridge,1837.5,0.045,3.0,60.447556151840445,1
Ridge,1837.5,0.045,3.25,59.97883416692915,1
Ridge,1837.5,0.045,3.5,59.54040256396506,1
Ridge,1837.5,0.04625,2.5,54.136810337353886,1
Ridge,1837.5,0.04625,2.75,53.6009760116728,1
Ridge,1837.5,0.04625,3.0,53.106829416941444,1
Ridge,1837.5,0.04625,3.25,52.64804976673164,1
Ridge,1837.5,0.04625,3.5,52.219842696360395,1
Ridge,1837.5,0.0475,2.5,48.14984120679801,1
Ridge,1837.5,0.0475,2.75,47.62952345161075,1
Ridge,1837.5,0.0475,3.0,47.15048352280643,1
Ridge,1837.5,0.0475,3.25,46.706595189325206,1
Ridge,1837.5,0.0475,3.5,46.29273201055738,1
Ridge,1837.5,0.04875,2.5,43.16790899408949,1
Ridge,1837.5,0.04875,2.75,42.665626601577166,1
Ridge,1837.5,0.04875,3.0,42.20393761794939,1
Ridge,1837.5,0.04875,3.25,41.77653013620725,1
Ridge,1837.5,0.04875,3.5,41.37839726151686,1
Ridge,1837.5,0.05,2.5,38.94974428634153,1
Ridge,1837.5,0.05,2.75,38.466380342327746,1
Ridge,1837.5,0.05,3.0,38.022530063898486,1
Ridge,1837.5,0.05,3.25,37.61196933218197,1
Ridge,1837.5,0.05,3.5,37.2303004687573,1
Ridge,1837.5,0.05125,2.5,35.32879393300134,1
Ridge,1837.5,0.05125,2.75,34.864237518018484,1
Ridge,1837.5,0.05125,3.0,34.438260687789764,1
Ridge,1837.5,0.05125,3.25,34.044582075630984,1
Ridge,1837.5,0.05125,3.5,33.678708724764206,1
Ridge,1837.5,0.0525,2.5,32.185780971320604,1
Ridge,1837.5,0.0525,2.75,31.739704486262674,1
Ridge,1837.5,0.0525,3.0,31.330733452692517,1
Ridge,1837.5,0.0525,3.25,30.953427862224675,1
Ridge,1837.5,0.0525,3.5,30.602748084234047,1
Ridge,1837.5,0.05375,2.5,29.431947224061606,1
Ridge,1837.5,0.05375,2.75,29.003583821394447,1
Ridge,1837.5,0.05375,3.0,28.611185181068905,1
Ridge,1837.5,0.05375,3.25,28.249411209434303,1
Ridge,1837.5,0.05375,3.5,27.913526958765665,1
Ridge,1837.5,0.055,2.5,27.00003882772936,1
Ridge,1837.5,0.055,2.75,26.58848184255108,1
Ridge,1837.5,0.055,3.0,26.212147163315688,1
Ridge,1837.5,0.055,3.25,25.864968870341418,1
Ridge,1837.5,0.055,3.5,25.543035251629128,1
Ridge,1850.0,0.045,2.5,56.687833345269105,1
Ridge,1850.0,0.045,2.75,56.16874073575377,1
Ridge,1850.0,0.045,3.0,55.68985565760838,1
Ridge,1850.0,0.045,3.25,55.24513918615667,1
Ridge,1850.0,0.045,3.5,54.82971181059924,1
Ridge,1850.0,0.04625,2.5,50.37096892236982,1
Ridge,1850.0,0.04625,2.75,49.863756670464355,1
Ridge,1850.0,0.04625,3.0,49.396571324236305,1
Ridge,1850.0,0.04625,3.25,48.96349482523678,1
Ridge,1850.0,0.04625,3.5,48.55955371247938,1
Ridge,1850.0,0.0475,2.5,45.1309252999134,1
Ridge,1850.0,0.0475,2.75,44.63919039099617,1
Ridge,1850.0,0.0475,3.0,44.187054823359915,1
Ridge,1850.0,0.0475,3.25,43.76832351628892,1
Ridge,1850.0,0.0475,3.5,43.378112817205206,1
Ridge,1850.0,0.04875,2.5,40.70538012642293,1
Ridge,1850.0,0.04875,2.75,40.23068902328185,1
Ridge,1850.0,0.04875,3.0,39.79460910681129,1
Ridge,1850.0,0.04875,3.25,39.39113506885758,1
Ridge,1850.0,0.04875,3.5,39.01585140076586,1
Ridge,1850.0,0.05,2.5,36.91406009777404,1
Ridge,1850.0,0.05,2.75,36.45681430773237,1
Ridge,1850.0,0.05,3.0,36.03715396954189,1
Ridge,1850.0,0.05,3.25,35.64926017034434,1
Ridge,1850.0,0.05,3.5,35.2886962453521,1
Ridge,1850.0,0.05125,2.5,33.628474081074756,1
Ridge,1850.0,0.05125,2.75,33.1885206725113,1
Ridge,1850.0,0.05125,3.0,32.78504162480559,1
Ridge,1850.0,0.05125,3.25,32.41244806264344,1
Ridge,1850.0,0.05125,3.5,32.066243028400976,1
Ridge,1850.0,0.0525,2.5,30.753887115487455,1
Ridge,1850.0,0.0525,2.75,30.33051615299969,1
Ridge,1850.0,0.0525,3.0,29.942868557968616,1
Ridge,1850.0,0.0525,3.25,29.584893115310315,1
Ridge,1850.0,0.0525,3.5,29.252792704277866,1
Ridge,1850.0,0.05375,2.5,28.21822684001259,1
Ridge,1850.0,0.05375,2.75,27.81103011429982,1
Ridge,1850.0,0.05375,3.0,27.438440369845175,1
Ridge,1850.0,0.05375,3.25,27.094597909565,1
Ridge,1850.0,0.05375,3.5,26.7757841542037,1
Ridge,1850.0,0.055,2.5,25.965959047399608,1
Ridge,1850.0,0.055,2.75,25.5741828859536,1
Ridge,1850.0,0.055,3.0,25.21606229033555,1
Ridge,1850.0,0.055,3.25,24.885797714617027,1
Ridge,1850.0,0.055,3.5,24.579440058041875,1
