bootstrap_id,attempt_id,sigma,intercept,log_speed_ref,log_feed_ref,log_depth_ref
0,1,0.19477442872629985,3.6498440603108384,-1.4214664425555672,-2.7264091471258283,2.099883613232076
1,2,1.212546349712017e-05,2.7286922809989234,-1.7328775502445266,-5.794874398865979,-1.226818461031004
2,3,0.10062601599834069,3.75230028068559,-2.760811953107371,-3.2359703350878872,3.114034804347882
3,4,0.4807566935572846,3.056305554335159,-0.19252050064458567,-1.5166759384532604,-0.6856932107907012
4,5,1.476578533133208e-06,2.845910884891721,0.6361066348674246,-4.343769408238013,-2.451478452601053
5,6,0.6271090310911925,3.3343031577975806,0.013108980998402468,-1.6829055657545913,-1.0802120949771274
6,7,0.6079879240593324,3.4946633965251173,0.1853915723210394,-1.0352510982717913,-0.8211497923803167
7,8,0.12707725943874484,3.2153258470543826,-1.7470474317191362,-3.0765257926185203,0.26224973085305675
8,9,1.543140243216009e-05,3.8071821500718683,-2.0405194990253053,0.1147233355748525,4.642260495977453
9,10,1.4722617153027803e-05,3.821329249930875,-1.5375784935141745,-2.260046035813356,3.987908345715528
10,11,0.4486422262653948,3.1217743594047014,-0.2014502157300962,-2.2450678277789584,-0.32499418699708077
11,12,0.4350196170952571,3.165891519284993,-0.28538822481710685,-2.2819400779926022,-0.9490655269028716
12,13,0.5866568701443869,3.240362385354747,0.005928920013760753,-1.118807328446628,-0.44923252954078063
13,14,0.4760953012864979,3.217829622609796,-0.1470767966443088,-2.188212665412017,-0.698044632431165
14,15,0.6027530020152281,3.2103007183864567,0.053500738466111857,-1.6841391682831859,-1.2617085119325264
15,16,0.5763609017057074,3.234115495860195,0.12492429689214539,-1.532220900492822,0.05646866999790724
16,17,0.28552503011929314,3.702974848399723,-0.8376252710034879,-0.6981019940092941,1.5514889392314157
17,18,0.6022746992748855,3.5224553079110175,0.22268282693182848,-1.1847789021382935,-0.6856423455355792
18,19,0.563018339724088,3.029836751182833,-0.012180858168667858,-1.6505461313992753,-0.5957999466261612
19,20,7.958984149420522e-07,2.8540239427929177,0.9193356912778615,-4.38354869676564,-2.4277542240801058
20,21,4.961988063064353e-06,2.821374872934592,-0.6165782595757092,-7.530646635913556,-0.5508283688588033
21,22,0.6173792902934904,3.117900703197268,-0.15532943861684975,-1.473865135307448,-0.9956711908722115
22,23,1.1078110951131136e-08,2.8538348643004845,0.9127571060858446,-4.382616726783762,-2.4283102692266327
23,24,0.14271316338683673,2.8306205302053953,-0.481930600933064,-4.459921294958135,-1.9045300528811773
24,25,9.186565299121698e-09,2.8538348838525898,0.9127571346514045,-4.382616757150103,-2.4283102318836693
25,26,0.17647068465540672,2.8285975916688666,-0.5226678351297888,-3.3948656525693623,-1.6240296153104636
26,27,0.4647530373503886,3.0818272616915037,0.07470570710100372,-2.182746792280528,-1.7665661984274454
27,28,0.4823701618123922,3.1638382311297533,-0.12670103461258517,-1.83995946507276,-0.724860279025076
28,29,6.45175895355668e-08,3.602530838760565,-9.305096032443833,-2.948198030086847,2.428003877977785
29,30,0.6237047676535528,3.2694830149998877,-0.06460591489065415,-1.1010263114693914,-0.1854401999623364
30,31,2.16101147507315e-05,2.833600521770122,0.7521415429423779,-1.470973454930561,-0.2780052155344996
31,32,4.052918867868418e-08,2.719922540647768,-4.003952029364955,-5.744158140616817,-1.6162922546376726
32,33,0.17746297317975582,2.909305913107803,-0.2522057454600114,-4.309824107031397,-1.5271535879738745
33,34,1.0252375141364986e-05,3.8002106853178335,-2.287361389837723,-3.933308901914251,2.9971523748705216
34,35,1.6127335845897235e-05,2.8342453974385946,0.19313386275265862,-4.581990702601462,-2.3094825922640614
35,36,0.4406056988507611,2.923697477201901,-0.1695812455368422,-0.9729667684242201,-0.4221410286948318
36,37,1.3009085155127535e-05,3.8372853266177547,-0.972021330542582,-4.117826805250335,3.10407855687141
37,38,0.47898950222203807,3.1296225854280753,-0.15564659071634288,-1.9527576135430824,-0.5425447100455872
38,39,0.05044001038422421,2.5666990262273797,0.6362430513307209,-1.3369543884787427,-2.1817608452762496
39,40,1.86987138147433e-05,3.7960047368859198,-2.4378251664191075,-0.9742344047721941,4.521204070961092
40,41,0.6004533155319408,3.2565390959305773,0.03311835920204453,-1.2323560102001712,-0.07830966572036681
41,42,0.2992353361330394,3.498766284447695,-0.5091587198913052,-1.2282636503893891,0.8903151966010745
42,43,0.5585173200620525,3.303969357866994,0.1317878129065113,-1.614157422283067,-0.5988832514124228
43,44,0.4732764907157437,2.980514265888445,0.01737721273235506,-2.1306047034112483,-1.0970302257424953
44,45,2.089997940021552e-05,3.808207328740203,-2.0034363627928293,-3.9732923989267315,3.020284838082706
45,46,2.6429183861730895e-05,3.7056394300465962,-5.645811803541525,-4.878150356173678,3.5435198620021544
46,47,2.2148055067004605e-05,3.781773718955479,-2.9440279956357123,-1.1193311092364815,4.367127542647808
47,48,2.096268110703071e-05,3.7896987622766924,-2.660883058355804,-3.8808949979974345,2.96691832805751
48,49,2.3339256424331833e-05,3.77874023574683,-3.050621749605315,-1.1507011722108178,4.334258972052179
49,50,1.55558560350286e-05,3.6890636607464447,-6.232640366156328,-4.568518508435092,3.364351538546665
50,51,0.13449422602400965,2.677300085711564,-1.726000412690199,-3.135326334335158,-2.318979318232494
51,52,0.6369001714920973,3.2738342783851344,0.08506664133197883,-1.1297313520346597,-0.2885588936843511
52,53,2.6716715153961573e-05,3.6933824062831953,-6.080360405071705,-4.649159755719147,3.410916195842202
53,54,0.09724559139222895,3.762021450031002,-2.8631224329663967,-3.271199876920955,3.179037852976982
54,55,0.1487328262516279,2.8049093802311202,-0.15111622774190875,-4.0797800056736175,-1.8587320498263658
55,56,0.16467989178264436,2.872227777754634,-0.7559483100425008,-4.503368753843472,-1.398455034398331
56,57,0.431557398267517,3.1891960818705685,-0.0076729206932562855,-2.6249370295519543,-0.6549784859680721
57,58,0.1970693772872316,2.840327214530388,0.8652424948384999,-2.7756305792687495,-1.0949686701939298
58,59,0.6643566609979931,3.70584670928746,0.22291574779174436,-1.3592956996360703,-0.9303607143357772
59,60,0.15468669620752737,2.774504248768592,-0.96829288197433,-4.103991943289879,-1.841109348737829
60,61,1.3990788181341914e-05,3.8198826704647555,-1.5895323871600346,-4.031150510496927,3.053938022456671
61,62,2.2035424298951092e-07,2.845606211626393,0.6254841161517539,-4.342287047516591,-2.4523608569111137
62,63,3.6804517953672607e-06,2.854431689878101,0.9334812246393364,-4.385509530590041,-2.4265571825014627
63,64,0.1557660085786667,3.2366168171377985,-1.291446793668004,-2.892398851014968,0.390687515356492
64,65,0.12963679434304243,2.8154854586901616,-0.6062467479531009,-4.41059350011155,-1.9517178170612708
65,66,2.2499616880883404e-05,2.8622630904001163,0.4131918889375038,-4.312579052447566,-2.3453503775687645
66,67,0.58622634975579,3.1809707937004204,-0.030737210145899946,-1.5939688512020658,-1.2006651892320055
67,68,1.442710473728728e-05,3.729017372420977,-4.815033632993347,-5.316065760549714,3.7963150891482416
68,69,0.6077234359842826,3.418136281661211,0.011582828341385487,-1.3588735972883073,-0.2940095845045284
69,70,0.5249949762956139,3.106361750378172,-0.1348246437288674,-1.2495379318479494,-0.6329334524881283
70,71,1.6550111420030373e-05,3.80681402494409,-2.0534513174119793,-0.8632337852996809,4.638402897031448
71,72,5.8512495236185705e-06,2.9126106283262914,0.9051409806922766,-0.013098592516910854,0.17826156423644024
72,73,0.5426465749933079,2.9479068836886597,0.12619058022714602,-2.33679424707981,-1.5732623120583067
73,74,6.483957455025666e-09,2.845605459606743,0.6254645672657348,-4.342285588450307,-2.4523635440433895
74,75,0.5796980451348298,2.979581875648431,-0.1445085645047616,-1.6115152792703091,-1.4459847062390256
75,76,0.5395102626184394,3.0388545855205042,0.08187519246969212,-2.052146031044541,-0.6571713240408953
76,77,1.678256381593952e-05,3.830920304538525,-1.1983935628871323,-2.473250750595938,3.9290371183801653
77,78,0.5627983138784458,3.2460754217985315,0.09302172884894785,-1.7251052242515947,-0.32755218670665626
78,79,1.27313782706508e-05,3.822597819722924,-1.4935874735625527,0.604986902745744,0.374687666494626
79,80,0.10028221442050904,2.7213761967561565,-1.8251501710699025,-3.6696215618764843,-2.3508822208966547
80,81,0.5417717120950236,2.9022677968377923,0.06791774183343917,-1.0241411918519554,-0.7873300944993604
81,82,0.43382476783762847,3.218460975835343,0.027576372588767998,-2.086592802278507,-1.1005518641802288
82,83,0.6249818950766671,3.1014743696834324,0.32383289989234015,-1.497354558704165,-0.565523776688366
83,84,1.605749987070562e-07,2.8193216588005727,-0.6852365233004377,-7.494533757513608,-0.5723769233479749
84,85,1.2694499027210016e-05,3.8118482610167352,-1.8748567288270355,-0.023001701427999337,4.692521507571742
85,86,3.5302935583654105e-06,2.8477708736594116,0.7009467959977889,-4.352919632377314,-2.4460230208130582
86,87,0.5068186050431556,3.162107812310182,-0.21864030127050366,-1.6218044675893117,-0.6015148893228499
87,88,0.4960053550353882,3.28484790196984,-0.054029009606156565,-2.2625397445923827,-0.28290704771340847
88,89,1.6148134450976802e-05,3.8090316511925337,-1.9739715316014226,-3.977432617851126,3.022548550597837
89,90,0.4321100010155885,3.1447814379695886,0.17270007512050478,-1.9455966276054886,-2.132487930840258
90,91,2.2657691160951653e-08,2.850389699083894,1.2223384519882214,-4.296887597403976,-2.4023906373511177
91,92,0.17946854557230282,2.80019361787314,0.800927196302158,-2.656781071878449,-0.9611028860453245
92,93,2.62812165085124e-05,3.186617841224237,-2.8986355442305776,-1.106383884268126,1.1095372852382226
93,95,0.17025428851712976,3.149154771807489,-1.5105118858295008,-2.598853879788408,0.19431890369306545
94,96,0.14886217418503114,3.6847289015941516,-1.738522933667075,-2.9273142859790715,2.69370422573951
95,97,0.6391510947889323,3.3470829102583477,-0.2822066450948246,-0.6941812629978531,-0.10177509839730607
96,98,4.5389085177417696e-08,3.6025308208611087,-9.305097879811438,-2.948197728760421,2.4280037465455258
97,99,0.1316358269620267,3.2010032447913987,-1.9128798387473103,-3.4265985821121205,0.001516798815399198
98,100,1.29065382392205e-07,2.719923140922227,-4.003937825243243,-5.744166699398213,-1.6162865709851435
99,101,0.6402097685825455,3.4422938111335917,0.004422732636767501,-1.2012753474292246,-0.49404571743149023
100,102,9.14759123862062e-06,3.2408471657936873,-1.104727579465085,-0.5910104296124516,1.67654887700219
101,103,8.841976109826775e-06,3.8605492400856884,-0.14604266851673883,0.30876653379396984,0.545923620830535
102,104,0.5141342143250363,3.1117765404751037,0.08128270167941773,-2.5388991755641395,-0.9686017663260321
103,105,0.42709787995199067,2.9698648200892324,-0.3365430643853497,-2.20576984299322,-1.8223592304628413
104,106,0.5594575354441945,3.238555201876266,0.10968730450507357,-1.3350739362672543,-0.6392036216416458
105,107,2.1655402416891732e-05,3.7885899887421233,-2.70103510217318,-3.875112380250827,2.963847314559989
106,108,0.19345171693343177,3.651249792536381,-1.432266922957919,-2.7399332440860964,2.1120379211653706
107,109,0.6883514031042013,3.2431628971709068,0.23288232021137056,-1.785811670087918,-0.5660228378886033
108,110,0.5576650369297591,3.2809941933047746,-0.013857958832806704,-1.7476949348507598,0.16726211034926003
109,111,0.5271199622286373,3.0275084741944993,0.06713027228395813,-1.4669098269852996,-1.4280573486738641
110,112,0.6516749762453772,3.4851921509875785,0.1993792216529307,-1.7654289062727075,-0.24021354193285377
111,113,3.7546710136050636e-07,2.819345782168155,-0.6844381709601428,-7.4949481661399835,-0.5721261057516214
112,114,0.502833463047004,2.8492018775836105,0.00742296922078442,-1.0339509642813314,-0.8811652453583628
113,115,0.24206942152244615,3.2105658071203944,-0.6723521284828493,-1.9852505725848888,0.22005792262898755
114,116,0.18846599702384711,3.332228641816683,-0.9697232581358423,-2.6362899965235567,0.8123185691255737
115,117,0.12891078607745687,3.224073264806212,-1.9549193705548689,-3.451887066435194,0.12498143706947613
116,118,0.4972789982789323,2.8944181615696905,0.22214565478189904,-2.522158845209837,-1.3695653526150895
117,119,1.603522650093173e-05,3.825807638591299,-1.3784391122413269,-2.434619174360063,3.921036174620276
118,120,4.9342661806408405e-05,3.194160896950167,-0.6117553266811784,-4.168898597453143,-0.4497155586102919
119,121,0.5881387753745196,3.3496928145349827,0.03673370071478235,-1.327072215342678,-0.5021268670952208
120,122,2.48883498144669e-08,3.602530816112022,-9.305097713235853,-2.9481973061950013,2.4280036759467913
121,123,2.0436845488162618e-05,3.7248087018059315,-4.9650938786075445,-5.236831880866135,3.750754264287588
122,124,0.20814075452295822,2.887575921288608,0.1340561525298202,-3.414987356900971,-1.401411705877175
123,125,0.5150814428079895,3.10011064528341,0.14730998448076182,-2.475427358140707,-0.8293510300297512
124,126,1.7854975570409337e-05,3.8177360155666413,-1.666274500985618,0.5894834905467929,0.38367693112413825
125,127,1.1844431432827513e-05,3.8097454965297413,-1.9496347598300743,0.13668913403900693,4.669991008146747
126,128,0.5158253091706887,3.143009558317794,0.05925187875914721,-1.640302379184852,-0.09519272149848515
127,129,1.1574511288611726e-08,2.8456054557083936,0.6254647279078883,-4.342285560266628,-2.452363577284629
128,130,0.14792801136912337,2.805454736328003,-0.16819000046586144,-4.100272639324025,-1.8520209693786958
129,131,0.6767689458675775,3.4017706350194143,0.029814615716166414,-0.952790482091133,-0.2672744946385465
130,132,2.950206432947996e-08,3.6025308539673193,-9.305098381133687,-2.9481970051080153,2.428003840172981
131,133,0.5443392809212113,3.2599388350055656,-0.2219367860853133,-1.747214062464473,-0.07213561618420736
132,134,0.5912213458391478,3.313626563807904,-0.23941283752179607,-1.1942414417660001,-0.32352863941709203
133,135,1.5876453931186014e-05,3.826974637680086,-1.3375594588845747,-2.3164020828253444,3.989434058794928
134,136,0.10831987907055397,3.715853468525567,-2.792918434308287,-3.6079713566448888,2.724410614694115
135,137,0.20954008797238186,2.9191233849064564,0.2979614963849682,-3.587072413541062,-1.2310487692456087
136,138,0.4954414623741708,3.154098101509071,-0.13520564504505236,-1.9203539211438185,-0.2920159059163065
137,139,1.2842177599291976e-05,3.8409480331401062,-0.8419126463311263,-4.136211764859669,3.1147249764228895
138,140,1.594704362896623e-05,2.8374165171551575,0.31001621385403244,-4.55219515856758,-2.3272559904712415
139,141,0.5986827808309403,3.304823552081492,0.14050906815876651,-1.8908212837113718,-2.1942710679435473
140,142,9.091314693917089e-06,2.719110331183001,-0.470833283958314,-5.543008803084376,-1.0898172149278664
141,143,1.908236404409395e-05,3.7982467277684586,-2.3573473212943394,-3.9234466866079765,2.991647837943938
142,144,8.547101171437135e-09,2.8538348702423972,0.912757147970802,-4.382616698152855,-2.4283102299112147
143,145,1.1732903819035092e-05,3.8190805307332583,-1.6184789097918162,-4.027344484785555,3.051558881728399
144,146,0.12392120968797042,2.7840359418469953,-0.8779229172762877,-4.249144535936163,-2.107209542932182
145,147,0.5681989209815368,3.316136479248934,-0.08953287034575874,-1.6208875043762276,-0.24400981698390906
146,148,1.035672714221954e-07,2.8193206992868016,-0.6852715114211575,-7.494514870515533,-0.5723861044304205
147,149,0.15328828519067147,2.9040458817962986,-0.26186722830043846,-4.146963681761811,-1.6959708371608544
148,150,0.24751100433604226,3.6043470714615,-0.9187504333231877,-1.9275180456648948,1.9325076897726572
149,151,0.4690665537838612,2.919094479714644,-0.15038923567236248,-1.744598588450722,-1.345387572607897
150,152,0.14476164605870248,2.8352726612497703,-0.9132674760630005,-4.133491348264536,-1.953160790149126
151,153,0.230597832096909,2.832827915741101,0.8350657656027568,-2.6196718971361435,-0.8297110916127484
152,154,0.15572347983839255,3.655724504349515,-2.1549912862592375,-2.732446360700424,2.786182288829296
153,155,0.551511424379084,3.075567279881714,0.23918832263088746,-1.9783119219314556,-0.8161114854948816
154,156,0.4259280167749448,3.249449283187179,0.07945879605577812,-2.303122790370662,-1.02841366723797
155,157,0.5931328091545869,3.292964764363256,0.08755787713361758,-1.423380592890691,0.011425647342925142
156,158,0.5196919899272557,3.3321462573515412,-0.17672072892004284,-1.431622160120476,-0.756804893597946
157,159,0.6034176203218808,3.3636740519759862,0.041321000861466076,-1.4765767036960984,-0.41024504497254544
158,160,7.398184389285526e-05,2.9535408569636035,-3.199723392861685,-6.169473276885884,-0.2140031756697235
159,161,0.30423088943204635,3.659543242907124,-0.6640340275548935,-0.8586674900043793,1.3618989017832415
160,162,1.645028205004104e-05,3.7917546803357625,-2.588442338041073,-3.890990709889801,2.973041062180665
161,163,1.9597153249897e-08,3.6025309021944687,-9.305096956738884,-2.948197224651926,2.4280040868218262
162,164,0.1076173074736307,2.804976712119122,-0.9347869393888935,-4.627154299803126,-2.0335272246288336
163,165,0.6685262769923807,3.3136153130070665,0.09252538288565458,-0.9911793269390261,-0.1607849702333912
164,166,0.2759946652638418,3.6039996292089502,-1.064743812423718,-1.3858843537189822,1.942700464213788
165,167,5.718404474360298e-06,2.71872817754737,-1.2021649893186828,-5.574022960779282,-1.2017828140626208
166,168,0.44432044561279704,3.1715401400777705,-0.004384148573701766,-2.1888913016827947,-0.8649566552590123
167,169,0.23999205592360312,2.8711400160504414,0.11902320479066632,-3.2133791312795807,-1.0078538898693488
168,170,0.5443705312988952,3.1874886284127197,-0.04508095937931044,-1.5262207811550847,-0.1445704155125561
169,171,0.4810934950557065,3.0783879035280384,0.2359566266692456,-2.4620743529538136,-1.0156703630823078
170,172,6.837462790648181e-06,2.84814769365395,0.7145454814958861,-4.354765402537147,-2.4449274955304423
171,173,0.46296859346288094,3.1103767844656014,-0.25299401300346286,-2.1141406147608164,-0.23113332182719876
172,174,2.5515906521783457e-05,3.766477439645615,-3.4856007825905326,-1.2753266201452038,4.2018125639742685
173,175,0.49215798526656224,3.2233905023234364,0.07940430609396339,-2.0804461284635187,-0.5398866459009338
174,176,4.34054686576248e-06,3.82744971004573,-1.3211769770407382,-2.13094099321876,4.088882748753273
175,177,0.6127462586723358,3.3939332673841687,-0.03504596680035176,-1.2261691982576899,-0.4097535062673958
176,178,7.90187168469699e-07,2.8541830749507477,0.9249064104977662,-4.384315981279603,-2.4272983549159037
177,179,0.5402318816455869,3.0903078854269572,0.18659133700091526,-1.8209120499351819,-1.1337467735469526
178,180,0.14293015929104447,2.830649382531703,-0.46884718523916535,-4.44629767810764,-1.91060845273772
179,181,1.5498048568183472e-07,2.8193259512877837,-0.685095919980025,-7.494605128483558,-0.5723321714332381
180,182,0.1369771647194784,2.6921698162984518,1.038649138912212,-3.2451028364299304,-1.523977894828268
181,183,0.47239723847213816,3.16545619524742,-0.07679896887223085,-2.155996299221941,-0.38605531472107835
182,184,0.10158646535025768,3.748664189456627,-2.9222699158520182,-3.523140320719818,2.9748374753175653
183,185,0.3963881128450543,3.105449201379121,-0.33905884342007553,-2.6762025490321033,-0.8043583658589635
184,186,1.4236334797123165e-05,3.803190221228059,-2.1828632958863325,-0.900485276995421,4.599015091993985
185,187,0.5152989858253967,3.0698301650084043,0.13999232165908793,-2.442770964136807,-0.7461787032148303
186,188,0.5323057532382129,3.287243062722692,-0.03429656588796232,-1.6005029017273322,-0.6799494873120558
187,189,8.569355926416775e-09,2.853834871318728,0.9127570493649759,-4.382616697349052,-2.428310253273595
188,190,1.1753147436228203e-07,2.819321971440963,-0.685232222936863,-7.494537146035299,-0.5723736886543618
189,191,2.7477397225559288e-05,3.8139938076275524,-1.7976969297433107,-4.001940460014622,3.0369076693144144
190,192,0.4280070814937118,3.004436811688414,-0.08786602510817394,-2.3363096039625435,-1.6326773210876695
191,193,0.14886190533930777,3.6847290267120205,-1.7385276204495732,-2.927316956651355,2.6937049736557266
192,194,3.932362777797092e-07,3.024794978098338,-9.305087529870175,-2.948193747460698,-0.7407699572988756
193,195,0.4725637024846884,3.083832297279542,0.16336315434952037,-2.1725062862097677,-1.5445818928836939
194,196,0.04460396227703282,2.5298908561784184,0.587801624534937,-1.1588196662229435,-2.0995498964442567
195,197,0.18692192943886987,2.8346695420163757,0.1563801622218477,-3.9907634516473602,-1.487777761333507
196,198,0.5710492745448127,3.031293063999014,0.310071494895392,-2.078367244223101,-1.2347851597969093
197,199,0.5731041154221277,3.270590112362413,-0.11835178090665098,-1.3944182472640776,-0.24724935970966305
198,200,0.6968744824088582,3.275006562185796,0.16560578202015028,-1.8510404351404792,-0.6872100800695526
199,201,0.1009156469336588,2.744925223627045,-2.146893214595709,-3.9219142673372325,-2.36650960064572
200,202,0.4274375992601299,3.2173280107287807,0.0014263957265939664,-2.5844974884922984,-0.8664963599773486
201,203,0.45698538894064394,3.079962330494102,-0.2736002496773802,-1.9882784454316056,-0.5372986521575597
202,204,0.1323188460989899,3.165573927388628,-1.6594543610400947,-3.0073442584695886,0.012891945289830412
203,205,1.148761034786293e-05,2.771275154853125,-2.8110367152473374,-6.373555064124024,-1.1553542655939302
204,206,2.0347466176720798e-07,2.819328664979007,-0.6850048365375523,-7.494650816635268,-0.5723049654281147
205,207,1.9911206272493857e-05,2.7572100799301693,-2.460192721963744,-3.909024288954875,-2.7106382464416363
206,208,0.7076114976716065,3.3111845114556235,0.02853957136299537,-1.4067021237500668,-0.7325623523915207
207,209,1.634771243341977e-05,3.8182364149553623,-1.6489527483064916,-0.7468920292184718,4.761804026526772
208,210,0.24636329701828089,3.38801771791211,-0.972257322526267,-1.882371085244316,0.12458554584040911
209,211,0.15714051907649262,2.8175609374666903,-1.3258975651337244,-4.193920251480813,-1.7543381461365548
210,212,1.714060361566922e-05,3.7148810269755796,-5.317234795991916,-5.05119317457099,3.6433185740301774
211,213,1.851674410295236e-05,3.8285817905534136,-1.2804648969409815,0.3463232657200051,0.5242039782781128
212,214,0.49338024038114486,2.9016885955531797,-0.2507402356110207,-1.5747975808073535,-1.1054877721600973
213,215,0.16221238818205277,3.2401538820614832,-1.8275351148523553,-2.8480837633316543,0.8299278981327423
214,216,0.6590598206044761,3.1279871144847156,0.1841604251685539,-1.4450530261015204,-0.5870423951471077
215,217,0.49008906231087573,3.2373339097376714,0.057779788139264314,-1.7698869757440747,-0.8785888977358656
216,218,0.13717308206487344,3.7274882608738737,-2.5398273727338156,-2.876427560242688,3.1794168600976653
217,219,0.23397402219282581,2.8656673429485315,0.8618431759058848,-2.861868785262048,-0.7095241146730298
218,220,0.5791874466080953,3.0609043375219036,0.502136097419598,-2.4562856822384496,-0.7344118162250629
219,221,1.3804297973712963e-05,3.78557138659752,-2.8064651606509865,-1.0803051617996131,4.40849674850125
220,222,0.5887195324242437,3.485167477225329,0.031393161077272726,-0.7422992492206013,-1.20884109159856
221,223,0.1501539737614665,2.8969518924478956,-0.2692825492557402,-4.539868009005239,-1.541017057513913
222,224,0.12591360383430988,3.225192523030307,-2.102642356227131,-3.6519385769450636,0.07470832595060503
223,225,0.18495454932414226,2.7804685829478033,0.7924751892230368,-2.4193222075623595,-1.300019746859771
224,226,2.2455913773789383e-05,2.7739574624405967,-1.8759317287683388,-3.991293696275873,-2.6616846607421887
225,227,1.3662866839676633e-05,3.797464750885597,-2.3851642799408674,-0.2672657403462322,4.5369884347620735
226,228,0.15918059957599054,2.838444058939258,-0.6075584563331554,-3.7605571795138566,-1.9000279985014392
227,229,0.6109081191827755,2.937083415752527,0.027137717947713667,-1.1854032649587423,-1.3378406057839392
228,230,0.7065656921743082,3.363567603666255,0.11450519329818809,-1.1968377039723255,-0.2926973599593576
229,231,1.7126464520689128e-05,3.8004934220538416,-2.277870674210876,-0.9277364069329923,4.570025606942868
230,232,0.2726243508832589,3.7146636547438137,-0.880738064193805,-0.8206772954377953,1.6656316331387944
231,233,1.6430236561105042e-05,3.823426251066877,-1.4649547663432354,-2.4613240934300866,3.894089323840082
232,234,0.6515657012066015,3.4847901379745996,0.0006859276109257106,-1.1756763306908973,-0.16941428644209908
233,235,0.18829316033996832,2.8882301197058378,-0.12116584479661291,-3.9501940043642483,-1.4943393404046401
234,236,0.506818505643833,3.1621077051687307,-0.2186416015115243,-1.6218051076732138,-0.6015157898522658
235,237,4.835432278473308e-05,2.754636924972571,-2.8825208022704536,-6.33536771507185,-1.2576405147402465
236,238,0.5847299638634723,3.348792109442559,0.09144011423339327,-1.7485339616505198,-0.02592674397234506
237,239,1.7566494704867383e-05,3.8012764761219704,-2.250731783803973,-3.9386514099832985,3.000395085062396
238,240,0.1968975728365171,3.3163269343299078,-0.9124013521837252,-2.5404063670728445,0.7261692179317393
239,241,4.67192393168426e-06,2.6531162400776642,1.7645894604329548,-4.147521347601905,-1.1158675749326272
240,242,0.16564837945567928,2.7619685868632926,0.33643377916572476,-3.8310999519024356,-1.3040389708345344
241,243,1.5424599375422633e-05,3.8184069060556007,-1.6426462932807762,0.07341672213523218,4.763480602092615
242,244,0.6399679372697243,3.3902604634617868,0.24371433122190844,-1.4982893569651932,-0.09737423415246957
243,245,0.6444851633994318,3.0193602193105087,-0.06149081548430972,-0.7763509887547939,-0.7623742037966835
244,246,0.5472354742473625,3.058657353243428,-0.016992757594622678,-2.2601026797988455,-1.6019861719629775
245,247,0.4284143713337058,3.2002936374801894,0.08916321250746068,-2.6328192528283516,-0.48650127430692613
246,248,0.6223954008135046,3.2609242348734533,0.36478815895677974,-1.7618254282223862,-0.9477037181323439
247,249,0.5531964404919738,3.097340969062031,0.3714868733059335,-2.192325371553198,-1.4119140087227757
248,250,3.0613552540061483e-06,2.867336531971889,1.384238707092082,-4.448801457257611,-2.3888566481835753
249,251,0.26018996247595866,3.589161722811316,-0.8642478635893266,-1.813297037089944,1.8261060769567077
250,252,2.1023945848153894e-05,2.782017889460673,-1.5945640595258508,-4.030668427785219,-2.6381615777869
251,253,0.10831981215299893,3.7158533857275273,-2.7929225375093387,-3.607971178185441,2.724410516900459
252,254,1.4571143512802238e-08,2.8456054506638226,0.6254647421544773,-4.342285464134383,-2.4523636363885286
253,255,1.4539181449230984e-05,3.268010180516618,0.08084074667274477,-0.33335580494509776,2.00369356951967
254,256,0.49648949793630376,3.0351486188280035,-0.24435398180675358,-1.267816259623932,-0.6846077049441608
255,257,2.2845687323491436e-08,3.602530838391254,-9.305096914135715,-2.9481974507032462,2.4280036389099693
256,258,0.16144069519694734,3.2431588573296475,-1.9605103820260323,-3.326714172740595,0.4633543213690541
257,259,2.4876659577515738e-08,3.6025308400089613,-9.305097679398722,-2.9481974033196123,2.4280037120959617
258,260,0.6718557417185507,3.3543558239979383,0.12634224792362916,-1.1547777821350573,-0.01217127430173716
259,261,0.6818797723911199,3.306182738346677,0.1427451365151344,-1.59485256370216,-0.6772006580101106
260,262,1.177449587070586e-05,2.8401615170981165,2.142919374140661,-4.0421170851699495,-2.3253403678018696
261,263,0.5066258239767801,2.9098062287856212,-0.10878481348750253,-2.0125833196941265,-1.559703428949384
262,264,2.31048316174912e-05,3.8474364323339905,-0.6113690773139896,-2.0864410458302363,4.221860873307942
263,265,0.532618623713971,2.881601105685305,0.22295192663463073,-1.7560896626083171,-0.9048199083911238
264,266,0.6967218470442732,3.365888509139078,-0.02308045351263676,-1.4462653512432293,-0.8531957179124735
265,267,2.6393821682257174e-05,3.194957169918912,-0.6189655938200499,-4.1677936322054006,-0.44499799536640816
266,268,0.15330999268210063,2.7034643469896986,0.9894542704885633,-3.0089311882978573,-1.420110327201259
267,269,0.16773222403734153,2.8114570829383374,-1.0289440710870275,-3.5325166937940957,-1.843666542701067
268,270,0.5919304569893741,3.227496586890996,0.28377681921903697,-2.1613572609206018,-2.040455606638829
269,271,1.3066129797157572e-05,3.788079685040965,-2.7174117046972674,-3.8729282752890035,2.9622396238585518
270,272,0.18398864855846564,2.817560430034443,-0.19212001932986447,-3.687705952663005,-1.028463476936318
271,273,0.2475049736766385,3.6043530508670494,-0.9187741918557845,-1.9275710206071568,1.9325574649912727
272,274,2.0093159030004347e-05,2.719818728634619,-4.007317134003157,-5.742098805211696,-1.6174794443909584
273,275,0.1622746867922353,3.277989655718239,-1.441514539441686,-3.223946419133636,0.3516577672107182
274,276,0.5500829065883951,3.281703795961083,-0.024188405844465553,-1.6402192770062256,-0.36985832131990165
275,277,0.5758480954818856,3.1410862333307996,-0.13353857862027255,-0.9526386890757788,-0.11865247450501332
276,278,0.10956094030394802,2.796692231458674,-1.456677111637494,-4.443366916045822,-2.144778424750356
277,279,0.12067499418330056,2.728750922346958,-1.36790885461161,-3.4920904171880376,-2.2993610598695526
278,280,2.116237334737399e-05,3.247496466941785,-0.9116552064783046,-0.5350311460715697,1.7422417101639844
279,281,0.5379790741444108,3.0016182922502663,0.22906875156936907,-2.317680448037252,-1.1127445608417783
280,282,0.523241876452384,3.141123514799075,-0.3649742811893171,-1.4729167253599726,-0.30989022419427253
281,283,1.1976543308568537e-05,3.7971732208368847,-2.395836807644769,-0.9623529911257281,4.533807806793969
282,284,1.4932133803890013e-05,3.713923687541015,-5.350004880212298,-5.033951338608016,3.633294746135409
283,285,0.49966890781292084,3.118322432142258,-0.22315308963966052,-1.7447949435774448,-0.44671066808520776
284,286,6.585558134643387e-05,2.91283204612807,-0.7471557571154527,-4.150107207691874,-1.9826681714824106
285,287,1.181669077985229e-05,3.857043695046974,-0.2699059369063835,0.39196269688955,0.4975772885401694
286,288,3.9349519056384285e-05,2.8761907637245097,-9.306227693674698,-2.9483582632884437,-1.5556219652085195
287,289,0.13548912964814566,2.833162705674322,-1.0603303916254594,-4.047784122093449,-2.050583488136069
288,290,0.522422257989406,3.169758566268957,-0.0034209692848249074,-1.7875421241921001,-0.21178293311261168
289,291,0.5591110325334419,2.927493219764863,0.19464177292578794,-1.992469083328011,-0.9362253356433446
290,292,0.5808044561401519,3.2226843252848876,-0.1785826439274763,-1.1068620088391476,-0.492688224846757
291,293,0.58749916426426,3.2470236525823872,0.1058900213458746,-1.5447716671369,0.28526453248311723
292,294,2.134148190475151e-05,3.806730872821488,-2.056385780495926,-0.8647265515201242,4.637385878194801
293,295,0.53383572742988,3.1740814614145436,-0.08513636184878291,-1.531597064238038,-0.5903722106387359
294,296,0.5688057785763655,2.9524471224895215,0.16212369202630783,-1.3121185243365032,-0.4867307771545431
295,297,0.18202453246510578,2.908271918256361,-0.12744954871386138,-4.219284166339115,-1.4574044573819154
296,298,0.6284858766753368,3.174145427315627,0.19454864115479972,-1.6909217331539281,-1.0708464621242018
297,299,3.1260550495621495e-05,2.8797448193682227,-3.1061348571487906,-6.218252747919321,-0.6044207434030863
298,300,0.17161234567264416,2.7992267747771993,0.5844396606269551,-4.041668654515563,-1.2639965710409942
299,301,0.6790451918209133,3.4642736978644955,0.030902445915325292,-1.1696008053326297,-0.2678276378270381
300,302,0.1639208801233617,2.8230876824509337,0.4792305963204405,-3.7987439899070647,-1.708930416360608
301,303,0.5280539403705138,3.3790857158641354,0.22396920974386197,-1.3456613183101278,-0.9622280942062236
302,304,1.6280102450686227e-05,3.1182239385018544,-0.027021736603302107,-1.755086213423747,0.39544507879066043
303,305,0.3210702195231545,3.5300516355336273,-0.4344493701427467,-0.031744031468624756,1.5270227043040963
304,306,0.44911255553745333,2.9411326043599053,0.14065950929065243,-1.6705020223521418,-2.597116824666612
305,307,0.15972010076057647,3.220677058163762,-1.672710109049219,-2.758896168136979,0.5411001337282256
306,308,4.303773203562731e-05,3.839827316411061,-0.8817627260116082,-2.316287023192315,4.05971252429812
307,309,0.5311666996771371,3.351521096437424,-0.02172644783697085,-1.6338675291130489,-0.8106198146408106
308,310,0.2725705012438803,3.714702129557052,-0.8809079913657277,-0.8210955566536946,1.6661448730722683
309,311,1.9966526974978623e-05,3.2258824460494893,-1.599428289689751,-0.7330998806298937,1.5202241271535244
310,312,0.6342424572997355,3.4619767017837217,0.16745029771207615,-1.5710520766473495,-0.13043559972995072
311,313,0.5522675031176739,3.0969067026537416,0.3911579543132434,-2.1303795640589893,-1.4960888377233859
312,314,1.6088722630613818e-05,3.799146067967646,-2.3247367959205163,0.005566775134142862,4.555442992853207
313,316,0.5232142324627341,3.2435159098781003,0.03534720593727603,-1.9232479799825994,-0.2527838754150772
314,317,0.5807655944187345,3.5259267341369473,0.09995641579438731,-0.9715132728983702,-0.988483018193932
315,318,0.48178913497310133,3.175260766474236,-0.1876661323342185,-1.9318449014719874,-0.7993263954040163
316,319,1.70401006990053e-05,3.8268264683357396,-1.3432558744123972,0.3692657467501872,0.5107559406514577
317,320,0.17615891327291522,2.9219683998918193,-0.1213359553942318,-4.405378225881527,-1.4302785159661127
318,321,0.24220695136348497,3.210445639672554,-0.6718692011105111,-1.9847360700712655,0.21960244129897905
319,322,0.1606805178866923,2.7203049682008484,0.8907096170229009,-2.777971291739082,-1.5375503540715676
320,323,0.546813021745312,2.8891134464660566,0.045098436318099164,-0.9520591981109935,-0.7274517168979996
321,324,0.15430493164446568,3.2519700774850175,-1.7592198577532574,-2.8236952836356406,0.6973349580823562
322,325,0.11031960266274778,2.7523375550475593,-2.0684112088347724,-3.666200302121565,-2.413548055159517
323,326,0.6374815101098249,3.267860179560767,0.10242803131106795,-1.0613979969672473,-0.3841593963376377
324,327,1.6588163837494798e-05,3.8418581662424325,-0.8091145339165802,0.41860693032725593,0.4824068022535703
325,328,3.6301575648127733e-07,2.8193269625267723,-0.6850497983486245,-7.494623966883396,-0.5723208199045904
326,329,0.5420031277488335,2.845698622651928,0.24066784862330298,-1.4887843102272815,-0.969066274049663
327,330,8.837744656350502e-07,2.8201809944640868,-0.6565707556967876,-7.509649167700919,-0.5633592365819937
328,331,6.586632183388751e-07,2.819543614202266,-0.677793086278689,-7.4984567843935155,-0.5700409733657025
329,332,0.6485564220927416,3.3123658133353704,-0.06488174733521929,-1.6158254476688219,-1.1260751121972001
330,333,0.6131627571437804,3.3604736879502646,-0.016217110279982253,-1.588950151642753,-0.0026751024241697344
331,334,0.7391891935468862,3.358543943259731,0.28222540016095465,-0.7155945074640536,-0.22857033110890457
332,335,0.5338357595877786,3.1740815069761705,-0.08513592516106583,-1.5315969093850879,-0.5903720903955829
333,336,0.609037801288778,3.197853171024667,0.10889057857341194,-1.627816706110988,-1.0556281172834072
334,337,1.029870343352499e-07,2.819321072997333,-0.6852566637185813,-7.4945207186438125,-0.5723830791551162
335,338,1.1860093822646497e-05,3.822720592944177,-1.4885458376098772,-0.7009625754539319,4.8104705258439715
336,339,0.5004586134580049,2.916123294891632,0.19992260776029178,-2.0977183629993763,-1.831499046936782
337,340,0.5228326488233135,3.2435469877242284,0.0257391168510146,-1.9486897016789215,-0.23143035019141656
338,341,1.7271122456639038e-05,3.7858208595485614,-2.7990117528525476,-1.0774587715456183,4.411250595635003
339,342,0.19360998696695533,2.8678811066856102,-0.5660322509120337,-4.042185753253458,-1.3910707183269975
340,343,0.5156145081838915,3.3964679100797577,0.09078382563310163,-1.938383921850286,-0.5544760311839473
341,344,1.9259313561187462e-05,3.8404262259018433,-0.8612204840048122,0.3816269470840527,0.5039597350344567
342,345,1.474461136855133e-05,3.7895534427083852,-2.665486945708976,-0.0012324027682218655,4.451568647713069
343,346,1.5930423729023882e-05,3.2373441623152677,-1.2353779625597796,-0.6285310486174023,1.6376349929179344
344,347,7.734351784946656e-06,2.8392190275448423,2.2263393365172313,-4.01886070452728,-2.3182891137737327
345,348,0.6324123750252004,3.5095316555941416,0.12173144403493785,-1.736083734518226,-0.38895232936153906
346,349,2.1375089662439106e-05,3.8007486010864704,-2.2693717300649716,-3.935915337685737,2.9989672365877325
347,350,0.6306058673173897,3.145718597421064,0.3812249141603605,-1.694623277661052,-0.48427764956660296
348,351,0.14128930724873387,2.749819189402577,0.03602286024987355,-3.696076101378374,-1.9235643123255144
349,352,0.319879628837605,3.6397902164981657,-0.6231007208185224,-0.7376467601203027,1.2282774943645285
350,353,0.5853908378176425,3.1339030052833956,0.12038579732394146,-1.805520948930752,-0.9856448157353651
351,354,6.7439199573919134e-09,2.8538348818362445,0.9127572854878354,-4.382616725957213,-2.4283102451335155
352,355,0.49215811966557516,3.2233904866768426,0.07940564854957058,-2.080445206094535,-0.5398856188860007
353,356,0.4657457498756177,3.1236867303787523,-0.3168636070324606,-2.217665148255837,-0.29711117284543004
354,357,1.8781449501691303e-05,3.788914896019542,-2.6879741656127862,-1.04617862729019,4.444626474851007
355,358,0.15785677728822806,3.2557960932960635,-2.0123298017858526,-3.364100458544769,0.5344784521914401
356,359,7.816522988414734e-06,3.2353082447067583,-1.2886578829376816,-0.6437176788018076,1.6185213562954948
357,360,0.4959210595303802,2.9541590526275994,0.0556429380093551,-2.0684143587302466,-0.5955978920259035
358,361,0.16225283574837251,3.2780529841610475,-1.4416993680051697,-3.2241486034485747,0.3520534615065563
359,362,9.751592975848815e-06,2.7831846887260667,-2.3422325601700797,-6.620801724496503,-1.0195927963817013
360,363,0.6883512005644805,3.2431628036006517,0.23288138957993723,-1.7858129560463138,-0.5660238879266795
361,364,0.1832187507913744,3.2216807537949466,-1.2588859645137715,-2.9851627816954673,0.024299288851957774
362,365,1.6713316228122742e-05,2.8075243710687467,-0.788181139142478,-4.853519931814468,-2.147395793295044
363,366,0.5280508180606511,3.0717273799597042,0.0682523366519567,-2.5868864161834764,-1.622184168144413
364,367,4.1798611300843945e-07,2.81934372691852,-0.6845027184731308,-7.4949146163782405,-0.5721473926016737
365,368,0.18308043034598775,3.274426693684734,-1.3484524541137464,-2.6773489787700364,0.8313581982754037
366,369,0.47913724750635,3.2249074958296418,-0.13639289497438117,-1.6694547281130145,-0.968071024957339
367,370,0.5283017502822562,3.0465237256075453,0.05407911900480771,-1.6089542197908824,-1.2625520029604973
368,371,0.5187402575146068,2.9654610712471046,0.5180144354065068,-2.7195013397920467,-1.1772523551885723
369,372,0.14364124315472013,2.7635998230010754,-0.5722311775644945,-4.233986134438977,-1.7770432810897376
370,373,1.3434130909928966e-05,3.2348996736178597,-1.3597011766758083,-0.6638897484085023,1.605745963887905
371,374,0.1674756371248006,3.2215611600073966,-1.8786845769808787,-3.261174796368104,0.3424845362576857
372,375,0.2601537739171548,3.5892028536816296,-0.8643814225209823,-1.813577093465766,1.826421151399254
373,376,0.19345193377069878,3.6512496659012403,-1.4322652848796251,-2.7399312566844025,2.112036321148476
374,377,0.4880914465638904,3.181091607730769,-0.09138146987883329,-2.1187567451347142,-0.13829555938731833
375,378,0.19725895606418947,2.8662339509835033,-0.35001345751092583,-3.8919829886084516,-1.3102184896793727
376,379,0.552535361240893,3.2117933513717496,-0.09624445376790756,-1.5803041461941494,-0.24346526834341742
377,380,0.5521265719251496,3.2479780937316454,0.18054870298583417,-1.7797764443873563,-0.06979929842023752
378,381,0.5435972524498839,3.0040060477944777,-0.0885764720963532,-1.6346473383606186,-1.1937546462425768
379,382,0.5217750963156592,3.0870335753753038,0.0032709914301476306,-1.3256104282683752,-0.3419007170009086
380,383,0.12591320168205905,3.2251978567330495,-2.1026480380824992,-3.651942046344233,0.07473839953588046
381,384,0.6155902219475674,3.2387850468956376,-0.016557212978893336,-0.9873533584378614,-0.03371899389871302
382,385,0.36529833088330493,3.120581682871677,-0.23362141723992544,-2.6364025082522287,-1.331412466300462
383,386,0.11468786487788418,2.7441719605681283,-0.2797788937093671,-3.938482554040782,-2.0267439724516687
384,387,0.7132389407003215,3.44521003759076,0.056379933769721835,-1.134006213556342,-0.38973206117747866
385,388,0.3310957146209949,3.526581109504704,-0.8411744670194236,-0.8751365494393535,1.4219457654745695
386,389,3.4507804015704654e-05,3.7927349352821267,-2.5536318849096764,-1.0074258436421883,4.485846559542614
387,390,0.5253912628340285,2.9676924004532816,0.23727305114596992,-1.766298995893607,-0.45254252730267974
388,391,0.5464260883550146,3.2102182909660737,0.22569237449699087,-1.6174818152195212,0.07177747093240232
389,392,1.322018329422726e-05,3.672780654740837,-6.811308526681863,-4.263844158473575,3.1881382808765877
390,393,0.3023899908874004,3.6401093847886874,-0.7940685906453566,-0.9307099826805338,1.0320433327239058
391,394,9.594426449227563e-06,3.8510886546964946,-0.4823549533888579,0.2434524999879578,0.5837097696217393
392,395,0.6892090800008852,3.580630793207556,0.1551634752411602,-0.9464734981739105,-0.7956836575450055
393,396,0.5309187498417862,3.0286887155949174,0.05505657996469457,-2.229892298734433,-1.6883756576919304
394,397,0.6818968820504263,3.208796386641881,0.17987321434787773,-1.6399113474628069,-0.6755862830992607
395,398,0.550537421427994,3.123123893036168,0.1369495315913082,-1.1669898526126992,-0.1739922004605199
396,399,0.1968984833758817,3.3163265791777548,-0.9123961473164777,-2.540402723489561,0.7261666829161599
397,400,2.156324917232692e-05,2.7781389163560117,-2.0055336557331724,-6.317193125722871,-1.2746574507448303
398,401,0.785445878780606,3.668490559599833,0.1813257225866254,-0.9356734398965342,-0.6460951794795065
399,402,0.15065448306157544,3.2608343759208283,-1.350655317749474,-2.953427457576773,0.5100143407803069
