experiment_tag,relative_time_min,wear_mm,model,predicted_wear_mm
W1,0.0,0.1273533823167991,Phase2Equation,0.1273533823167991
W1,1.9318200000000003,0.1381901390916089,Phase2Equation,0.14365319738414856
W1,3.8816250000000005,0.1459060098458775,Phase2Equation,0.1528294682303876
W1,5.860635000000001,0.1555320783010579,Phase2Equation,0.16051598498805245
W1,7.707095000000001,0.1675549116381204,Phase2Equation,0.1668694819541019
W1,9.491734999999998,0.176850442237092,Phase2Equation,0.17250415665879743
W1,11.401885,0.18096034422861,Phase2Equation,0.17812594401723558
W1,13.297625,0.1861608368613749,Phase2Equation,0.18337806792372158
W1,15.163829999999999,0.1949240274915537,Phase2Equation,0.18829047307414978
W1,17.081349999999997,0.2039330641962862,Phase2Equation,0.19311586774139822
W1,18.966639999999995,0.2099330448291465,Phase2Equation,0.19767322211138844
W1,20.838015,0.2149832480967126,Phase2Equation,0.20203815742836756
W1,22.72083,0.2190721483949485,Phase2Equation,0.2062894520768248
W1,24.638294999999992,0.2208582714938907,Phase2Equation,0.21049047488393083
W1,26.563404999999996,0.2249995230220028,Phase2Equation,0.2145913645433136
W1,28.401944999999998,0.2289990720714768,Phase2Equation,0.2184090091627453
W1,30.276674999999994,0.2300000000000017,Phase2Equation,0.22221122654851866
W1,31.905995,0.2300002123807955,Phase2Equation,0.22544734598226654
W1,33.741345,0.2313819787446651,Phase2Equation,0.2290222404361832
W1,35.36263499999999,0.2350007586112319,Phase2Equation,0.23212232757386925
W1,36.77800500000001,0.2382539610435244,Phase2Equation,0.2347870600870428
W1,37.41754499999999,0.2395623323643711,Phase2Equation,0.23597898557013292
W1,38.27911999999999,0.2412604757355036,Phase2Equation,0.23757319303996494
W1,39.92515999999999,0.2450124252278978,Phase2Equation,0.2405834799313845
W1,41.45603,0.2490069209169561,Phase2Equation,0.24334327598655697
W1,42.545855,0.252266877254014,Phase2Equation,0.24528565272535496
W1,43.64184,0.2550602066520381,Phase2Equation,0.24722102641926372
W1,45.447160000000004,0.2595897919604978,Phase2Equation,0.250366193170548
W1,46.680865,0.2627168726924778,Phase2Equation,0.2543095943334281
W2,0.0,0.0600000000000008,Phase2Equation,0.0600000000000008
W2,1.11397,0.0600000000000002,Phase2Equation,0.07312349699628987
W2,2.4547600000000003,0.0600005192455571,Phase2Equation,0.08175987135894733
W2,4.134019999999999,0.0644755804556153,Phase2Equation,0.09037588823940564
W2,5.244689999999999,0.0688909249880413,Phase2Equation,0.09537294560026632
W2,7.106824999999999,0.0700000000000005,Phase2Equation,0.10296580341004577
W2,9.044749999999999,0.0700000000000009,Phase2Equation,0.11013538362045247
W2,10.926245,0.0746324641425199,Phase2Equation,0.1165811717866024
W2,12.782879999999997,0.0800000000000017,Phase2Equation,0.12255944899919849
W2,14.688079999999998,0.0800000000000022,Phase2Equation,0.1283767033093655
W2,16.56259,0.0999111584037817,Phase2Equation,0.13384015847105943
W2,18.497875,0.120000000000041,Phase2Equation,0.13925168727026815
W2,19.605080000000005,0.1397766297764946,Phase2Equation,0.14225578575184555
W2,21.500490000000006,0.1600000000000526,Phase2Equation,0.14726045801843862
W2,23.457500000000007,0.1898347755407307,Phase2Equation,0.15226369498699144
W2,25.386020000000006,0.2200000000001323,Phase2Equation,0.1570490067009741
W2,27.197115000000004,0.2200000000000628,Phase2Equation,0.16142503246379547
W3,0.0,0.0600000000000007,Phase2Equation,0.0600000000000007
W3,2.046825,0.0650369773604848,Phase2Equation,0.08175153150364986
W3,4.056305,0.0749587007635104,Phase2Equation,0.09369781721340749
W3,6.08465,0.0800000000000005,Phase2Equation,0.10368264926754896
W3,8.045455,0.0899975709381158,Phase2Equation,0.11223367407645746
W3,10.049930000000002,0.1099885369981426,Phase2Equation,0.12022579311741224
W3,11.982905000000002,0.124967782374238,Phase2Equation,0.12740280011514069
W3,13.753905000000001,0.1351303937081217,Phase2Equation,0.13361915653850154
W3,15.643485000000002,0.1551158688804145,Phase2Equation,0.13994137812137497
W3,17.494015000000005,0.1700000000000166,Phase2Equation,0.14587118595620693
W3,19.41940000000001,0.1700000000000216,Phase2Equation,0.15180558474648245
W4,0.0,0.0814036927952097,Phase2Equation,0.0814036927952097
W4,1.7602749999999998,0.0868384537961975,Phase2Equation,0.10781776000425018
W4,3.5461799999999997,0.0939996590396629,Phase2Equation,0.12275703752516072
W4,5.39913,0.1025301767682724,Phase2Equation,0.13552284282833496
W4,7.1848149999999995,0.1120515690456851,Phase2Equation,0.14638219894539103
W4,9.042329999999998,0.1224155848094941,Phase2Equation,0.15668430993752674
W4,10.883124999999996,0.1554030008015741,Phase2Equation,0.16616273885513436
W4,12.427855,0.184791212144845,Phase2Equation,0.17367725753295155
W4,14.140939999999995,0.1942391535975402,Phase2Equation,0.1816272571637158
W4,15.992569999999994,0.1986928143963282,Phase2Equation,0.18983917914584778
W4,17.805755,0.199999914530234,Phase2Equation,0.197554543997237
W4,19.612724999999994,0.2000000000000013,Phase2Equation,0.20496657385350273
W4,21.39588,0.2000004201145267,Phase2Equation,0.2120433533544698
W4,23.185744999999997,0.2012111113014649,Phase2Equation,0.21893615571398484
W4,24.971539999999994,0.2049991078691562,Phase2Equation,0.22562477625091254
W4,26.796164999999995,0.208855839663084,Phase2Equation,0.23228319301638103
W4,28.668585,0.2099999740848035,Phase2Equation,0.23894837560569643
W4,30.569549999999992,0.2100000000000015,Phase2Equation,0.24555665885582775
W4,32.40478999999999,0.2100000269061986,Phase2Equation,0.25203975323346717
W4,34.207085,0.2110272617520388,Phase2Equation,0.2637293370943853
W4,36.09936,0.2149988878211717,Phase2Equation,0.27952550600459924
W4,37.92096,0.2188499196433788,Phase2Equation,0.2968756079063815
W4,40.026689999999995,0.2200000000000021,Phase2Equation,0.31891295251088725
W4,41.830964999999985,0.2200014813268546,Phase2Equation,0.33918358358203443
W4,43.55724999999999,0.221219544629641,Phase2Equation,0.3596084064649935
W4,45.36894999999999,0.2282664138483714,Phase2Equation,0.38200687246629517
W4,47.216015,0.2459264134270239,Phase2Equation,0.4057597504047571
W4,49.101910000000004,0.262229753765211,Phase2Equation,0.430883966384511
W5,0.0,0.1550451411591239,Phase2Equation,0.1550451411591239
W5,1.711545,0.1600000001636488,Phase2Equation,0.18418588205247274
W5,3.2595199999999998,0.2100000001795408,Phase2Equation,0.1990550429387846
W5,4.92338,0.2100000000848325,Phase2Equation,0.2123485703065004
W5,6.626290000000001,0.2200000003785476,Phase2Equation,0.22434704157213026
W5,8.106174999999999,0.2200000000000008,Phase2Equation,0.23389016473716134
W5,9.15222,0.2200000000000287,Phase2Equation,0.2402587565964676
W6,0.0,0.0865377445802467,Phase2Equation,0.0865377445802467
W6,1.0039700000000003,0.1099958757218318,Phase2Equation,0.10313246113775273
W6,2.53033,0.1149992438053285,Phase2Equation,0.11652259960796535
W6,4.043105,0.1200000086645176,Phase2Equation,0.12701081764271283
W6,5.531735,0.1250264209843548,Phase2Equation,0.1360029529542668
W6,7.085705,0.1401542838756046,Phase2Equation,0.14449579004210916
W6,8.309619999999999,0.1548355300140057,Phase2Equation,0.15071786283786176
W6,9.805235,0.1599999962375352,Phase2Equation,0.15788901208091718
W6,11.334620000000001,0.1700995679994255,Phase2Equation,0.16482463183156926
W6,12.854104999999997,0.1901284042665345,Phase2Equation,0.17138842860145626
W6,14.351755,0.2146816790523195,Phase2Equation,0.17758938522868611
W6,15.85771,0.2300000099759007,Phase2Equation,0.18359376271329192
W6,17.345955,0.2400298558413153,Phase2Equation,0.18932882383027483
W6,18.757035,0.2553631729338995,Phase2Equation,0.194604882320044
W7,0.0,0.0758517909308511,Phase2Equation,0.0758517909308511
W7,1.6699099999999991,0.085001676274057,Phase2Equation,0.11725191145242675
W7,3.381125,0.0900000000000022,Phase2Equation,0.14087632197615635
W7,5.047515,0.1649451759121449,Phase2Equation,0.1598843751089638
W7,6.812849999999999,0.2449768854259969,Phase2Equation,0.17766602368535683
W7,8.505309999999998,0.2550053070450557,Phase2Equation,0.1932008840868994
W7,10.219825000000002,0.280002682246859,Phase2Equation,0.20783596450963016
W7,11.932195,0.3000000000000423,Phase2Equation,0.2215918907057201
W8,0.0,0.0839014886495303,Phase2Equation,0.0839014886495303
W8,1.6955400000000003,0.1017097190073083,Phase2Equation,0.11740515745829219
W8,3.36248,0.1188731403693272,Phase2Equation,0.13582899120076325
W8,5.064455000000001,0.1398178550114088,Phase2Equation,0.15139098078631602
W8,6.7155000000000005,0.1489007678747748,Phase2Equation,0.16474876016487439
W8,8.409115,0.1628092293738541,Phase2Equation,0.17726461976126726
W8,10.064450000000003,0.1787370624851241,Phase2Equation,0.1886434859956333
W8,11.717585,0.1929300919729634,Phase2Equation,0.19935087092213877
W8,13.335795000000001,0.2064496616619702,Phase2Equation,0.20931586543341402
W8,15.195675000000001,0.2221669204282988,Phase2Equation,0.22024548493743212
W8,17.05836,0.2426248985040502,Phase2Equation,0.2307180600454884
W8,18.608919999999998,0.2581703417265271,Phase2Equation,0.2391247376617613
W8,20.469955000000002,0.2743572617180311,Phase2Equation,0.24888860413752234
W8,22.330495,0.278565587246249,Phase2Equation,0.26135061658507197
W8,24.175085,0.2799987948981544,Phase2Equation,0.27995038836263725
W8,26.03964,0.281371522451777,Phase2Equation,0.30202975326066256
W8,27.90051,0.284999880272086,Phase2Equation,0.32644977958625154
W8,29.76512,0.2886341901097337,Phase2Equation,0.3528402081352462
W8,31.59772,0.2899948220936311,Phase2Equation,0.38036675439128653
W8,33.436095,0.2900000000000031,Phase2Equation,0.4093659620704268
W8,35.247904999999996,0.2900000000000028,Phase2Equation,0.43916192594485703
W8,37.05537,0.2900000000000026,Phase2Equation,0.46997975640891426
W8,38.87262499999999,0.2900048916444913,Phase2Equation,0.5019771046527581
W8,40.71649999999999,0.2913731116138268,Phase2Equation,0.5354057696734411
W8,42.57615999999999,0.2949994773999964,Phase2Equation,0.5700376201962494
W8,44.44230999999999,0.2986371036403106,Phase2Equation,0.6056595108726761
W8,46.30037499999998,0.3000002245919483,Phase2Equation,0.6419433317475336
W8,48.157835,0.3013749510261464,Phase2Equation,0.6789869181250334
W8,50.018759999999986,0.3050311778381022,Phase2Equation,0.7168356321952678
W8,51.87902499999999,0.3088827049121251,Phase2Equation,0.7553737464701241
W8,53.74451499999999,0.3127480572846151,Phase2Equation,0.7946955604374779
W9,0.0,0.0749958958131854,Phase2Equation,0.0749958958131854
W9,1.4342899999999998,0.0849971444225325,Phase2Equation,0.10945855085002387
W9,2.78256,0.10499435854796,Phase2Equation,0.12766374410499465
W9,4.102945,0.1249984103124008,Phase2Equation,0.14252365161597713
W9,5.567375,0.144987003419801,Phase2Equation,0.15709102218490392
W9,6.820604999999999,0.1700006397672061,Phase2Equation,0.16848214319333543
W9,8.054585,0.1800000000000388,Phase2Equation,0.17898041784564753
W1,0.0,0.1273533823167991,Ridge,0.09912064059040944
W1,1.9318200000000003,0.1381901390916089,Ridge,0.1189638304839147
W1,3.8816250000000005,0.1459060098458775,Ridge,0.12765106601253262
W1,5.860635000000001,0.1555320783010579,Ridge,0.13368569369848285
W1,7.707095000000001,0.1675549116381204,Ridge,0.1379590154546071
W1,9.491734999999998,0.176850442237092,Ridge,0.1412717353154568
W1,11.401885,0.18096034422861,Ridge,0.14417036427372415
W1,13.297625,0.1861608368613749,Ridge,0.14653862888608934
W1,15.163829999999999,0.1949240274915537,Ridge,0.14847523506974214
W1,17.081349999999997,0.2039330641962862,Ridge,0.15012942074974
W1,18.966639999999995,0.2099330448291465,Ridge,0.15147631415782628
W1,20.838015,0.2149832480967126,Ridge,0.15257810370016076
W1,22.72083,0.2190721483949485,Ridge,0.1534805107500034
W1,24.638294999999992,0.2208582714938907,Ridge,0.15421214438464492
W1,26.563404999999996,0.2249995230220028,Ridge,0.154777394409489
W1,28.401944999999998,0.2289990720714768,Ridge,0.15517491651231421
W1,30.276674999999994,0.2300000000000017,Ridge,0.15545053898851088
W1,31.905995,0.2300002123807955,Ridge,0.15559260742546266
W1,33.741345,0.2313819787446651,Ridge,0.15565264686304978
W1,35.36263499999999,0.2350007586112319,Ridge,0.15562384911815308
W1,36.77800500000001,0.2382539610435244,Ridge,0.15554005169413776
W1,37.41754499999999,0.2395623323643711,Ridge,0.1554851109895201
W1,38.27911999999999,0.2412604757355036,Ridge,0.15539491170609873
W1,39.92515999999999,0.2450124252278978,Ridge,0.15517291914519937
W1,41.45603,0.2490069209169561,Ridge,0.15491072759775018
W1,42.545855,0.252266877254014,Ridge,0.1546929445738154
W1,43.64184,0.2550602066520381,Ridge,0.15444889929239652
W1,45.447160000000004,0.2595897919604978,Ridge,0.15399451656967222
W1,46.680865,0.2627168726924778,Ridge,0.15364811806989498
W2,0.0,0.0600000000000008,Ridge,0.021307793441205203
W2,1.11397,0.0600000000000002,Ridge,0.04972276443432125
W2,2.4547600000000003,0.0600005192455571,Ridge,0.0684081547757551
W2,4.134019999999999,0.0644755804556153,Ridge,0.08441192025877495
W2,5.244689999999999,0.0688909249880413,Ridge,0.09270492802365199
W2,7.106824999999999,0.0700000000000005,Ridge,0.10419048648873319
W2,9.044749999999999,0.0700000000000009,Ridge,0.11401344885925073
W2,10.926245,0.0746324641425199,Ridge,0.12213958965291073
W2,12.782879999999997,0.0800000000000017,Ridge,0.1291630842246933
W2,14.688079999999998,0.0800000000000022,Ridge,0.1355790077387259
W2,16.56259,0.0999111584037817,Ridge,0.14126693888509878
W2,18.497875,0.120000000000041,Ridge,0.14660709189373888
W2,19.605080000000005,0.1397766297764946,Ridge,0.14945413970232718
W2,21.500490000000006,0.1600000000000526,Ridge,0.15402258355856632
W2,23.457500000000007,0.1898347755407307,Ridge,0.15838385733597446
W2,25.386020000000006,0.2200000000001323,Ridge,0.16237409455778162
W2,27.197115000000004,0.2200000000000628,Ridge,0.1658763630237387
W3,0.0,0.0600000000000007,Ridge,-0.00960955659657986
W3,2.046825,0.0650369773604848,Ridge,0.039865228979555495
W3,4.056305,0.0749587007635104,Ridge,0.06421516575234013
W3,6.08465,0.0800000000000005,Ridge,0.08296052283480476
W3,8.045455,0.0899975709381158,Ridge,0.09810581589641955
W3,10.049930000000002,0.1099885369981426,Ridge,0.11163211514195284
W3,11.982905000000002,0.124967782374238,Ridge,0.12332962142386025
W3,13.753905000000001,0.1351303937081217,Ridge,0.13315422679249272
W3,15.643485000000002,0.1551158688804145,Ridge,0.14287916700416098
W3,17.494015000000005,0.1700000000000166,Ridge,0.15177384402178043
W3,19.41940000000001,0.1700000000000216,Ridge,0.16047027534313713
W4,0.0,0.0814036927952097,Ridge,0.06719206777637664
W4,1.7602749999999998,0.0868384537961975,Ridge,0.10765245599092964
W4,3.5461799999999997,0.0939996590396629,Ridge,0.12872118084787076
W4,5.39913,0.1025301767682724,Ridge,0.14573141105257925
W4,7.1848149999999995,0.1120515690456851,Ridge,0.1596138274023407
W4,9.042329999999998,0.1224155848094941,Ridge,0.17235569124497116
W4,10.883124999999996,0.1554030008015741,Ridge,0.18375135523690778
W4,12.427855,0.184791212144845,Ridge,0.19258217395909305
W4,14.140939999999995,0.1942391535975402,Ridge,0.20174243937410108
W4,15.992569999999994,0.1986928143963282,Ridge,0.21101947844158586
W4,17.805755,0.199999914530234,Ridge,0.21957364263202728
W4,19.612724999999994,0.2000000000000013,Ridge,0.22765099254736182
W4,21.39588,0.2000004201145267,Ridge,0.2352400203434588
W4,23.185744999999997,0.2012111113014649,Ridge,0.24252067938058192
W4,24.971539999999994,0.2049991078691562,Ridge,0.24948448616576702
W4,26.796164999999995,0.208855839663084,Ridge,0.256320988835356
W4,28.668585,0.2099999740848035,Ridge,0.263071466075419
W4,30.569549999999992,0.2100000000000015,Ridge,0.26967501931116633
W4,32.40478999999999,0.2100000269061986,Ridge,0.27583178330289715
W4,34.207085,0.2110272617520388,Ridge,0.28168571459756886
W4,36.09936,0.2149988878211717,Ridge,0.2876421822180043
W4,37.92096,0.2188499196433788,Ridge,0.2932056029611568
W4,40.026689999999995,0.2200000000000021,Ridge,0.2994430515149909
W4,41.830964999999985,0.2200014813268546,Ridge,0.30463326659067097
W4,43.55724999999999,0.221219544629641,Ridge,0.3094741826253926
W4,45.36894999999999,0.2282664138483714,Ridge,0.3144306739768068
W4,47.216015,0.2459264134270239,Ridge,0.3193604128822345
W4,49.101910000000004,0.262229753765211,Ridge,0.3242721184314814
W5,0.0,0.1550451411591239,Ridge,0.19819083093850756
W5,1.711545,0.1600000001636488,Ridge,0.23771244025631372
W5,3.2595199999999998,0.2100000001795408,Ridge,0.255953313387387
W5,4.92338,0.2100000000848325,Ridge,0.27113815394137897
W5,6.626290000000001,0.2200000003785476,Ridge,0.28409110007191934
W5,8.106174999999999,0.2200000000000008,Ridge,0.2939528467991496
W5,9.15222,0.2200000000000287,Ridge,0.30033799897416014
W6,0.0,0.0865377445802467,Ridge,0.04326955567672014
W6,1.0039700000000003,0.1099958757218318,Ridge,0.0746039230951837
W6,2.53033,0.1149992438053285,Ridge,0.09946243391388243
W6,4.043105,0.1200000086645176,Ridge,0.11714014926847197
W6,5.531735,0.1250264209843548,Ridge,0.13127658335581288
W6,7.085705,0.1401542838756046,Ridge,0.14391932821974013
W6,8.309619999999999,0.1548355300140057,Ridge,0.15280760637893037
W6,9.805235,0.1599999962375352,Ridge,0.16270670388021902
W6,11.334620000000001,0.1700995679994255,Ridge,0.1719652056126685
W6,12.854104999999997,0.1901284042665345,Ridge,0.18046876030647585
W6,14.351755,0.2146816790523195,Ridge,0.18829035111725995
W6,15.85771,0.2300000099759007,Ridge,0.19568200910447783
W6,17.345955,0.2400298558413153,Ridge,0.20258564394169246
W6,18.757035,0.2553631729338995,Ridge,0.20880934623029504
W7,0.0,0.0758517909308511,Ridge,0.0777813428414171
W7,1.6699099999999991,0.085001676274057,Ridge,0.10733523079220954
W7,3.381125,0.0900000000000022,Ridge,0.1218963058416168
W7,5.047515,0.1649451759121449,Ridge,0.13345012757360208
W7,6.812849999999999,0.2449768854259969,Ridge,0.14409366533833842
W7,8.505309999999998,0.2550053070450557,Ridge,0.15323660421075455
W7,10.219825000000002,0.280002682246859,Ridge,0.16170299919005848
W7,11.932195,0.3000000000000423,Ridge,0.16952310518685573
W8,0.0,0.0839014886495303,Ridge,0.085211774218523
W8,1.6955400000000003,0.1017097190073083,Ridge,0.1238072460174845
W8,3.36248,0.1188731403693272,Ridge,0.14466084817307262
W8,5.064455000000001,0.1398178550114088,Ridge,0.1614132228576994
W8,6.7155000000000005,0.1489007678747748,Ridge,0.17531172704263306
W8,8.409115,0.1628092293738541,Ridge,0.18801577101157912
W8,10.064450000000003,0.1787370624851241,Ridge,0.19934590792212736
W8,11.717585,0.1929300919729634,Ridge,0.20984558673667153
W8,13.335795000000001,0.2064496616619702,Ridge,0.21949490116265258
W8,15.195675000000001,0.2221669204282988,Ridge,0.22995895780645834
W8,17.05836,0.2426248985040502,Ridge,0.23988132274081791
W8,18.608919999999998,0.2581703417265271,Ridge,0.2477798938374252
W8,20.469955000000002,0.2743572617180311,Ridge,0.2568859542715817
W8,22.330495,0.278565587246249,Ridge,0.26563236513352595
W8,24.175085,0.2799987948981544,Ridge,0.2739937135919407
W8,26.03964,0.281371522451777,Ridge,0.28216670400794525
W8,27.90051,0.284999880272086,Ridge,0.2900728772853707
W8,29.76512,0.2886341901097337,Ridge,0.2977680378205848
W8,31.59772,0.2899948220936311,Ridge,0.3051297033979274
W8,33.436095,0.2900000000000031,Ridge,0.31233089389741786
W8,35.247904999999996,0.2900000000000028,Ridge,0.3192622322451566
W8,37.05537,0.2900000000000026,Ridge,0.32602515737480003
W8,38.87262499999999,0.2900048916444913,Ridge,0.3326826347400989
W8,40.71649999999999,0.2913731116138268,Ridge,0.339301845959486
W8,42.57615999999999,0.2949994773999964,Ridge,0.34584818286573504
W8,44.44230999999999,0.2986371036403106,Ridge,0.3522947790439078
W8,46.30037499999998,0.3000002245919483,Ridge,0.35859877332048434
W8,48.157835,0.3013749510261464,Ridge,0.36479293540949087
W8,50.018759999999986,0.3050311778381022,Ridge,0.3708965624016419
W8,51.87902499999999,0.3088827049121251,Ridge,0.37690132748765404
W8,53.74451499999999,0.3127480572846151,Ridge,0.38283085371847453
W9,0.0,0.0749958958131854,Ridge,0.07666842354750188
W9,1.4342899999999998,0.0849971444225325,Ridge,0.11553149024178334
W9,2.78256,0.10499435854796,Ridge,0.1345462363130063
W9,4.102945,0.1249984103124008,Ridge,0.14912121970604048
W9,5.567375,0.144987003419801,Ridge,0.16271992959921522
W9,6.820604999999999,0.1700006397672061,Ridge,0.17294293758377616
W9,8.054585,0.1800000000000388,Ridge,0.18208078112336762
W1,0.0,0.1273533823167991,RandomForest,0.1339036883081317
W1,1.9318200000000003,0.1381901390916089,RandomForest,0.13719346572300625
W1,3.8816250000000005,0.1459060098458775,RandomForest,0.14649050478998962
W1,5.860635000000001,0.1555320783010579,RandomForest,0.14687794560901365
W1,7.707095000000001,0.1675549116381204,RandomForest,0.14500189307686065
W1,9.491734999999998,0.176850442237092,RandomForest,0.14353731364883135
W1,11.401885,0.18096034422861,RandomForest,0.1473674007829099
W1,13.297625,0.1861608368613749,RandomForest,0.15641059743901237
W1,15.163829999999999,0.1949240274915537,RandomForest,0.17133700410714428
W1,17.081349999999997,0.2039330641962862,RandomForest,0.18603945165913108
W1,18.966639999999995,0.2099330448291465,RandomForest,0.21264832773648454
W1,20.838015,0.2149832480967126,RandomForest,0.2210061420742819
W1,22.72083,0.2190721483949485,RandomForest,0.23203515213701256
W1,24.638294999999992,0.2208582714938907,RandomForest,0.23625561645664506
W1,26.563404999999996,0.2249995230220028,RandomForest,0.23820639575005687
W1,28.401944999999998,0.2289990720714768,RandomForest,0.23977436101487612
W1,30.276674999999994,0.2300000000000017,RandomForest,0.24061729848198998
W1,31.905995,0.2300002123807955,RandomForest,0.24107829878973178
W1,33.741345,0.2313819787446651,RandomForest,0.2413843172779546
W1,35.36263499999999,0.2350007586112319,RandomForest,0.2421698406010564
W1,36.77800500000001,0.2382539610435244,RandomForest,0.24246400772522386
W1,37.41754499999999,0.2395623323643711,RandomForest,0.24286516901452448
W1,38.27911999999999,0.2412604757355036,RandomForest,0.24324924258967429
W1,39.92515999999999,0.2450124252278978,RandomForest,0.24400422485344417
W1,41.45603,0.2490069209169561,RandomForest,0.24453803303011873
W1,42.545855,0.252266877254014,RandomForest,0.2454503201154209
W1,43.64184,0.2550602066520381,RandomForest,0.24843399402363137
W1,45.447160000000004,0.2595897919604978,RandomForest,0.25144432086022034
W1,46.680865,0.2627168726924778,RandomForest,0.25333962911448404
W2,0.0,0.0600000000000008,RandomForest,0.07437858650007154
W2,1.11397,0.0600000000000002,RandomForest,0.07670355219384566
W2,2.4547600000000003,0.0600005192455571,RandomForest,0.08211929912665228
W2,4.134019999999999,0.0644755804556153,RandomForest,0.09186845826843573
W2,5.244689999999999,0.0688909249880413,RandomForest,0.10029872291489521
W2,7.106824999999999,0.0700000000000005,RandomForest,0.11708307155092447
W2,9.044749999999999,0.0700000000000009,RandomForest,0.13529473684605886
W2,10.926245,0.0746324641425199,RandomForest,0.1537973247796702
W2,12.782879999999997,0.0800000000000017,RandomForest,0.1652325948899016
W2,14.688079999999998,0.0800000000000022,RandomForest,0.17819206697034098
W2,16.56259,0.0999111584037817,RandomForest,0.1871440679154396
W2,18.497875,0.120000000000041,RandomForest,0.18909559636806383
W2,19.605080000000005,0.1397766297764946,RandomForest,0.18879924960292993
W2,21.500490000000006,0.1600000000000526,RandomForest,0.18977315416673543
W2,23.457500000000007,0.1898347755407307,RandomForest,0.19054287529810657
W2,25.386020000000006,0.2200000000001323,RandomForest,0.19196344013545869
W2,27.197115000000004,0.2200000000000628,RandomForest,0.19318777594106093
W3,0.0,0.0600000000000007,RandomForest,0.06471298188467316
W3,2.046825,0.0650369773604848,RandomForest,0.07545171159140976
W3,4.056305,0.0749587007635104,RandomForest,0.10549022588727439
W3,6.08465,0.0800000000000005,RandomForest,0.1547583727822069
W3,8.045455,0.0899975709381158,RandomForest,0.15872777747942404
W3,10.049930000000002,0.1099885369981426,RandomForest,0.15336914263535278
W3,11.982905000000002,0.124967782374238,RandomForest,0.14061823769943774
W3,13.753905000000001,0.1351303937081217,RandomForest,0.13895677012486393
W3,15.643485000000002,0.1551158688804145,RandomForest,0.13845115988412704
W3,17.494015000000005,0.1700000000000166,RandomForest,0.14280568662955323
W3,19.41940000000001,0.1700000000000216,RandomForest,0.1570414359022721
W4,0.0,0.0814036927952097,RandomForest,0.09020491335890388
W4,1.7602749999999998,0.0868384537961975,RandomForest,0.0972001955500983
W4,3.5461799999999997,0.0939996590396629,RandomForest,0.10537110408473314
W4,5.39913,0.1025301767682724,RandomForest,0.132067950138843
W4,7.1848149999999995,0.1120515690456851,RandomForest,0.16235830139685534
W4,9.042329999999998,0.1224155848094941,RandomForest,0.17263264649670387
W4,10.883124999999996,0.1554030008015741,RandomForest,0.17821852738208407
W4,12.427855,0.184791212144845,RandomForest,0.1813208438216367
W4,14.140939999999995,0.1942391535975402,RandomForest,0.18203400490500105
W4,15.992569999999994,0.1986928143963282,RandomForest,0.18347860456486575
W4,17.805755,0.199999914530234,RandomForest,0.18581814867540053
W4,19.612724999999994,0.2000000000000013,RandomForest,0.18785090295565238
W4,21.39588,0.2000004201145267,RandomForest,0.18936567419612485
W4,23.185744999999997,0.2012111113014649,RandomForest,0.19392699032847788
W4,24.971539999999994,0.2049991078691562,RandomForest,0.19579282878321425
W4,26.796164999999995,0.208855839663084,RandomForest,0.1958583835071268
W4,28.668585,0.2099999740848035,RandomForest,0.19591502625850207
W4,30.569549999999992,0.2100000000000015,RandomForest,0.1959290910281647
W4,32.40478999999999,0.2100000269061986,RandomForest,0.19594575862685473
W4,34.207085,0.2110272617520388,RandomForest,0.1959786873241704
W4,36.09936,0.2149988878211717,RandomForest,0.1961273846046586
W4,37.92096,0.2188499196433788,RandomForest,0.19616572198425933
W4,40.026689999999995,0.2200000000000021,RandomForest,0.19639889676535252
W4,41.830964999999985,0.2200014813268546,RandomForest,0.19646418699834053
W4,43.55724999999999,0.221219544629641,RandomForest,0.19651109276316503
W4,45.36894999999999,0.2282664138483714,RandomForest,0.1965557518723361
W4,47.216015,0.2459264134270239,RandomForest,0.1965557518723361
W4,49.101910000000004,0.262229753765211,RandomForest,0.1965557518723361
W5,0.0,0.1550451411591239,RandomForest,0.09822268612444406
W5,1.711545,0.1600000001636488,RandomForest,0.10133460441389425
W5,3.2595199999999998,0.2100000001795408,RandomForest,0.10648085230440588
W5,4.92338,0.2100000000848325,RandomForest,0.11526359838967508
W5,6.626290000000001,0.2200000003785476,RandomForest,0.1310574906729636
W5,8.106174999999999,0.2200000000000008,RandomForest,0.14225755293856962
W5,9.15222,0.2200000000000287,RandomForest,0.14405046783855086
W6,0.0,0.0865377445802467,RandomForest,0.09813735506393574
W6,1.0039700000000003,0.1099958757218318,RandomForest,0.10208397317067819
W6,2.53033,0.1149992438053285,RandomForest,0.11072805436376107
W6,4.043105,0.1200000086645176,RandomForest,0.11731816200921283
W6,5.531735,0.1250264209843548,RandomForest,0.12988716391037916
W6,7.085705,0.1401542838756046,RandomForest,0.13944794754496576
W6,8.309619999999999,0.1548355300140057,RandomForest,0.1508881691427636
W6,9.805235,0.1599999962375352,RandomForest,0.15927902047069373
W6,11.334620000000001,0.1700995679994255,RandomForest,0.16754582715072336
W6,12.854104999999997,0.1901284042665345,RandomForest,0.17333318149474788
W6,14.351755,0.2146816790523195,RandomForest,0.18129851368892147
W6,15.85771,0.2300000099759007,RandomForest,0.19015833476939545
W6,17.345955,0.2400298558413153,RandomForest,0.198083537225201
W6,18.757035,0.2553631729338995,RandomForest,0.2006201533503906
W7,0.0,0.0758517909308511,RandomForest,0.08418503306642092
W7,1.6699099999999991,0.085001676274057,RandomForest,0.09541149644664826
W7,3.381125,0.0900000000000022,RandomForest,0.11786221920472227
W7,5.047515,0.1649451759121449,RandomForest,0.13468798131797532
W7,6.812849999999999,0.2449768854259969,RandomForest,0.15325340695792403
W7,8.505309999999998,0.2550053070450557,RandomForest,0.15893606440224067
W7,10.219825000000002,0.280002682246859,RandomForest,0.16491726201328796
W7,11.932195,0.3000000000000423,RandomForest,0.1718183507193144
W8,0.0,0.0839014886495303,RandomForest,0.08493186992173107
W8,1.6955400000000003,0.1017097190073083,RandomForest,0.09277250241140425
W8,3.36248,0.1188731403693272,RandomForest,0.10182979381132128
W8,5.064455000000001,0.1398178550114088,RandomForest,0.13372980340747803
W8,6.7155000000000005,0.1489007678747748,RandomForest,0.15327326238550423
W8,8.409115,0.1628092293738541,RandomForest,0.1650838931080782
W8,10.064450000000003,0.1787370624851241,RandomForest,0.17033697665577072
W8,11.717585,0.1929300919729634,RandomForest,0.17875082052642077
W8,13.335795000000001,0.2064496616619702,RandomForest,0.1841610568182445
W8,15.195675000000001,0.2221669204282988,RandomForest,0.19371626039825507
W8,17.05836,0.2426248985040502,RandomForest,0.20181867205498855
W8,18.608919999999998,0.2581703417265271,RandomForest,0.20570326973092
W8,20.469955000000002,0.2743572617180311,RandomForest,0.20619649602142764
W8,22.330495,0.278565587246249,RandomForest,0.20910548912069812
W8,24.175085,0.2799987948981544,RandomForest,0.21160631690183343
W8,26.03964,0.281371522451777,RandomForest,0.21282254267246534
W8,27.90051,0.284999880272086,RandomForest,0.21362603136452393
W8,29.76512,0.2886341901097337,RandomForest,0.21363625941957248
W8,31.59772,0.2899948220936311,RandomForest,0.21365571026752875
W8,33.436095,0.2900000000000031,RandomForest,0.21361007252582656
W8,35.247904999999996,0.2900000000000028,RandomForest,0.21414619109337646
W8,37.05537,0.2900000000000026,RandomForest,0.2144004217854671
W8,38.87262499999999,0.2900048916444913,RandomForest,0.2149754238306936
W8,40.71649999999999,0.2913731116138268,RandomForest,0.2164505819886592
W8,42.57615999999999,0.2949994773999964,RandomForest,0.21701155767692049
W8,44.44230999999999,0.2986371036403106,RandomForest,0.21787642286912728
W8,46.30037499999998,0.3000002245919483,RandomForest,0.21887105199594392
W8,48.157835,0.3013749510261464,RandomForest,0.21883559938660235
W8,50.018759999999986,0.3050311778381022,RandomForest,0.21883559938660235
W8,51.87902499999999,0.3088827049121251,RandomForest,0.21883559938660235
W8,53.74451499999999,0.3127480572846151,RandomForest,0.21883559938660235
W9,0.0,0.0749958958131854,RandomForest,0.07908969561334171
W9,1.4342899999999998,0.0849971444225325,RandomForest,0.08196375440396765
W9,2.78256,0.10499435854796,RandomForest,0.08716102938041582
W9,4.102945,0.1249984103124008,RandomForest,0.09436558016042684
W9,5.567375,0.144987003419801,RandomForest,0.11304011355301384
W9,6.820604999999999,0.1700006397672061,RandomForest,0.1402386593331079
W9,8.054585,0.1800000000000388,RandomForest,0.14982557803959384
W1,0.0,0.1273533823167991,GradientBoosting,0.13716428321638816
W1,1.9318200000000003,0.1381901390916089,GradientBoosting,0.1439526345224073
W1,3.8816250000000005,0.1459060098458775,GradientBoosting,0.15111703468010618
W1,5.860635000000001,0.1555320783010579,GradientBoosting,0.14575960185018969
W1,7.707095000000001,0.1675549116381204,GradientBoosting,0.12185120168075582
W1,9.491734999999998,0.176850442237092,GradientBoosting,0.11182098699160854
W1,11.401885,0.18096034422861,GradientBoosting,0.13329116951562903
W1,13.297625,0.1861608368613749,GradientBoosting,0.13209914034924336
W1,15.163829999999999,0.1949240274915537,GradientBoosting,0.14301189106162748
W1,17.081349999999997,0.2039330641962862,GradientBoosting,0.1764097992923097
W1,18.966639999999995,0.2099330448291465,GradientBoosting,0.19244930459105367
W1,20.838015,0.2149832480967126,GradientBoosting,0.21772185400896016
W1,22.72083,0.2190721483949485,GradientBoosting,0.23137523194097895
W1,24.638294999999992,0.2208582714938907,GradientBoosting,0.2474335336817286
W1,26.563404999999996,0.2249995230220028,GradientBoosting,0.25236132216411955
W1,28.401944999999998,0.2289990720714768,GradientBoosting,0.25450758572390303
W1,30.276674999999994,0.2300000000000017,GradientBoosting,0.25669743557035557
W1,31.905995,0.2300002123807955,GradientBoosting,0.25677125707761045
W1,33.741345,0.2313819787446651,GradientBoosting,0.2574078294053964
W1,35.36263499999999,0.2350007586112319,GradientBoosting,0.2602439844246584
W1,36.77800500000001,0.2382539610435244,GradientBoosting,0.2604357907839683
W1,37.41754499999999,0.2395623323643711,GradientBoosting,0.2625029050851997
W1,38.27911999999999,0.2412604757355036,GradientBoosting,0.2625029050851997
W1,39.92515999999999,0.2450124252278978,GradientBoosting,0.2630210486036642
W1,41.45603,0.2490069209169561,GradientBoosting,0.2630179816548293
W1,42.545855,0.252266877254014,GradientBoosting,0.26416575483078164
W1,43.64184,0.2550602066520381,GradientBoosting,0.264842932298224
W1,45.447160000000004,0.2595897919604978,GradientBoosting,0.26804743201829473
W1,46.680865,0.2627168726924778,GradientBoosting,0.2771200353540377
W2,0.0,0.0600000000000008,GradientBoosting,0.06400615183338756
W2,1.11397,0.0600000000000002,GradientBoosting,0.06561220710935302
W2,2.4547600000000003,0.0600005192455571,GradientBoosting,0.0726735451682557
W2,4.134019999999999,0.0644755804556153,GradientBoosting,0.07893498947212986
W2,5.244689999999999,0.0688909249880413,GradientBoosting,0.08216458975301176
W2,7.106824999999999,0.0700000000000005,GradientBoosting,0.09438870900885636
W2,9.044749999999999,0.0700000000000009,GradientBoosting,0.10390552969411943
W2,10.926245,0.0746324641425199,GradientBoosting,0.11962195683561319
W2,12.782879999999997,0.0800000000000017,GradientBoosting,0.13745340876474366
W2,14.688079999999998,0.0800000000000022,GradientBoosting,0.1584317036537366
W2,16.56259,0.0999111584037817,GradientBoosting,0.1665600979532346
W2,18.497875,0.120000000000041,GradientBoosting,0.16643898429790732
W2,19.605080000000005,0.1397766297764946,GradientBoosting,0.16680382820288672
W2,21.500490000000006,0.1600000000000526,GradientBoosting,0.1679471350144373
W2,23.457500000000007,0.1898347755407307,GradientBoosting,0.16970756866023057
W2,25.386020000000006,0.2200000000001323,GradientBoosting,0.1727507292057782
W2,27.197115000000004,0.2200000000000628,GradientBoosting,0.17615908424352733
W3,0.0,0.0600000000000007,GradientBoosting,0.05285657385441193
W3,2.046825,0.0650369773604848,GradientBoosting,0.07924125785046236
W3,4.056305,0.0749587007635104,GradientBoosting,0.08086340350336903
W3,6.08465,0.0800000000000005,GradientBoosting,0.13973556543045831
W3,8.045455,0.0899975709381158,GradientBoosting,0.14886075629465353
W3,10.049930000000002,0.1099885369981426,GradientBoosting,0.16151175722545744
W3,11.982905000000002,0.124967782374238,GradientBoosting,0.15633200985125434
W3,13.753905000000001,0.1351303937081217,GradientBoosting,0.15354820824543616
W3,15.643485000000002,0.1551158688804145,GradientBoosting,0.15421710222334786
W3,17.494015000000005,0.1700000000000166,GradientBoosting,0.1575610342518754
W3,19.41940000000001,0.1700000000000216,GradientBoosting,0.17982628171661608
W4,0.0,0.0814036927952097,GradientBoosting,0.0927103502670057
W4,1.7602749999999998,0.0868384537961975,GradientBoosting,0.10603777945153886
W4,3.5461799999999997,0.0939996590396629,GradientBoosting,0.10704705646181484
W4,5.39913,0.1025301767682724,GradientBoosting,0.13340371525485897
W4,7.1848149999999995,0.1120515690456851,GradientBoosting,0.16127243775500585
W4,9.042329999999998,0.1224155848094941,GradientBoosting,0.1728012931458845
W4,10.883124999999996,0.1554030008015741,GradientBoosting,0.1861656238162561
W4,12.427855,0.184791212144845,GradientBoosting,0.19562679489510088
W4,14.140939999999995,0.1942391535975402,GradientBoosting,0.19562679489510088
W4,15.992569999999994,0.1986928143963282,GradientBoosting,0.19914985580201294
W4,17.805755,0.199999914530234,GradientBoosting,0.21345079463509
W4,19.612724999999994,0.2000000000000013,GradientBoosting,0.21980317917369915
W4,21.39588,0.2000004201145267,GradientBoosting,0.22667844305858242
W4,23.185744999999997,0.2012111113014649,GradientBoosting,0.2279314630625095
W4,24.971539999999994,0.2049991078691562,GradientBoosting,0.22727370641148292
W4,26.796164999999995,0.208855839663084,GradientBoosting,0.2295873372195746
W4,28.668585,0.2099999740848035,GradientBoosting,0.23189638434649715
W4,30.569549999999992,0.2100000000000015,GradientBoosting,0.23268361027952442
W4,32.40478999999999,0.2100000269061986,GradientBoosting,0.2329872746947766
W4,34.207085,0.2110272617520388,GradientBoosting,0.2334786391990532
W4,36.09936,0.2149988878211717,GradientBoosting,0.2339758907737437
W4,37.92096,0.2188499196433788,GradientBoosting,0.2347062197513949
W4,40.026689999999995,0.2200000000000021,GradientBoosting,0.2350458331638045
W4,41.830964999999985,0.2200014813268546,GradientBoosting,0.2358669625207522
W4,43.55724999999999,0.221219544629641,GradientBoosting,0.23798888843664012
W4,45.36894999999999,0.2282664138483714,GradientBoosting,0.23933502771603943
W4,47.216015,0.2459264134270239,GradientBoosting,0.23963040050295065
W4,49.101910000000004,0.262229753765211,GradientBoosting,0.2413341867470317
W5,0.0,0.1550451411591239,GradientBoosting,0.11988680544253792
W5,1.711545,0.1600000001636488,GradientBoosting,0.12023998800942885
W5,3.2595199999999998,0.2100000001795408,GradientBoosting,0.11815198634407637
W5,4.92338,0.2100000000848325,GradientBoosting,0.12759685161174958
W5,6.626290000000001,0.2200000003785476,GradientBoosting,0.1342970719683377
W5,8.106174999999999,0.2200000000000008,GradientBoosting,0.1444953094280129
W5,9.15222,0.2200000000000287,GradientBoosting,0.1471687751853493
W6,0.0,0.0865377445802467,GradientBoosting,0.08729880034712054
W6,1.0039700000000003,0.1099958757218318,GradientBoosting,0.09323494495891882
W6,2.53033,0.1149992438053285,GradientBoosting,0.09778310258089265
W6,4.043105,0.1200000086645176,GradientBoosting,0.1092429390674579
W6,5.531735,0.1250264209843548,GradientBoosting,0.11726699431125437
W6,7.085705,0.1401542838756046,GradientBoosting,0.12723808795829433
W6,8.309619999999999,0.1548355300140057,GradientBoosting,0.13760087352458159
W6,9.805235,0.1599999962375352,GradientBoosting,0.15065029477262873
W6,11.334620000000001,0.1700995679994255,GradientBoosting,0.15788371403024
W6,12.854104999999997,0.1901284042665345,GradientBoosting,0.16787415973659034
W6,14.351755,0.2146816790523195,GradientBoosting,0.1697563351367875
W6,15.85771,0.2300000099759007,GradientBoosting,0.18772772133005763
W6,17.345955,0.2400298558413153,GradientBoosting,0.20092333949481286
W6,18.757035,0.2553631729338995,GradientBoosting,0.20661970127517917
W7,0.0,0.0758517909308511,GradientBoosting,0.08091283653710499
W7,1.6699099999999991,0.085001676274057,GradientBoosting,0.08987933262622576
W7,3.381125,0.0900000000000022,GradientBoosting,0.10629807338898818
W7,5.047515,0.1649451759121449,GradientBoosting,0.1279687488775786
W7,6.812849999999999,0.2449768854259969,GradientBoosting,0.15197306542387862
W7,8.505309999999998,0.2550053070450557,GradientBoosting,0.1590314361629779
W7,10.219825000000002,0.280002682246859,GradientBoosting,0.1836043503815449
W7,11.932195,0.3000000000000423,GradientBoosting,0.1999407420466124
W8,0.0,0.0839014886495303,GradientBoosting,0.07700116017042934
W8,1.6955400000000003,0.1017097190073083,GradientBoosting,0.08675484403062972
W8,3.36248,0.1188731403693272,GradientBoosting,0.0876119021783784
W8,5.064455000000001,0.1398178550114088,GradientBoosting,0.1387622822737571
W8,6.7155000000000005,0.1489007678747748,GradientBoosting,0.1770016555814425
W8,8.409115,0.1628092293738541,GradientBoosting,0.17873832877856133
W8,10.064450000000003,0.1787370624851241,GradientBoosting,0.1828977132068906
W8,11.717585,0.1929300919729634,GradientBoosting,0.20049319096709262
W8,13.335795000000001,0.2064496616619702,GradientBoosting,0.20049319096709262
W8,15.195675000000001,0.2221669204282988,GradientBoosting,0.20718888828194837
W8,17.05836,0.2426248985040502,GradientBoosting,0.21747043069240005
W8,18.608919999999998,0.2581703417265271,GradientBoosting,0.22171307354148037
W8,20.469955000000002,0.2743572617180311,GradientBoosting,0.22419382706956772
W8,22.330495,0.278565587246249,GradientBoosting,0.22452133517962755
W8,24.175085,0.2799987948981544,GradientBoosting,0.22654479996898966
W8,26.03964,0.281371522451777,GradientBoosting,0.2279478976404214
W8,27.90051,0.284999880272086,GradientBoosting,0.2279478976404214
W8,29.76512,0.2886341901097337,GradientBoosting,0.2279478976404214
W8,31.59772,0.2899948220936311,GradientBoosting,0.2279478976404214
W8,33.436095,0.2900000000000031,GradientBoosting,0.2279478976404214
W8,35.247904999999996,0.2900000000000028,GradientBoosting,0.22811800025007442
W8,37.05537,0.2900000000000026,GradientBoosting,0.22900446803038238
W8,38.87262499999999,0.2900048916444913,GradientBoosting,0.22911206701415224
W8,40.71649999999999,0.2913731116138268,GradientBoosting,0.22905480450754442
W8,42.57615999999999,0.2949994773999964,GradientBoosting,0.2298402305776278
W8,44.44230999999999,0.2986371036403106,GradientBoosting,0.23110666282186315
W8,46.30037499999998,0.3000002245919483,GradientBoosting,0.23626724831669715
W8,48.157835,0.3013749510261464,GradientBoosting,0.24476155983480266
W8,50.018759999999986,0.3050311778381022,GradientBoosting,0.24476155983480266
W8,51.87902499999999,0.3088827049121251,GradientBoosting,0.24476155983480266
W8,53.74451499999999,0.3127480572846151,GradientBoosting,0.24476155983480266
W9,0.0,0.0749958958131854,GradientBoosting,0.07713751436350172
W9,1.4342899999999998,0.0849971444225325,GradientBoosting,0.0835633650462533
W9,2.78256,0.10499435854796,GradientBoosting,0.08735128333123862
W9,4.102945,0.1249984103124008,GradientBoosting,0.0956650722836461
W9,5.567375,0.144987003419801,GradientBoosting,0.12177420876441351
W9,6.820604999999999,0.1700006397672061,GradientBoosting,0.16543801814198164
W9,8.054585,0.1800000000000388,GradientBoosting,0.16939482291056618
W1,0.0,0.1273533823167991,GaussianProcess,0.1344181242007081
W1,1.9318200000000003,0.1381901390916089,GaussianProcess,0.13289118360086208
W1,3.8816250000000005,0.1459060098458775,GaussianProcess,0.141655678073696
W1,5.860635000000001,0.1555320783010579,GaussianProcess,0.1169749896447749
W1,7.707095000000001,0.1675549116381204,GaussianProcess,0.11441650421914902
W1,9.491734999999998,0.176850442237092,GaussianProcess,0.13277497682028572
W1,11.401885,0.18096034422861,GaussianProcess,0.15480585252980755
W1,13.297625,0.1861608368613749,GaussianProcess,0.16723050303798898
W1,15.163829999999999,0.1949240274915537,GaussianProcess,0.17291335853531908
W1,17.081349999999997,0.2039330641962862,GaussianProcess,0.17656354968729535
W1,18.966639999999995,0.2099330448291465,GaussianProcess,0.1789346765698434
W1,20.838015,0.2149832480967126,GaussianProcess,0.18003095869445218
W1,22.72083,0.2190721483949485,GaussianProcess,0.1803619135350189
W1,24.638294999999992,0.2208582714938907,GaussianProcess,0.18042742119246902
W1,26.563404999999996,0.2249995230220028,GaussianProcess,0.18034811982596646
W1,28.401944999999998,0.2289990720714768,GaussianProcess,0.18012582861719673
W1,30.276674999999994,0.2300000000000017,GaussianProcess,0.1798331491171276
W1,31.905995,0.2300002123807955,GaussianProcess,0.1796195633848502
W1,33.741345,0.2313819787446651,GaussianProcess,0.17946673772199767
W1,35.36263499999999,0.2350007586112319,GaussianProcess,0.17938286891122474
W1,36.77800500000001,0.2382539610435244,GaussianProcess,0.17931702920392514
W1,37.41754499999999,0.2395623323643711,GaussianProcess,0.17928489765477357
W1,38.27911999999999,0.2412604757355036,GaussianProcess,0.17923865542583925
W1,39.92515999999999,0.2450124252278978,GaussianProcess,0.17914713773424198
W1,41.45603,0.2490069209169561,GaussianProcess,0.17907279399565487
W1,42.545855,0.252266877254014,GaussianProcess,0.17903367480853238
W1,43.64184,0.2550602066520381,GaussianProcess,0.1790077207853888
W1,45.447160000000004,0.2595897919604978,GaussianProcess,0.17898897960623933
W1,46.680865,0.2627168726924778,GaussianProcess,0.1789854867684116
W2,0.0,0.0600000000000008,GaussianProcess,0.06030848562949054
W2,1.11397,0.0600000000000002,GaussianProcess,0.09330022309802899
W2,2.4547600000000003,0.0600005192455571,GaussianProcess,0.07488619233329712
W2,4.134019999999999,0.0644755804556153,GaussianProcess,0.07212734067684502
W2,5.244689999999999,0.0688909249880413,GaussianProcess,0.05966347773521277
W2,7.106824999999999,0.0700000000000005,GaussianProcess,0.05807101607715809
W2,9.044749999999999,0.0700000000000009,GaussianProcess,0.07835916749310795
W2,10.926245,0.0746324641425199,GaussianProcess,0.10937074916399277
W2,12.782879999999997,0.0800000000000017,GaussianProcess,0.1362393774289115
W2,14.688079999999998,0.0800000000000022,GaussianProcess,0.1581578871489488
W2,16.56259,0.0999111584037817,GaussianProcess,0.1770216649941412
W2,18.497875,0.120000000000041,GaussianProcess,0.18823960697840295
W2,19.605080000000005,0.1397766297764946,GaussianProcess,0.1902850270123476
W2,21.500490000000006,0.1600000000000526,GaussianProcess,0.1904328358442142
W2,23.457500000000007,0.1898347755407307,GaussianProcess,0.19124113845078544
W2,25.386020000000006,0.2200000000001323,GaussianProcess,0.1940054345877486
W2,27.197115000000004,0.2200000000000628,GaussianProcess,0.19687473590612106
W3,0.0,0.0600000000000007,GaussianProcess,0.06060582685560706
W3,2.046825,0.0650369773604848,GaussianProcess,0.061989640080559266
W3,4.056305,0.0749587007635104,GaussianProcess,0.09696446756432678
W3,6.08465,0.0800000000000005,GaussianProcess,0.16950383539732372
W3,8.045455,0.0899975709381158,GaussianProcess,0.18561797018909373
W3,10.049930000000002,0.1099885369981426,GaussianProcess,0.18014176742011115
W3,11.982905000000002,0.124967782374238,GaussianProcess,0.17935252985157057
W3,13.753905000000001,0.1351303937081217,GaussianProcess,0.17277686709118487
W3,15.643485000000002,0.1551158688804145,GaussianProcess,0.16743603276521496
W3,17.494015000000005,0.1700000000000166,GaussianProcess,0.16970666694528894
W3,19.41940000000001,0.1700000000000216,GaussianProcess,0.17617717205495698
W4,0.0,0.0814036927952097,GaussianProcess,0.08063994547575888
W4,1.7602749999999998,0.0868384537961975,GaussianProcess,0.08682865627566753
W4,3.5461799999999997,0.0939996590396629,GaussianProcess,0.09202458872848149
W4,5.39913,0.1025301767682724,GaussianProcess,0.1558394874145837
W4,7.1848149999999995,0.1120515690456851,GaussianProcess,0.20110766752823234
W4,9.042329999999998,0.1224155848094941,GaussianProcess,0.22136620047536076
W4,10.883124999999996,0.1554030008015741,GaussianProcess,0.23621243379870246
W4,12.427855,0.184791212144845,GaussianProcess,0.25089084924912164
W4,14.140939999999995,0.1942391535975402,GaussianProcess,0.2677899991189052
W4,15.992569999999994,0.1986928143963282,GaussianProcess,0.2827824065898362
W4,17.805755,0.199999914530234,GaussianProcess,0.29158068267273446
W4,19.612724999999994,0.2000000000000013,GaussianProcess,0.2941388112140694
W4,21.39588,0.2000004201145267,GaussianProcess,0.29155551028396826
W4,23.185744999999997,0.2012111113014649,GaussianProcess,0.28535766912207944
W4,24.971539999999994,0.2049991078691562,GaussianProcess,0.2770609124353627
W4,26.796164999999995,0.208855839663084,GaussianProcess,0.2676813548761537
W4,28.668585,0.2099999740848035,GaussianProcess,0.2581024490331536
W4,30.569549999999992,0.2100000000000015,GaussianProcess,0.24911163360793404
W4,32.40478999999999,0.2100000269061986,GaussianProcess,0.2415075461710695
W4,34.207085,0.2110272617520388,GaussianProcess,0.23522564166146465
W4,36.09936,0.2149988878211717,GaussianProcess,0.22991665132431857
W4,37.92096,0.2188499196433788,GaussianProcess,0.22598114790220558
W4,40.026689999999995,0.2200000000000021,GaussianProcess,0.22270409754293066
W4,41.830964999999985,0.2200014813268546,GaussianProcess,0.22080983339567956
W4,43.55724999999999,0.221219544629641,GaussianProcess,0.21962996613839275
W4,45.36894999999999,0.2282664138483714,GaussianProcess,0.21890178647739672
W4,47.216015,0.2459264134270239,GaussianProcess,0.21854217888025684
W4,49.101910000000004,0.262229753765211,GaussianProcess,0.21842441867911339
W5,0.0,0.1550451411591239,GaussianProcess,0.151309475633821
W5,1.711545,0.1600000001636488,GaussianProcess,0.13882841752252276
W5,3.2595199999999998,0.2100000001795408,GaussianProcess,0.1323776655361681
W5,4.92338,0.2100000000848325,GaussianProcess,0.13013010877025155
W5,6.626290000000001,0.2200000003785476,GaussianProcess,0.1324945495440904
W5,8.106174999999999,0.2200000000000008,GaussianProcess,0.13720256600188646
W5,9.15222,0.2200000000000287,GaussianProcess,0.14140054503626337
W6,0.0,0.0865377445802467,GaussianProcess,0.08583760906294503
W6,1.0039700000000003,0.1099958757218318,GaussianProcess,0.08784569646378122
W6,2.53033,0.1149992438053285,GaussianProcess,0.10255840914346372
W6,4.043105,0.1200000086645176,GaussianProcess,0.12462157235824124
W6,5.531735,0.1250264209843548,GaussianProcess,0.13038455135591692
W6,7.085705,0.1401542838756046,GaussianProcess,0.1383471378535858
W6,8.309619999999999,0.1548355300140057,GaussianProcess,0.1474633470441701
W6,9.805235,0.1599999962375352,GaussianProcess,0.1578176201312218
W6,11.334620000000001,0.1700995679994255,GaussianProcess,0.1668911061501786
W6,12.854104999999997,0.1901284042665345,GaussianProcess,0.17566130879346512
W6,14.351755,0.2146816790523195,GaussianProcess,0.18582351722267434
W6,15.85771,0.2300000099759007,GaussianProcess,0.19822840742996273
W6,17.345955,0.2400298558413153,GaussianProcess,0.21133394951692006
W6,18.757035,0.2553631729338995,GaussianProcess,0.22231711716457594
W7,0.0,0.0758517909308511,GaussianProcess,0.07536295902846347
W7,1.6699099999999991,0.085001676274057,GaussianProcess,0.0807047130973901
W7,3.381125,0.0900000000000022,GaussianProcess,0.1015273188979699
W7,5.047515,0.1649451759121449,GaussianProcess,0.11895249975028391
W7,6.812849999999999,0.2449768854259969,GaussianProcess,0.1268878793683424
W7,8.505309999999998,0.2550053070450557,GaussianProcess,0.1435917612449817
W7,10.219825000000002,0.280002682246859,GaussianProcess,0.1735385080131076
W7,11.932195,0.3000000000000423,GaussianProcess,0.2041425946298197
W8,0.0,0.0839014886495303,GaussianProcess,0.083823777602631
W8,1.6955400000000003,0.1017097190073083,GaussianProcess,0.11695968751039554
W8,3.36248,0.1188731403693272,GaussianProcess,0.13308576162101415
W8,5.064455000000001,0.1398178550114088,GaussianProcess,0.13064420896706547
W8,6.7155000000000005,0.1489007678747748,GaussianProcess,0.1421955803610981
W8,8.409115,0.1628092293738541,GaussianProcess,0.15944990014146915
W8,10.064450000000003,0.1787370624851241,GaussianProcess,0.166957997109599
W8,11.717585,0.1929300919729634,GaussianProcess,0.17796597429183292
W8,13.335795000000001,0.2064496616619702,GaussianProcess,0.19516190268591097
W8,15.195675000000001,0.2221669204282988,GaussianProcess,0.20895180784062944
W8,17.05836,0.2426248985040502,GaussianProcess,0.21321071500231792
W8,18.608919999999998,0.2581703417265271,GaussianProcess,0.2163810368370632
W8,20.469955000000002,0.2743572617180311,GaussianProcess,0.22194449489634355
W8,22.330495,0.278565587246249,GaussianProcess,0.2233027353912366
W8,24.175085,0.2799987948981544,GaussianProcess,0.2164029728389328
W8,26.03964,0.281371522451777,GaussianProcess,0.20385453767387432
W8,27.90051,0.284999880272086,GaussianProcess,0.19111271319025655
W8,29.76512,0.2886341901097337,GaussianProcess,0.18151013706207955
W8,31.59772,0.2899948220936311,GaussianProcess,0.17570378929528865
W8,33.436095,0.2900000000000031,GaussianProcess,0.1726011298019207
W8,35.247904999999996,0.2900000000000028,GaussianProcess,0.17113222529567243
W8,37.05537,0.2900000000000026,GaussianProcess,0.1704654668879231
W8,38.87262499999999,0.2900048916444913,GaussianProcess,0.1701608728300375
W8,40.71649999999999,0.2913731116138268,GaussianProcess,0.17001235718642216
W8,42.57615999999999,0.2949994773999964,GaussianProcess,0.1699345508043643
W8,44.44230999999999,0.2986371036403106,GaussianProcess,0.16989167360423058
W8,46.30037499999998,0.3000002245919483,GaussianProcess,0.16986688615067103
W8,48.157835,0.3013749510261464,GaussianProcess,0.16985065406570526
W8,50.018759999999986,0.3050311778381022,GaussianProcess,0.16983810170864205
W8,51.87902499999999,0.3088827049121251,GaussianProcess,0.16982744567802965
W8,53.74451499999999,0.3127480572846151,GaussianProcess,0.16981846114503515
W9,0.0,0.0749958958131854,GaussianProcess,0.07507469911599807
W9,1.4342899999999998,0.0849971444225325,GaussianProcess,0.0872784300730186
W9,2.78256,0.10499435854796,GaussianProcess,0.09132256642716849
W9,4.102945,0.1249984103124008,GaussianProcess,0.10588399829916842
W9,5.567375,0.144987003419801,GaussianProcess,0.15182913080700117
W9,6.820604999999999,0.1700006397672061,GaussianProcess,0.1764296286212521
W9,8.054585,0.1800000000000388,GaussianProcess,0.18434647301882948
W1,0.0,0.1273533823167991,MLP,0.278567044147153
W1,1.9318200000000003,0.1381901390916089,MLP,0.2293266424099693
W1,3.8816250000000005,0.1459060098458775,MLP,0.17308635924828633
W1,5.860635000000001,0.1555320783010579,MLP,0.11147490821085207
W1,7.707095000000001,0.1675549116381204,MLP,0.06460158815986394
W1,9.491734999999998,0.176850442237092,MLP,0.033742703597874624
W1,11.401885,0.18096034422861,MLP,0.015267952019241027
W1,13.297625,0.1861608368613749,MLP,0.009232015811167893
W1,15.163829999999999,0.1949240274915537,MLP,0.012878790824537245
W1,17.081349999999997,0.2039330641962862,MLP,0.024099303538525463
W1,18.966639999999995,0.2099330448291465,MLP,0.039895309309892935
W1,20.838015,0.2149832480967126,MLP,0.057620584929157004
W1,22.72083,0.2190721483949485,MLP,0.07522735477019932
W1,24.638294999999992,0.2208582714938907,MLP,0.09123235854117778
W1,26.563404999999996,0.2249995230220028,MLP,0.10438611421969335
W1,28.401944999999998,0.2289990720714768,MLP,0.11392569639326863
W1,30.276674999999994,0.2300000000000017,MLP,0.12071607227903863
W1,31.905995,0.2300002123807955,MLP,0.1244557933433719
W1,33.741345,0.2313819787446651,MLP,0.1266124371869233
W1,35.36263499999999,0.2350007586112319,MLP,0.12701105632966306
W1,36.77800500000001,0.2382539610435244,MLP,0.1264158289266962
W1,37.41754499999999,0.2395623323643711,MLP,0.12590335497058908
W1,38.27911999999999,0.2412604757355036,MLP,0.12500532840792355
W1,39.92515999999999,0.2450124252278978,MLP,0.1227264814308893
W1,41.45603,0.2490069209169561,MLP,0.12007778438858233
W1,42.545855,0.252266877254014,MLP,0.11795433457301713
W1,43.64184,0.2550602066520381,MLP,0.11566553472897273
W1,45.447160000000004,0.2595897919604978,MLP,0.11165322605911543
W1,46.680865,0.2627168726924778,MLP,0.10879771678541625
W2,0.0,0.0600000000000008,MLP,0.06320393837349869
W2,1.11397,0.0600000000000002,MLP,0.07590047659185864
W2,2.4547600000000003,0.0600005192455571,MLP,0.09208616134506978
W2,4.134019999999999,0.0644755804556153,MLP,0.11809725705681287
W2,5.244689999999999,0.0688909249880413,MLP,0.13733186518118903
W2,7.106824999999999,0.0700000000000005,MLP,0.17009232771679564
W2,9.044749999999999,0.0700000000000009,MLP,0.20026734365301838
W2,10.926245,0.0746324641425199,MLP,0.2210319178934416
W2,12.782879999999997,0.0800000000000017,MLP,0.23039140114980397
W2,14.688079999999998,0.0800000000000022,MLP,0.22803147309848712
W2,16.56259,0.0999111584037817,MLP,0.21568864808829905
W2,18.497875,0.120000000000041,MLP,0.19584735196187478
W2,19.605080000000005,0.1397766297764946,MLP,0.18268058451925298
W2,21.500490000000006,0.1600000000000526,MLP,0.1591959753926037
W2,23.457500000000007,0.1898347755407307,MLP,0.13578145678882922
W2,25.386020000000006,0.2200000000001323,MLP,0.11504578229924153
W2,27.197115000000004,0.2200000000000628,MLP,0.09828133156886029
W3,0.0,0.0600000000000007,MLP,0.07927692998248198
W3,2.046825,0.0650369773604848,MLP,0.08024883460581594
W3,4.056305,0.0749587007635104,MLP,0.06894604840412799
W3,6.08465,0.0800000000000005,MLP,0.04949433860480312
W3,8.045455,0.0899975709381158,MLP,0.03254036914092817
W3,10.049930000000002,0.1099885369981426,MLP,0.02886410373185533
W3,11.982905000000002,0.124967782374238,MLP,0.04411918832783007
W3,13.753905000000001,0.1351303937081217,MLP,0.073781411359443
W3,15.643485000000002,0.1551158688804145,MLP,0.11790045292483825
W3,17.494015000000005,0.1700000000000166,MLP,0.16840229745694674
W3,19.41940000000001,0.1700000000000216,MLP,0.22344663111781465
W4,0.0,0.0814036927952097,MLP,0.037037955539665546
W4,1.7602749999999998,0.0868384537961975,MLP,0.060401935923215994
W4,3.5461799999999997,0.0939996590396629,MLP,0.08796751486331736
W4,5.39913,0.1025301767682724,MLP,0.1277128584624946
W4,7.1848149999999995,0.1120515690456851,MLP,0.1726415799436675
W4,9.042329999999998,0.1224155848094941,MLP,0.22280935504843444
W4,10.883124999999996,0.1554030008015741,MLP,0.27271372831472973
W4,12.427855,0.184791212144845,MLP,0.3125005635684962
W4,14.140939999999995,0.1942391535975402,MLP,0.35236375107755646
W4,15.992569999999994,0.1986928143963282,MLP,0.388495735149077
W4,17.805755,0.199999914530234,MLP,0.41545471535539713
W4,19.612724999999994,0.2000000000000013,MLP,0.43329214309592334
W4,21.39588,0.2000004201145267,MLP,0.44202768885665544
W4,23.185744999999997,0.2012111113014649,MLP,0.4425490939422101
W4,24.971539999999994,0.2049991078691562,MLP,0.4359845445285847
W4,26.796164999999995,0.208855839663084,MLP,0.42355886927548236
W4,28.668585,0.2099999740848035,MLP,0.40668371802172965
W4,30.569549999999992,0.2100000000000015,MLP,0.38721020481219726
W4,32.40478999999999,0.2100000269061986,MLP,0.36776301026156355
W4,34.207085,0.2110272617520388,MLP,0.349200087530399
W4,36.09936,0.2149988878211717,MLP,0.33111678023246993
W4,37.92096,0.2188499196433788,MLP,0.3155434161393583
W4,40.026689999999995,0.2200000000000021,MLP,0.3000481874640337
W4,41.830964999999985,0.2200014813268546,MLP,0.28892972397261407
W4,43.55724999999999,0.221219544629641,MLP,0.2800678674816074
W4,45.36894999999999,0.2282664138483714,MLP,0.27248933276084075
W4,47.216015,0.2459264134270239,MLP,0.2663978254081363
W4,49.101910000000004,0.262229753765211,MLP,0.2616833738245865
W5,0.0,0.1550451411591239,MLP,0.2720285993803973
W5,1.711545,0.1600000001636488,MLP,0.2891313235938039
W5,3.2595199999999998,0.2100000001795408,MLP,0.29656372799473374
W5,4.92338,0.2100000000848325,MLP,0.29896842271400265
W5,6.626290000000001,0.2200000003785476,MLP,0.29849719740017205
W5,8.106174999999999,0.2200000000000008,MLP,0.2969977086654902
W5,9.15222,0.2200000000000287,MLP,0.2957974030833417
W6,0.0,0.0865377445802467,MLP,0.07594962698350774
W6,1.0039700000000003,0.1099958757218318,MLP,0.05700293707118739
W6,2.53033,0.1149992438053285,MLP,0.03850278762705131
W6,4.043105,0.1200000086645176,MLP,0.027217671722428782
W6,5.531735,0.1250264209843548,MLP,0.02255337179550987
W6,7.085705,0.1401542838756046,MLP,0.02437751529801732
W6,8.309619999999999,0.1548355300140057,MLP,0.030940626229290863
W6,9.805235,0.1599999962375352,MLP,0.04585722743097101
W6,11.334620000000001,0.1700995679994255,MLP,0.06985787553189268
W6,12.854104999999997,0.1901284042665345,MLP,0.10274584358880215
W6,14.351755,0.2146816790523195,MLP,0.14292194636980723
W6,15.85771,0.2300000099759007,MLP,0.18859865097451736
W6,17.345955,0.2400298558413153,MLP,0.23564131660603202
W6,18.757035,0.2553631729338995,MLP,0.2789924433507157
W7,0.0,0.0758517909308511,MLP,0.09236034826013495
W7,1.6699099999999991,0.085001676274057,MLP,0.13010914626618716
W7,3.381125,0.0900000000000022,MLP,0.1347445150577437
W7,5.047515,0.1649451759121449,MLP,0.12708125526954728
W7,6.812849999999999,0.2449768854259969,MLP,0.11166674776815871
W7,8.505309999999998,0.2550053070450557,MLP,0.09404924171092882
W7,10.219825000000002,0.280002682246859,MLP,0.07643893132333368
W7,11.932195,0.3000000000000423,MLP,0.061122144337649176
W8,0.0,0.0839014886495303,MLP,0.026016687130008487
W8,1.6955400000000003,0.1017097190073083,MLP,0.013511179818247676
W8,3.36248,0.1188731403693272,MLP,0.02033520220565954
W8,5.064455000000001,0.1398178550114088,MLP,0.03291637196649333
W8,6.7155000000000005,0.1489007678747748,MLP,0.04747053008117896
W8,8.409115,0.1628092293738541,MLP,0.06452501779517505
W8,10.064450000000003,0.1787370624851241,MLP,0.08332749018188707
W8,11.717585,0.1929300919729634,MLP,0.10390171787711217
W8,13.335795000000001,0.2064496616619702,MLP,0.1250872339854796
W8,15.195675000000001,0.2221669204282988,MLP,0.14951871164615055
W8,17.05836,0.2426248985040502,MLP,0.1726825878169213
W8,18.608919999999998,0.2581703417265271,MLP,0.19007010870792207
W8,20.469955000000002,0.2743572617180311,MLP,0.2079517071556875
W8,22.330495,0.278565587246249,MLP,0.2222835195799046
W8,24.175085,0.2799987948981544,MLP,0.2331772641518426
W8,26.03964,0.281371522451777,MLP,0.24139913533084098
W8,27.90051,0.284999880272086,MLP,0.24757675333489443
W8,29.76512,0.2886341901097337,MLP,0.25254927138200284
W8,31.59772,0.2899948220936311,MLP,0.25696861240353697
W8,33.436095,0.2900000000000031,MLP,0.2615185754957708
W8,35.247904999999996,0.2900000000000028,MLP,0.26653311938800084
W8,37.05537,0.2900000000000026,MLP,0.2723253344669153
W8,38.87262499999999,0.2900048916444913,MLP,0.279081379715892
W8,40.71649999999999,0.2913731116138268,MLP,0.28692476097368425
W8,42.57615999999999,0.2949994773999964,MLP,0.2957919599605807
W8,44.44230999999999,0.2986371036403106,MLP,0.3055426860161923
W8,46.30037499999998,0.3000002245919483,MLP,0.315950123548983
W8,48.157835,0.3013749510261464,MLP,0.32688538775754405
W8,50.018759999999986,0.3050311778381022,MLP,0.33820586944312403
W8,51.87902499999999,0.3088827049121251,MLP,0.3497284743417665
W8,53.74451499999999,0.3127480572846151,MLP,0.36134683132820145
W9,0.0,0.0749958958131854,MLP,0.1422221937608081
W9,1.4342899999999998,0.0849971444225325,MLP,0.22744006120769114
W9,2.78256,0.10499435854796,MLP,0.2989585298398699
W9,4.102945,0.1249984103124008,MLP,0.3626242530411897
W9,5.567375,0.144987003419801,MLP,0.4185468678864821
W9,6.820604999999999,0.1700006397672061,MLP,0.4513675129891158
W9,8.054585,0.1800000000000388,MLP,0.46961279990076854
