dataset,series_id,threshold_mm,life_min,event,censor_time_min,final_wear_mm,aux_threshold_mm,aux_life_min,aux_event,initial_wear_mm,speed_rpm,feed_mm_tooth,depth_mm,log_speed_ref,log_feed_ref,log_depth_ref
NUAA,W1,0.25,41.78802291640056,1,,0.2627168726924778,0.22,23.71691082944211,1,0.1273533823167991,1750.0,0.045,2.5,-0.028170876966696335,-0.1053605156578264,-0.1823215567939546
NUAA,W2,0.25,27.197115000000004,0,27.197115000000004,0.2200000000000628,0.22,25.386019999991547,1,0.0600000000000008,1800.0,0.045,3.0,0.0,-0.1053605156578264,0.0
NUAA,W3,0.25,19.41940000000001,0,19.41940000000001,0.1700000000000216,0.22,19.41940000000001,0,0.0600000000000007,1850.0,0.045,3.5,0.027398974188114347,-0.1053605156578264,0.15415067982725836
NUAA,W4,0.25,47.68722865258189,1,,0.262229753765211,0.22,40.02668999999613,1,0.0814036927952097,1750.0,0.05,3.0,-0.028170876966696335,0.0,0.0
NUAA,W5,0.25,9.15222,0,9.15222,0.2200000000000287,0.22,6.626289935536752,1,0.1550451411591239,1800.0,0.05,3.5,0.0,0.0,0.15415067982725836
NUAA,W6,0.25,18.263477994828104,1,,0.2553631729338995,0.22,14.874602564967724,1,0.0865377445802467,1850.0,0.05,2.5,0.027398974188114347,0.0,-0.1823215567939546
NUAA,W7,0.25,7.660582655731237,1,,0.3000000000000423,0.22,6.2619112495804465,1,0.0758517909308511,1750.0,0.055,3.5,-0.028170876966696335,0.09531017980432474,0.15415067982725836
NUAA,W8,0.25,17.793979899149964,1,,0.3127480572846151,0.22,14.939255478879794,1,0.0839014886495303,1800.0,0.055,2.5,0.0,0.09531017980432474,-0.1823215567939546
NUAA,W9,0.25,8.054585,0,8.054585,0.1800000000000388,0.22,8.054585,0,0.0749958958131854,1850.0,0.055,3.0,0.027398974188114347,0.09531017980432474,0.0
